panel,x_species,x_feed_mol_h,y_species,y_feed_mol_h,fixed_species,fixed_feed_mol_h,co_feed_mol_h,h2_feed_mol_h,n2_feed_mol_h,total_feed_mol_h,co_conversion_pct,status,solver_message
H2_vs_CO_at_fixed_N2,CO,0.24,H2,0.2,N2,0.799,0.24,0.2,0.799,1.239,38.20045544037961,completed,The solver successfully reached the end of the integration interval.
H2_vs_CO_at_fixed_N2,CO,0.24888888888888888,H2,0.2,N2,0.799,0.24888888888888888,0.2,0.799,1.2478888888888888,37.005473399035814,completed,The solver successfully reached the end of the integration interval.
H2_vs_CO_at_fixed_N2,CO,0.2577777777777778,H2,0.2,N2,0.799,0.2577777777777778,0.2,0.799,1.2567777777777778,35.878678734168545,completed,The solver successfully reached the end of the integration interval.
H2_vs_CO_at_fixed_N2,CO,0.26666666666666666,H2,0.2,N2,0.799,0.26666666666666666,0.2,0.799,1.2656666666666667,34.81452521816746,completed,The solver successfully reached the end of the integration interval.
H2_vs_CO_at_fixed_N2,CO,0.27555555555555555,H2,0.2,N2,0.799,0.27555555555555555,0.2,0.799,1.2745555555555557,33.808034055436856,completed,The solver successfully reached the end of the integration interval.
H2_vs_CO_at_fixed_N2,CO,0.28444444444444444,H2,0.2,N2,0.799,0.28444444444444444,0.2,0.799,1.2834444444444446,32.85472600747675,completed,The solver successfully reached the end of the integration interval.
H2_vs_CO_at_fixed_N2,CO,0.29333333333333333,H2,0.2,N2,0.799,0.29333333333333333,0.2,0.799,1.2923333333333333,31.950566657689144,completed,The solver successfully reached the end of the integration interval.
H2_vs_CO_at_fixed_N2,CO,0.3022222222222222,H2,0.2,N2,0.799,0.3022222222222222,0.2,0.799,1.3012222222222223,31.09191035362178,completed,The solver successfully reached the end of the integration interval.
H2_vs_CO_at_fixed_N2,CO,0.3111111111111111,H2,0.2,N2,0.799,0.3111111111111111,0.2,0.799,1.3101111111111112,30.275452467420088,completed,The solver successfully reached the end of the integration interval.
H2_vs_CO_at_fixed_N2,CO,0.32,H2,0.2,N2,0.799,0.32,0.2,0.799,1.319,29.49819790167194,completed,The solver successfully reached the end of the integration interval.
H2_vs_CO_at_fixed_N2,CO,0.3288888888888889,H2,0.2,N2,0.799,0.3288888888888889,0.2,0.799,1.327888888888889,28.757424371496075,completed,The solver successfully reached the end of the integration interval.
H2_vs_CO_at_fixed_N2,CO,0.3377777777777778,H2,0.2,N2,0.799,0.3377777777777778,0.2,0.799,1.3367777777777778,28.050652711269425,completed,The solver successfully reached the end of the integration interval.
H2_vs_CO_at_fixed_N2,CO,0.3466666666666667,H2,0.2,N2,0.799,0.3466666666666667,0.2,0.799,1.3456666666666668,27.3756206652278,completed,The solver successfully reached the end of the integration interval.
H2_vs_CO_at_fixed_N2,CO,0.35555555555555557,H2,0.2,N2,0.799,0.35555555555555557,0.2,0.799,1.3545555555555557,26.730260478189038,completed,The solver successfully reached the end of the integration interval.
H2_vs_CO_at_fixed_N2,CO,0.36444444444444446,H2,0.2,N2,0.799,0.36444444444444446,0.2,0.799,1.3634444444444445,26.112678435348162,completed,The solver successfully reached the end of the integration interval.
H2_vs_CO_at_fixed_N2,CO,0.37333333333333335,H2,0.2,N2,0.799,0.37333333333333335,0.2,0.799,1.3723333333333334,25.521137073393106,completed,The solver successfully reached the end of the integration interval.
H2_vs_CO_at_fixed_N2,CO,0.38222222222222224,H2,0.2,N2,0.799,0.38222222222222224,0.2,0.799,1.3812222222222224,24.954040223386777,completed,The solver successfully reached the end of the integration interval.
H2_vs_CO_at_fixed_N2,CO,0.39111111111111113,H2,0.2,N2,0.799,0.39111111111111113,0.2,0.799,1.390111111111111,24.40991828095596,completed,The solver successfully reached the end of the integration interval.
H2_vs_CO_at_fixed_N2,CO,0.4,H2,0.2,N2,0.799,0.4,0.2,0.799,1.399,23.887416494935334,completed,The solver successfully reached the end of the integration interval.
H2_vs_CO_at_fixed_N2,CO,0.24,H2,0.25555555555555554,N2,0.799,0.24,0.25555555555555554,0.799,1.2945555555555557,49.18686799600198,completed,The solver successfully reached the end of the integration interval.
H2_vs_CO_at_fixed_N2,CO,0.24888888888888888,H2,0.25555555555555554,N2,0.799,0.24888888888888888,0.25555555555555554,0.799,1.3034444444444444,47.72307899205826,completed,The solver successfully reached the end of the integration interval.
H2_vs_CO_at_fixed_N2,CO,0.2577777777777778,H2,0.25555555555555554,N2,0.799,0.2577777777777778,0.25555555555555554,0.799,1.3123333333333334,46.33633602923903,completed,The solver successfully reached the end of the integration interval.
H2_vs_CO_at_fixed_N2,CO,0.26666666666666666,H2,0.25555555555555554,N2,0.799,0.26666666666666666,0.25555555555555554,0.799,1.3212222222222223,45.0211654691965,completed,The solver successfully reached the end of the integration interval.
H2_vs_CO_at_fixed_N2,CO,0.27555555555555555,H2,0.25555555555555554,N2,0.799,0.27555555555555555,0.25555555555555554,0.799,1.330111111111111,43.772529511362606,completed,The solver successfully reached the end of the integration interval.
H2_vs_CO_at_fixed_N2,CO,0.28444444444444444,H2,0.25555555555555554,N2,0.799,0.28444444444444444,0.25555555555555554,0.799,1.339,42.58582511959818,completed,The solver successfully reached the end of the integration interval.
H2_vs_CO_at_fixed_N2,CO,0.29333333333333333,H2,0.25555555555555554,N2,0.799,0.29333333333333333,0.25555555555555554,0.799,1.347888888888889,41.45676629103921,completed,The solver successfully reached the end of the integration interval.
H2_vs_CO_at_fixed_N2,CO,0.3022222222222222,H2,0.25555555555555554,N2,0.799,0.3022222222222222,0.25555555555555554,0.799,1.3567777777777779,40.38146391365275,completed,The solver successfully reached the end of the integration interval.
H2_vs_CO_at_fixed_N2,CO,0.3111111111111111,H2,0.25555555555555554,N2,0.799,0.3111111111111111,0.25555555555555554,0.799,1.3656666666666668,39.35633571312232,completed,The solver successfully reached the end of the integration interval.
H2_vs_CO_at_fixed_N2,CO,0.32,H2,0.25555555555555554,N2,0.799,0.32,0.25555555555555554,0.799,1.3745555555555555,38.37808689971761,completed,The solver successfully reached the end of the integration interval.
H2_vs_CO_at_fixed_N2,CO,0.3288888888888889,H2,0.25555555555555554,N2,0.799,0.3288888888888889,0.25555555555555554,0.799,1.3834444444444445,37.443690284633526,completed,The solver successfully reached the end of the integration interval.
H2_vs_CO_at_fixed_N2,CO,0.3377777777777778,H2,0.25555555555555554,N2,0.799,0.3377777777777778,0.25555555555555554,0.799,1.3923333333333334,36.550360740237814,completed,The solver successfully reached the end of the integration interval.
H2_vs_CO_at_fixed_N2,CO,0.3466666666666667,H2,0.25555555555555554,N2,0.799,0.3466666666666667,0.25555555555555554,0.799,1.4012222222222221,35.69552421930401,completed,The solver successfully reached the end of the integration interval.
H2_vs_CO_at_fixed_N2,CO,0.35555555555555557,H2,0.25555555555555554,N2,0.799,0.35555555555555557,0.25555555555555554,0.799,1.410111111111111,34.87683691903041,completed,The solver successfully reached the end of the integration interval.
H2_vs_CO_at_fixed_N2,CO,0.36444444444444446,H2,0.25555555555555554,N2,0.799,0.36444444444444446,0.25555555555555554,0.799,1.419,34.09210662948615,completed,The solver successfully reached the end of the integration interval.
H2_vs_CO_at_fixed_N2,CO,0.37333333333333335,H2,0.25555555555555554,N2,0.799,0.37333333333333335,0.25555555555555554,0.799,1.427888888888889,33.33931825180689,completed,The solver successfully reached the end of the integration interval.
H2_vs_CO_at_fixed_N2,CO,0.38222222222222224,H2,0.25555555555555554,N2,0.799,0.38222222222222224,0.25555555555555554,0.799,1.436777777777778,32.61660787440658,completed,The solver successfully reached the end of the integration interval.
H2_vs_CO_at_fixed_N2,CO,0.39111111111111113,H2,0.25555555555555554,N2,0.799,0.39111111111111113,0.25555555555555554,0.799,1.4456666666666667,31.922250240227275,completed,The solver successfully reached the end of the integration interval.
H2_vs_CO_at_fixed_N2,CO,0.4,H2,0.25555555555555554,N2,0.799,0.4,0.25555555555555554,0.799,1.4545555555555556,31.254646093909482,completed,The solver successfully reached the end of the integration interval.
H2_vs_CO_at_fixed_N2,CO,0.24,H2,0.3111111111111111,N2,0.799,0.24,0.3111111111111111,0.799,1.350111111111111,59.4425597377939,completed,The solver successfully reached the end of the integration interval.
H2_vs_CO_at_fixed_N2,CO,0.24888888888888888,H2,0.3111111111111111,N2,0.799,0.24888888888888888,0.3111111111111111,0.799,1.359,57.787808360939316,completed,The solver successfully reached the end of the integration interval.
H2_vs_CO_at_fixed_N2,CO,0.2577777777777778,H2,0.3111111111111111,N2,0.799,0.2577777777777778,0.3111111111111111,0.799,1.367888888888889,56.20947984026561,completed,The solver successfully reached the end of the integration interval.
H2_vs_CO_at_fixed_N2,CO,0.26666666666666666,H2,0.3111111111111111,N2,0.799,0.26666666666666666,0.3111111111111111,0.799,1.3767777777777779,54.703548776043206,completed,The solver successfully reached the end of the integration interval.
H2_vs_CO_at_fixed_N2,CO,0.27555555555555555,H2,0.3111111111111111,N2,0.799,0.27555555555555555,0.3111111111111111,0.799,1.3856666666666668,53.26607042937531,completed,The solver successfully reached the end of the integration interval.
H2_vs_CO_at_fixed_N2,CO,0.28444444444444444,H2,0.3111111111111111,N2,0.799,0.28444444444444444,0.3111111111111111,0.799,1.3945555555555555,51.89323126409256,completed,The solver successfully reached the end of the integration interval.
H2_vs_CO_at_fixed_N2,CO,0.29333333333333333,H2,0.3111111111111111,N2,0.799,0.29333333333333333,0.3111111111111111,0.799,1.4034444444444445,50.58137757673493,completed,The solver successfully reached the end of the integration interval.
H2_vs_CO_at_fixed_N2,CO,0.3022222222222222,H2,0.3111111111111111,N2,0.799,0.3022222222222222,0.3111111111111111,0.799,1.4123333333333334,49.327030896375646,completed,The solver successfully reached the end of the integration interval.
H2_vs_CO_at_fixed_N2,CO,0.3111111111111111,H2,0.3111111111111111,N2,0.799,0.3111111111111111,0.3111111111111111,0.799,1.4212222222222222,48.12690252139086,completed,The solver successfully reached the end of the integration interval.
H2_vs_CO_at_fixed_N2,CO,0.32,H2,0.3111111111111111,N2,0.799,0.32,0.3111111111111111,0.799,1.430111111111111,46.977894177899124,completed,The solver successfully reached the end of the integration interval.
H2_vs_CO_at_fixed_N2,CO,0.3288888888888889,H2,0.3111111111111111,N2,0.799,0.3288888888888889,0.3111111111111111,0.799,1.439,45.877093654763215,completed,The solver successfully reached the end of the integration interval.
H2_vs_CO_at_fixed_N2,CO,0.3377777777777778,H2,0.3111111111111111,N2,0.799,0.3377777777777778,0.3111111111111111,0.799,1.447888888888889,44.8217758343997,completed,The solver successfully reached the end of the integration interval.
H2_vs_CO_at_fixed_N2,CO,0.3466666666666667,H2,0.3111111111111111,N2,0.799,0.3466666666666667,0.3111111111111111,0.799,1.456777777777778,43.80937969326749,completed,The solver successfully reached the end of the integration interval.
H2_vs_CO_at_fixed_N2,CO,0.35555555555555557,H2,0.3111111111111111,N2,0.799,0.35555555555555557,0.3111111111111111,0.799,1.4656666666666667,42.83751215407665,completed,The solver successfully reached the end of the integration interval.
H2_vs_CO_at_fixed_N2,CO,0.36444444444444446,H2,0.3111111111111111,N2,0.799,0.36444444444444446,0.3111111111111111,0.799,1.4745555555555556,41.9039317842021,completed,The solver successfully reached the end of the integration interval.
H2_vs_CO_at_fixed_N2,CO,0.37333333333333335,H2,0.3111111111111111,N2,0.799,0.37333333333333335,0.3111111111111111,0.799,1.4834444444444446,41.00655572439283,completed,The solver successfully reached the end of the integration interval.
H2_vs_CO_at_fixed_N2,CO,0.38222222222222224,H2,0.3111111111111111,N2,0.799,0.38222222222222224,0.3111111111111111,0.799,1.4923333333333333,40.14342434358046,completed,The solver successfully reached the end of the integration interval.
H2_vs_CO_at_fixed_N2,CO,0.39111111111111113,H2,0.3111111111111111,N2,0.799,0.39111111111111113,0.3111111111111111,0.799,1.5012222222222222,39.312709751036415,completed,The solver successfully reached the end of the integration interval.
H2_vs_CO_at_fixed_N2,CO,0.4,H2,0.3111111111111111,N2,0.799,0.4,0.3111111111111111,0.799,1.5101111111111112,38.5127036036404,completed,The solver successfully reached the end of the integration interval.
H2_vs_CO_at_fixed_N2,CO,0.24,H2,0.3666666666666667,N2,0.799,0.24,0.3666666666666667,0.799,1.4056666666666668,68.69992854724686,completed,The solver successfully reached the end of the integration interval.
H2_vs_CO_at_fixed_N2,CO,0.24888888888888888,H2,0.3666666666666667,N2,0.799,0.24888888888888888,0.3666666666666667,0.799,1.4145555555555556,66.95204968555115,completed,The solver successfully reached the end of the integration interval.
H2_vs_CO_at_fixed_N2,CO,0.2577777777777778,H2,0.3666666666666667,N2,0.799,0.2577777777777778,0.3666666666666667,0.799,1.4234444444444445,65.2685393517609,completed,The solver successfully reached the end of the integration interval.
H2_vs_CO_at_fixed_N2,CO,0.26666666666666666,H2,0.3666666666666667,N2,0.799,0.26666666666666666,0.3666666666666667,0.799,1.4323333333333335,63.64834929736075,completed,The solver successfully reached the end of the integration interval.
H2_vs_CO_at_fixed_N2,CO,0.27555555555555555,H2,0.3666666666666667,N2,0.799,0.27555555555555555,0.3666666666666667,0.799,1.4412222222222222,62.08994998322085,completed,The solver successfully reached the end of the integration interval.
H2_vs_CO_at_fixed_N2,CO,0.28444444444444444,H2,0.3666666666666667,N2,0.799,0.28444444444444444,0.3666666666666667,0.799,1.4501111111111111,60.59146613677221,completed,The solver successfully reached the end of the integration interval.
H2_vs_CO_at_fixed_N2,CO,0.29333333333333333,H2,0.3666666666666667,N2,0.799,0.29333333333333333,0.3666666666666667,0.799,1.459,59.15082199488197,completed,The solver successfully reached the end of the integration interval.
H2_vs_CO_at_fixed_N2,CO,0.3022222222222222,H2,0.3666666666666667,N2,0.799,0.3022222222222222,0.3666666666666667,0.799,1.467888888888889,57.76578674288907,completed,The solver successfully reached the end of the integration interval.
H2_vs_CO_at_fixed_N2,CO,0.3111111111111111,H2,0.3666666666666667,N2,0.799,0.3111111111111111,0.3666666666666667,0.799,1.476777777777778,56.43407063778903,completed,The solver successfully reached the end of the integration interval.
H2_vs_CO_at_fixed_N2,CO,0.32,H2,0.3666666666666667,N2,0.799,0.32,0.3666666666666667,0.799,1.4856666666666667,55.15337608979309,completed,The solver successfully reached the end of the integration interval.
H2_vs_CO_at_fixed_N2,CO,0.3288888888888889,H2,0.3666666666666667,N2,0.799,0.3288888888888889,0.3666666666666667,0.799,1.4945555555555556,53.92142774046944,completed,The solver successfully reached the end of the integration interval.
H2_vs_CO_at_fixed_N2,CO,0.3377777777777778,H2,0.3666666666666667,N2,0.799,0.3377777777777778,0.3666666666666667,0.799,1.5034444444444446,52.73599402532896,completed,The solver successfully reached the end of the integration interval.
H2_vs_CO_at_fixed_N2,CO,0.3466666666666667,H2,0.3666666666666667,N2,0.799,0.3466666666666667,0.3666666666666667,0.799,1.5123333333333333,51.59492716212624,completed,The solver successfully reached the end of the integration interval.
H2_vs_CO_at_fixed_N2,CO,0.35555555555555557,H2,0.3666666666666667,N2,0.799,0.35555555555555557,0.3666666666666667,0.799,1.5212222222222223,50.49613215753032,completed,The solver successfully reached the end of the integration interval.
H2_vs_CO_at_fixed_N2,CO,0.36444444444444446,H2,0.3666666666666667,N2,0.799,0.36444444444444446,0.3666666666666667,0.799,1.5301111111111112,49.437610652075854,completed,The solver successfully reached the end of the integration interval.
H2_vs_CO_at_fixed_N2,CO,0.37333333333333335,H2,0.3666666666666667,N2,0.799,0.37333333333333335,0.3666666666666667,0.799,1.5390000000000001,48.41745403334593,completed,The solver successfully reached the end of the integration interval.
H2_vs_CO_at_fixed_N2,CO,0.38222222222222224,H2,0.3666666666666667,N2,0.799,0.38222222222222224,0.3666666666666667,0.799,1.547888888888889,47.43383347365577,completed,The solver successfully reached the end of the integration interval.
H2_vs_CO_at_fixed_N2,CO,0.39111111111111113,H2,0.3666666666666667,N2,0.799,0.39111111111111113,0.3666666666666667,0.799,1.5567777777777778,46.48501510266328,completed,The solver successfully reached the end of the integration interval.
H2_vs_CO_at_fixed_N2,CO,0.4,H2,0.3666666666666667,N2,0.799,0.4,0.3666666666666667,0.799,1.5656666666666668,45.56935168703713,completed,The solver successfully reached the end of the integration interval.
H2_vs_CO_at_fixed_N2,CO,0.24,H2,0.399,N2,0.799,0.24,0.399,0.799,1.4380000000000002,73.53364380434924,completed,The solver successfully reached the end of the integration interval.
H2_vs_CO_at_fixed_N2,CO,0.24888888888888888,H2,0.399,N2,0.799,0.24888888888888888,0.399,0.799,1.446888888888889,71.78287656372574,completed,The solver successfully reached the end of the integration interval.
H2_vs_CO_at_fixed_N2,CO,0.2577777777777778,H2,0.399,N2,0.799,0.2577777777777778,0.399,0.799,1.4557777777777778,70.08378984087122,completed,The solver successfully reached the end of the integration interval.
H2_vs_CO_at_fixed_N2,CO,0.26666666666666666,H2,0.399,N2,0.799,0.26666666666666666,0.399,0.799,1.4646666666666668,68.4377844665585,completed,The solver successfully reached the end of the integration interval.
H2_vs_CO_at_fixed_N2,CO,0.27555555555555555,H2,0.399,N2,0.799,0.27555555555555555,0.399,0.799,1.4735555555555555,66.84535908457686,completed,The solver successfully reached the end of the integration interval.
H2_vs_CO_at_fixed_N2,CO,0.28444444444444444,H2,0.399,N2,0.799,0.28444444444444444,0.399,0.799,1.4824444444444445,65.30635591677428,completed,The solver successfully reached the end of the integration interval.
H2_vs_CO_at_fixed_N2,CO,0.29333333333333333,H2,0.399,N2,0.799,0.29333333333333333,0.399,0.799,1.4913333333333334,63.819980243243194,completed,The solver successfully reached the end of the integration interval.
H2_vs_CO_at_fixed_N2,CO,0.3022222222222222,H2,0.399,N2,0.799,0.3022222222222222,0.399,0.799,1.5002222222222223,62.385216951622,completed,The solver successfully reached the end of the integration interval.
H2_vs_CO_at_fixed_N2,CO,0.3111111111111111,H2,0.399,N2,0.799,0.3111111111111111,0.399,0.799,1.5091111111111113,61.00050953501306,completed,The solver successfully reached the end of the integration interval.
H2_vs_CO_at_fixed_N2,CO,0.32,H2,0.399,N2,0.799,0.32,0.399,0.799,1.518,59.66450585690253,completed,The solver successfully reached the end of the integration interval.
H2_vs_CO_at_fixed_N2,CO,0.3288888888888889,H2,0.399,N2,0.799,0.3288888888888889,0.399,0.799,1.526888888888889,58.375570869677716,completed,The solver successfully reached the end of the integration interval.
H2_vs_CO_at_fixed_N2,CO,0.3377777777777778,H2,0.399,N2,0.799,0.3377777777777778,0.399,0.799,1.535777777777778,57.13188446090282,completed,The solver successfully reached the end of the integration interval.
H2_vs_CO_at_fixed_N2,CO,0.3466666666666667,H2,0.399,N2,0.799,0.3466666666666667,0.399,0.799,1.5446666666666666,55.93178814656087,completed,The solver successfully reached the end of the integration interval.
H2_vs_CO_at_fixed_N2,CO,0.35555555555555557,H2,0.399,N2,0.799,0.35555555555555557,0.399,0.799,1.5535555555555556,54.77356264710673,completed,The solver successfully reached the end of the integration interval.
H2_vs_CO_at_fixed_N2,CO,0.36444444444444446,H2,0.399,N2,0.799,0.36444444444444446,0.399,0.799,1.5624444444444445,53.6554737955215,completed,The solver successfully reached the end of the integration interval.
H2_vs_CO_at_fixed_N2,CO,0.37333333333333335,H2,0.399,N2,0.799,0.37333333333333335,0.399,0.799,1.5713333333333335,52.57586464643591,completed,The solver successfully reached the end of the integration interval.
H2_vs_CO_at_fixed_N2,CO,0.38222222222222224,H2,0.399,N2,0.799,0.38222222222222224,0.399,0.799,1.5802222222222224,51.533110208858155,completed,The solver successfully reached the end of the integration interval.
H2_vs_CO_at_fixed_N2,CO,0.39111111111111113,H2,0.399,N2,0.799,0.39111111111111113,0.399,0.799,1.5891111111111111,50.525638430864085,completed,The solver successfully reached the end of the integration interval.
H2_vs_CO_at_fixed_N2,CO,0.4,H2,0.399,N2,0.799,0.4,0.399,0.799,1.598,49.55192192194758,completed,The solver successfully reached the end of the integration interval.
H2_vs_CO_at_fixed_N2,CO,0.24,H2,0.4222222222222222,N2,0.799,0.24,0.4222222222222222,0.799,1.4612222222222222,76.72569548641303,completed,The solver successfully reached the end of the integration interval.
H2_vs_CO_at_fixed_N2,CO,0.24888888888888888,H2,0.4222222222222222,N2,0.799,0.24888888888888888,0.4222222222222222,0.799,1.4701111111111111,74.99697484113935,completed,The solver successfully reached the end of the integration interval.
H2_vs_CO_at_fixed_N2,CO,0.2577777777777778,H2,0.4222222222222222,N2,0.799,0.2577777777777778,0.4222222222222222,0.799,1.479,73.30867498513331,completed,The solver successfully reached the end of the integration interval.
H2_vs_CO_at_fixed_N2,CO,0.26666666666666666,H2,0.4222222222222222,N2,0.799,0.26666666666666666,0.4222222222222222,0.799,1.487888888888889,71.66407142785441,completed,The solver successfully reached the end of the integration interval.
H2_vs_CO_at_fixed_N2,CO,0.27555555555555555,H2,0.4222222222222222,N2,0.799,0.27555555555555555,0.4222222222222222,0.799,1.4967777777777778,70.06519161954074,completed,The solver successfully reached the end of the integration interval.
H2_vs_CO_at_fixed_N2,CO,0.28444444444444444,H2,0.4222222222222222,N2,0.799,0.28444444444444444,0.4222222222222222,0.799,1.5056666666666667,68.51319517741416,completed,The solver successfully reached the end of the integration interval.
H2_vs_CO_at_fixed_N2,CO,0.29333333333333333,H2,0.4222222222222222,N2,0.799,0.29333333333333333,0.4222222222222222,0.799,1.5145555555555557,67.00853128451814,completed,The solver successfully reached the end of the integration interval.
H2_vs_CO_at_fixed_N2,CO,0.3022222222222222,H2,0.4222222222222222,N2,0.799,0.3022222222222222,0.4222222222222222,0.799,1.5234444444444444,65.55106449235949,completed,The solver successfully reached the end of the integration interval.
H2_vs_CO_at_fixed_N2,CO,0.3111111111111111,H2,0.4222222222222222,N2,0.799,0.3111111111111111,0.4222222222222222,0.799,1.5323333333333333,64.14026349043357,completed,The solver successfully reached the end of the integration interval.
H2_vs_CO_at_fixed_N2,CO,0.32,H2,0.4222222222222222,N2,0.799,0.32,0.4222222222222222,0.799,1.5412222222222223,62.77529173912869,completed,The solver successfully reached the end of the integration interval.
H2_vs_CO_at_fixed_N2,CO,0.3288888888888889,H2,0.4222222222222222,N2,0.799,0.3288888888888889,0.4222222222222222,0.799,1.5501111111111112,61.455094341185635,completed,The solver successfully reached the end of the integration interval.
H2_vs_CO_at_fixed_N2,CO,0.3377777777777778,H2,0.4222222222222222,N2,0.799,0.3377777777777778,0.4222222222222222,0.799,1.5590000000000002,60.1784609192545,completed,The solver successfully reached the end of the integration interval.
H2_vs_CO_at_fixed_N2,CO,0.3466666666666667,H2,0.4222222222222222,N2,0.799,0.3466666666666667,0.4222222222222222,0.799,1.5678888888888889,58.94404930814444,completed,The solver successfully reached the end of the integration interval.
H2_vs_CO_at_fixed_N2,CO,0.35555555555555557,H2,0.4222222222222222,N2,0.799,0.35555555555555557,0.4222222222222222,0.799,1.5767777777777778,57.750485804218265,completed,The solver successfully reached the end of the integration interval.
H2_vs_CO_at_fixed_N2,CO,0.36444444444444446,H2,0.4222222222222222,N2,0.799,0.36444444444444446,0.4222222222222222,0.799,1.5856666666666668,56.596343908903165,completed,The solver successfully reached the end of the integration interval.
H2_vs_CO_at_fixed_N2,CO,0.37333333333333335,H2,0.4222222222222222,N2,0.799,0.37333333333333335,0.4222222222222222,0.799,1.5945555555555555,55.48018962096478,completed,The solver successfully reached the end of the integration interval.
H2_vs_CO_at_fixed_N2,CO,0.38222222222222224,H2,0.4222222222222222,N2,0.799,0.38222222222222224,0.4222222222222222,0.799,1.6034444444444444,54.4004701180182,completed,The solver successfully reached the end of the integration interval.
H2_vs_CO_at_fixed_N2,CO,0.39111111111111113,H2,0.4222222222222222,N2,0.799,0.39111111111111113,0.4222222222222222,0.799,1.6123333333333334,53.356027748246305,completed,The solver successfully reached the end of the integration interval.
H2_vs_CO_at_fixed_N2,CO,0.4,H2,0.4222222222222222,N2,0.799,0.4,0.4222222222222222,0.799,1.6212222222222223,52.34535373519811,completed,The solver successfully reached the end of the integration interval.
H2_vs_CO_at_fixed_N2,CO,0.24,H2,0.4777777777777778,N2,0.799,0.24,0.4777777777777778,0.799,1.5167777777777778,83.34610088991475,completed,The solver successfully reached the end of the integration interval.
H2_vs_CO_at_fixed_N2,CO,0.24888888888888888,H2,0.4777777777777778,N2,0.799,0.24888888888888888,0.4777777777777778,0.799,1.5256666666666667,81.75055495921619,completed,The solver successfully reached the end of the integration interval.
H2_vs_CO_at_fixed_N2,CO,0.2577777777777778,H2,0.4777777777777778,N2,0.799,0.2577777777777778,0.4777777777777778,0.799,1.5345555555555557,80.16233130742678,completed,The solver successfully reached the end of the integration interval.
H2_vs_CO_at_fixed_N2,CO,0.26666666666666666,H2,0.4777777777777778,N2,0.799,0.26666666666666666,0.4777777777777778,0.799,1.5434444444444444,78.5892300005217,completed,The solver successfully reached the end of the integration interval.
H2_vs_CO_at_fixed_N2,CO,0.27555555555555555,H2,0.4777777777777778,N2,0.799,0.27555555555555555,0.4777777777777778,0.799,1.5523333333333333,77.0374456251015,completed,The solver successfully reached the end of the integration interval.
H2_vs_CO_at_fixed_N2,CO,0.28444444444444444,H2,0.4777777777777778,N2,0.799,0.28444444444444444,0.4777777777777778,0.799,1.5612222222222223,75.51158851562066,completed,The solver successfully reached the end of the integration interval.
H2_vs_CO_at_fixed_N2,CO,0.29333333333333333,H2,0.4777777777777778,N2,0.799,0.29333333333333333,0.4777777777777778,0.799,1.5701111111111112,74.01511487737427,completed,The solver successfully reached the end of the integration interval.
H2_vs_CO_at_fixed_N2,CO,0.3022222222222222,H2,0.4777777777777778,N2,0.799,0.3022222222222222,0.4777777777777778,0.799,1.5790000000000002,72.55101331975918,completed,The solver successfully reached the end of the integration interval.
H2_vs_CO_at_fixed_N2,CO,0.3111111111111111,H2,0.4777777777777778,N2,0.799,0.3111111111111111,0.4777777777777778,0.799,1.587888888888889,71.12092773875918,completed,The solver successfully reached the end of the integration interval.
H2_vs_CO_at_fixed_N2,CO,0.32,H2,0.4777777777777778,N2,0.799,0.32,0.4777777777777778,0.799,1.5967777777777779,69.72606084196379,completed,The solver successfully reached the end of the integration interval.
H2_vs_CO_at_fixed_N2,CO,0.3288888888888889,H2,0.4777777777777778,N2,0.799,0.3288888888888889,0.4777777777777778,0.799,1.6056666666666668,68.36714374556445,completed,The solver successfully reached the end of the integration interval.
H2_vs_CO_at_fixed_N2,CO,0.3377777777777778,H2,0.4777777777777778,N2,0.799,0.3377777777777778,0.4777777777777778,0.799,1.6145555555555555,67.0443099671026,completed,The solver successfully reached the end of the integration interval.
H2_vs_CO_at_fixed_N2,CO,0.3466666666666667,H2,0.4777777777777778,N2,0.799,0.3466666666666667,0.4777777777777778,0.799,1.6234444444444445,65.75768188778524,completed,The solver successfully reached the end of the integration interval.
H2_vs_CO_at_fixed_N2,CO,0.35555555555555557,H2,0.4777777777777778,N2,0.799,0.35555555555555557,0.4777777777777778,0.799,1.6323333333333334,64.50690681139976,completed,The solver successfully reached the end of the integration interval.
H2_vs_CO_at_fixed_N2,CO,0.36444444444444446,H2,0.4777777777777778,N2,0.799,0.36444444444444446,0.4777777777777778,0.799,1.6412222222222224,63.29149674589317,completed,The solver successfully reached the end of the integration interval.
H2_vs_CO_at_fixed_N2,CO,0.37333333333333335,H2,0.4777777777777778,N2,0.799,0.37333333333333335,0.4777777777777778,0.799,1.6501111111111113,62.11081361267345,completed,The solver successfully reached the end of the integration interval.
H2_vs_CO_at_fixed_N2,CO,0.38222222222222224,H2,0.4777777777777778,N2,0.799,0.38222222222222224,0.4777777777777778,0.799,1.659,60.964107889055086,completed,The solver successfully reached the end of the integration interval.
H2_vs_CO_at_fixed_N2,CO,0.39111111111111113,H2,0.4777777777777778,N2,0.799,0.39111111111111113,0.4777777777777778,0.799,1.667888888888889,59.850549621627955,completed,The solver successfully reached the end of the integration interval.
H2_vs_CO_at_fixed_N2,CO,0.4,H2,0.4777777777777778,N2,0.799,0.4,0.4777777777777778,0.799,1.676777777777778,58.76925522509671,completed,The solver successfully reached the end of the integration interval.
H2_vs_CO_at_fixed_N2,CO,0.24,H2,0.5333333333333333,N2,0.799,0.24,0.5333333333333333,0.799,1.5723333333333334,88.488806902561,completed,The solver successfully reached the end of the integration interval.
H2_vs_CO_at_fixed_N2,CO,0.24888888888888888,H2,0.5333333333333333,N2,0.799,0.24888888888888888,0.5333333333333333,0.799,1.5812222222222223,87.12156927245171,completed,The solver successfully reached the end of the integration interval.
H2_vs_CO_at_fixed_N2,CO,0.2577777777777778,H2,0.5333333333333333,N2,0.799,0.2577777777777778,0.5333333333333333,0.799,1.5901111111111113,85.72640858518812,completed,The solver successfully reached the end of the integration interval.
H2_vs_CO_at_fixed_N2,CO,0.26666666666666666,H2,0.5333333333333333,N2,0.799,0.26666666666666666,0.5333333333333333,0.799,1.599,84.3140891614922,completed,The solver successfully reached the end of the integration interval.
H2_vs_CO_at_fixed_N2,CO,0.27555555555555555,H2,0.5333333333333333,N2,0.799,0.27555555555555555,0.5333333333333333,0.799,1.607888888888889,82.89354456001293,completed,The solver successfully reached the end of the integration interval.
H2_vs_CO_at_fixed_N2,CO,0.28444444444444444,H2,0.5333333333333333,N2,0.799,0.28444444444444444,0.5333333333333333,0.799,1.6167777777777779,81.47297656725053,completed,The solver successfully reached the end of the integration interval.
H2_vs_CO_at_fixed_N2,CO,0.29333333333333333,H2,0.5333333333333333,N2,0.799,0.29333333333333333,0.5333333333333333,0.799,1.6256666666666666,80.05886111402884,completed,The solver successfully reached the end of the integration interval.
H2_vs_CO_at_fixed_N2,CO,0.3022222222222222,H2,0.5333333333333333,N2,0.799,0.3022222222222222,0.5333333333333333,0.799,1.6345555555555555,78.65645626170506,completed,The solver successfully reached the end of the integration interval.
H2_vs_CO_at_fixed_N2,CO,0.3111111111111111,H2,0.5333333333333333,N2,0.799,0.3111111111111111,0.5333333333333333,0.799,1.6434444444444445,77.27032934535823,completed,The solver successfully reached the end of the integration interval.
H2_vs_CO_at_fixed_N2,CO,0.32,H2,0.5333333333333333,N2,0.799,0.32,0.5333333333333333,0.799,1.6523333333333334,75.9038769202466,completed,The solver successfully reached the end of the integration interval.
H2_vs_CO_at_fixed_N2,CO,0.3288888888888889,H2,0.5333333333333333,N2,0.799,0.3288888888888889,0.5333333333333333,0.799,1.6612222222222224,74.55984292457833,completed,The solver successfully reached the end of the integration interval.
H2_vs_CO_at_fixed_N2,CO,0.3377777777777778,H2,0.5333333333333333,N2,0.799,0.3377777777777778,0.5333333333333333,0.799,1.670111111111111,73.24033240698115,completed,The solver successfully reached the end of the integration interval.
H2_vs_CO_at_fixed_N2,CO,0.3466666666666667,H2,0.5333333333333333,N2,0.799,0.3466666666666667,0.5333333333333333,0.799,1.679,71.94691831493338,completed,The solver successfully reached the end of the integration interval.
H2_vs_CO_at_fixed_N2,CO,0.35555555555555557,H2,0.5333333333333333,N2,0.799,0.35555555555555557,0.5333333333333333,0.799,1.687888888888889,70.68073162463118,completed,The solver successfully reached the end of the integration interval.
H2_vs_CO_at_fixed_N2,CO,0.36444444444444446,H2,0.5333333333333333,N2,0.799,0.36444444444444446,0.5333333333333333,0.799,1.6967777777777777,69.4425111403713,completed,The solver successfully reached the end of the integration interval.
H2_vs_CO_at_fixed_N2,CO,0.37333333333333335,H2,0.5333333333333333,N2,0.799,0.37333333333333335,0.5333333333333333,0.799,1.7056666666666667,68.23270408695781,completed,The solver successfully reached the end of the integration interval.
H2_vs_CO_at_fixed_N2,CO,0.38222222222222224,H2,0.5333333333333333,N2,0.799,0.38222222222222224,0.5333333333333333,0.799,1.7145555555555556,67.05150696728595,completed,The solver successfully reached the end of the integration interval.
H2_vs_CO_at_fixed_N2,CO,0.39111111111111113,H2,0.5333333333333333,N2,0.799,0.39111111111111113,0.5333333333333333,0.799,1.7234444444444446,65.89891308281179,completed,The solver successfully reached the end of the integration interval.
H2_vs_CO_at_fixed_N2,CO,0.4,H2,0.5333333333333333,N2,0.799,0.4,0.5333333333333333,0.799,1.7323333333333335,64.77480139265107,completed,The solver successfully reached the end of the integration interval.
H2_vs_CO_at_fixed_N2,CO,0.24,H2,0.5888888888888888,N2,0.799,0.24,0.5888888888888888,0.799,1.6278888888888887,92.21985583673565,completed,The solver successfully reached the end of the integration interval.
H2_vs_CO_at_fixed_N2,CO,0.24888888888888888,H2,0.5888888888888888,N2,0.799,0.24888888888888888,0.5888888888888888,0.799,1.6367777777777777,91.1350652802573,completed,The solver successfully reached the end of the integration interval.
H2_vs_CO_at_fixed_N2,CO,0.2577777777777778,H2,0.5888888888888888,N2,0.799,0.2577777777777778,0.5888888888888888,0.799,1.6456666666666666,89.99441351539328,completed,The solver successfully reached the end of the integration interval.
H2_vs_CO_at_fixed_N2,CO,0.26666666666666666,H2,0.5888888888888888,N2,0.799,0.26666666666666666,0.5888888888888888,0.799,1.6545555555555556,88.80827925322208,completed,The solver successfully reached the end of the integration interval.
H2_vs_CO_at_fixed_N2,CO,0.27555555555555555,H2,0.5888888888888888,N2,0.799,0.27555555555555555,0.5888888888888888,0.799,1.6634444444444445,87.58647704645746,completed,The solver successfully reached the end of the integration interval.
H2_vs_CO_at_fixed_N2,CO,0.28444444444444444,H2,0.5888888888888888,N2,0.799,0.28444444444444444,0.5888888888888888,0.799,1.6723333333333332,86.33824069336058,completed,The solver successfully reached the end of the integration interval.
H2_vs_CO_at_fixed_N2,CO,0.29333333333333333,H2,0.5888888888888888,N2,0.799,0.29333333333333333,0.5888888888888888,0.799,1.6812222222222222,85.0718108828931,completed,The solver successfully reached the end of the integration interval.
H2_vs_CO_at_fixed_N2,CO,0.3022222222222222,H2,0.5888888888888888,N2,0.799,0.3022222222222222,0.5888888888888888,0.799,1.6901111111111111,83.79452184884742,completed,The solver successfully reached the end of the integration interval.
H2_vs_CO_at_fixed_N2,CO,0.3111111111111111,H2,0.5888888888888888,N2,0.799,0.3111111111111111,0.5888888888888888,0.799,1.6989999999999998,82.51260515368467,completed,The solver successfully reached the end of the integration interval.
H2_vs_CO_at_fixed_N2,CO,0.32,H2,0.5888888888888888,N2,0.799,0.32,0.5888888888888888,0.799,1.7078888888888888,81.23163767644851,completed,The solver successfully reached the end of the integration interval.
H2_vs_CO_at_fixed_N2,CO,0.3288888888888889,H2,0.5888888888888888,N2,0.799,0.3288888888888889,0.5888888888888888,0.799,1.7167777777777777,79.95624968523182,completed,The solver successfully reached the end of the integration interval.
H2_vs_CO_at_fixed_N2,CO,0.3377777777777778,H2,0.5888888888888888,N2,0.799,0.3377777777777778,0.5888888888888888,0.799,1.7256666666666667,78.69034545017111,completed,The solver successfully reached the end of the integration interval.
H2_vs_CO_at_fixed_N2,CO,0.3466666666666667,H2,0.5888888888888888,N2,0.799,0.3466666666666667,0.5888888888888888,0.799,1.7345555555555556,77.43716303026581,completed,The solver successfully reached the end of the integration interval.
H2_vs_CO_at_fixed_N2,CO,0.35555555555555557,H2,0.5888888888888888,N2,0.799,0.35555555555555557,0.5888888888888888,0.799,1.7434444444444444,76.19927068939666,completed,The solver successfully reached the end of the integration interval.
H2_vs_CO_at_fixed_N2,CO,0.36444444444444446,H2,0.5888888888888888,N2,0.799,0.36444444444444446,0.5888888888888888,0.799,1.7523333333333333,74.9789909870493,completed,The solver successfully reached the end of the integration interval.
H2_vs_CO_at_fixed_N2,CO,0.37333333333333335,H2,0.5888888888888888,N2,0.799,0.37333333333333335,0.5888888888888888,0.799,1.7612222222222222,73.7779248264405,completed,The solver successfully reached the end of the integration interval.
H2_vs_CO_at_fixed_N2,CO,0.38222222222222224,H2,0.5888888888888888,N2,0.799,0.38222222222222224,0.5888888888888888,0.799,1.770111111111111,72.5974196016411,completed,The solver successfully reached the end of the integration interval.
H2_vs_CO_at_fixed_N2,CO,0.39111111111111113,H2,0.5888888888888888,N2,0.799,0.39111111111111113,0.5888888888888888,0.799,1.779,71.43842720723873,completed,The solver successfully reached the end of the integration interval.
H2_vs_CO_at_fixed_N2,CO,0.4,H2,0.5888888888888888,N2,0.799,0.4,0.5888888888888888,0.799,1.7878888888888889,70.30174112527982,completed,The solver successfully reached the end of the integration interval.
H2_vs_CO_at_fixed_N2,CO,0.24,H2,0.6444444444444444,N2,0.799,0.24,0.6444444444444444,0.799,1.6834444444444445,94.74314636181224,completed,The solver successfully reached the end of the integration interval.
H2_vs_CO_at_fixed_N2,CO,0.24888888888888888,H2,0.6444444444444444,N2,0.799,0.24888888888888888,0.6444444444444444,0.799,1.6923333333333332,93.94276868949318,completed,The solver successfully reached the end of the integration interval.
H2_vs_CO_at_fixed_N2,CO,0.2577777777777778,H2,0.6444444444444444,N2,0.799,0.2577777777777778,0.6444444444444444,0.799,1.7012222222222222,93.07318237627726,completed,The solver successfully reached the end of the integration interval.
H2_vs_CO_at_fixed_N2,CO,0.26666666666666666,H2,0.6444444444444444,N2,0.799,0.26666666666666666,0.6444444444444444,0.799,1.7101111111111111,92.14132697662802,completed,The solver successfully reached the end of the integration interval.
H2_vs_CO_at_fixed_N2,CO,0.27555555555555555,H2,0.6444444444444444,N2,0.799,0.27555555555555555,0.6444444444444444,0.799,1.7189999999999999,91.1547546750662,completed,The solver successfully reached the end of the integration interval.
H2_vs_CO_at_fixed_N2,CO,0.28444444444444444,H2,0.6444444444444444,N2,0.799,0.28444444444444444,0.6444444444444444,0.799,1.7278888888888888,90.12130785177371,completed,The solver successfully reached the end of the integration interval.
H2_vs_CO_at_fixed_N2,CO,0.29333333333333333,H2,0.6444444444444444,N2,0.799,0.29333333333333333,0.6444444444444444,0.799,1.7367777777777778,89.04875563773608,completed,The solver successfully reached the end of the integration interval.
H2_vs_CO_at_fixed_N2,CO,0.3022222222222222,H2,0.6444444444444444,N2,0.799,0.3022222222222222,0.6444444444444444,0.799,1.7456666666666667,87.94464834554594,completed,The solver successfully reached the end of the integration interval.
H2_vs_CO_at_fixed_N2,CO,0.3111111111111111,H2,0.6444444444444444,N2,0.799,0.3111111111111111,0.6444444444444444,0.799,1.7545555555555556,86.81600978498375,completed,The solver successfully reached the end of the integration interval.
H2_vs_CO_at_fixed_N2,CO,0.32,H2,0.6444444444444444,N2,0.799,0.32,0.6444444444444444,0.799,1.7634444444444444,85.66928181492021,completed,The solver successfully reached the end of the integration interval.
H2_vs_CO_at_fixed_N2,CO,0.3288888888888889,H2,0.6444444444444444,N2,0.799,0.3288888888888889,0.6444444444444444,0.799,1.7723333333333333,84.51031310499407,completed,The solver successfully reached the end of the integration interval.
H2_vs_CO_at_fixed_N2,CO,0.3377777777777778,H2,0.6444444444444444,N2,0.799,0.3377777777777778,0.6444444444444444,0.799,1.7812222222222223,83.34427193883285,completed,The solver successfully reached the end of the integration interval.
H2_vs_CO_at_fixed_N2,CO,0.3466666666666667,H2,0.6444444444444444,N2,0.799,0.3466666666666667,0.6444444444444444,0.799,1.790111111111111,82.17573284750877,completed,The solver successfully reached the end of the integration interval.
H2_vs_CO_at_fixed_N2,CO,0.35555555555555557,H2,0.6444444444444444,N2,0.799,0.35555555555555557,0.6444444444444444,0.799,1.799,81.00866679576151,completed,The solver successfully reached the end of the integration interval.
H2_vs_CO_at_fixed_N2,CO,0.36444444444444446,H2,0.6444444444444444,N2,0.799,0.36444444444444446,0.6444444444444444,0.799,1.8078888888888889,79.84650517955694,completed,The solver successfully reached the end of the integration interval.
H2_vs_CO_at_fixed_N2,CO,0.37333333333333335,H2,0.6444444444444444,N2,0.799,0.37333333333333335,0.6444444444444444,0.799,1.8167777777777778,78.69217717044292,completed,The solver successfully reached the end of the integration interval.
H2_vs_CO_at_fixed_N2,CO,0.38222222222222224,H2,0.6444444444444444,N2,0.799,0.38222222222222224,0.6444444444444444,0.799,1.8256666666666668,77.54813108893129,completed,The solver successfully reached the end of the integration interval.
H2_vs_CO_at_fixed_N2,CO,0.39111111111111113,H2,0.6444444444444444,N2,0.799,0.39111111111111113,0.6444444444444444,0.799,1.8345555555555555,76.41642458559139,completed,The solver successfully reached the end of the integration interval.
H2_vs_CO_at_fixed_N2,CO,0.4,H2,0.6444444444444444,N2,0.799,0.4,0.6444444444444444,0.799,1.8434444444444444,75.29875732934855,completed,The solver successfully reached the end of the integration interval.
H2_vs_CO_at_fixed_N2,CO,0.24,H2,0.7,N2,0.799,0.24,0.7,0.799,1.7389999999999999,96.34764182181677,completed,The solver successfully reached the end of the integration interval.
H2_vs_CO_at_fixed_N2,CO,0.24888888888888888,H2,0.7,N2,0.799,0.24888888888888888,0.7,0.799,1.7478888888888888,95.7901243815828,completed,The solver successfully reached the end of the integration interval.
H2_vs_CO_at_fixed_N2,CO,0.2577777777777778,H2,0.7,N2,0.799,0.2577777777777778,0.7,0.799,1.7567777777777778,95.16553707775026,completed,The solver successfully reached the end of the integration interval.
H2_vs_CO_at_fixed_N2,CO,0.26666666666666666,H2,0.7,N2,0.799,0.26666666666666666,0.7,0.799,1.7656666666666667,94.47588657080749,completed,The solver successfully reached the end of the integration interval.
H2_vs_CO_at_fixed_N2,CO,0.27555555555555555,H2,0.7,N2,0.799,0.27555555555555555,0.7,0.799,1.7745555555555557,93.72465418837717,completed,The solver successfully reached the end of the integration interval.
H2_vs_CO_at_fixed_N2,CO,0.28444444444444444,H2,0.7,N2,0.799,0.28444444444444444,0.7,0.799,1.7834444444444444,92.91642167247038,completed,The solver successfully reached the end of the integration interval.
H2_vs_CO_at_fixed_N2,CO,0.29333333333333333,H2,0.7,N2,0.799,0.29333333333333333,0.7,0.799,1.7923333333333333,92.05652448601084,completed,The solver successfully reached the end of the integration interval.
H2_vs_CO_at_fixed_N2,CO,0.3022222222222222,H2,0.7,N2,0.799,0.3022222222222222,0.7,0.799,1.8012222222222223,91.15089335855167,completed,The solver successfully reached the end of the integration interval.
H2_vs_CO_at_fixed_N2,CO,0.3111111111111111,H2,0.7,N2,0.799,0.3111111111111111,0.7,0.799,1.810111111111111,90.2053851796601,completed,The solver successfully reached the end of the integration interval.
H2_vs_CO_at_fixed_N2,CO,0.32,H2,0.7,N2,0.799,0.32,0.7,0.799,1.819,89.22604473631273,completed,The solver successfully reached the end of the integration interval.
H2_vs_CO_at_fixed_N2,CO,0.3288888888888889,H2,0.7,N2,0.799,0.3288888888888889,0.7,0.799,1.827888888888889,88.21872533412376,completed,The solver successfully reached the end of the integration interval.
H2_vs_CO_at_fixed_N2,CO,0.3377777777777778,H2,0.7,N2,0.799,0.3377777777777778,0.7,0.799,1.8367777777777778,87.1888899682196,completed,The solver successfully reached the end of the integration interval.
H2_vs_CO_at_fixed_N2,CO,0.3466666666666667,H2,0.7,N2,0.799,0.3466666666666667,0.7,0.799,1.8456666666666668,86.1416473943328,completed,The solver successfully reached the end of the integration interval.
H2_vs_CO_at_fixed_N2,CO,0.35555555555555557,H2,0.7,N2,0.799,0.35555555555555557,0.7,0.799,1.8545555555555555,85.08179285860396,completed,The solver successfully reached the end of the integration interval.
H2_vs_CO_at_fixed_N2,CO,0.36444444444444446,H2,0.7,N2,0.799,0.36444444444444446,0.7,0.799,1.8634444444444445,84.01354297420846,completed,The solver successfully reached the end of the integration interval.
H2_vs_CO_at_fixed_N2,CO,0.37333333333333335,H2,0.7,N2,0.799,0.37333333333333335,0.7,0.799,1.8723333333333334,82.94069664995504,completed,The solver successfully reached the end of the integration interval.
H2_vs_CO_at_fixed_N2,CO,0.38222222222222224,H2,0.7,N2,0.799,0.38222222222222224,0.7,0.799,1.8812222222222221,81.86666394401473,completed,The solver successfully reached the end of the integration interval.
H2_vs_CO_at_fixed_N2,CO,0.39111111111111113,H2,0.7,N2,0.799,0.39111111111111113,0.7,0.799,1.890111111111111,80.79439769384607,completed,The solver successfully reached the end of the integration interval.
H2_vs_CO_at_fixed_N2,CO,0.4,H2,0.7,N2,0.799,0.4,0.7,0.799,1.899,79.72648336910862,completed,The solver successfully reached the end of the integration interval.
H2_vs_CO_at_fixed_N2,CO,0.24,H2,0.7555555555555555,N2,0.799,0.24,0.7555555555555555,0.799,1.7945555555555557,97.32629332204807,completed,The solver successfully reached the end of the integration interval.
H2_vs_CO_at_fixed_N2,CO,0.24888888888888888,H2,0.7555555555555555,N2,0.799,0.24888888888888888,0.7555555555555555,0.799,1.8034444444444444,96.9504894330022,completed,The solver successfully reached the end of the integration interval.
H2_vs_CO_at_fixed_N2,CO,0.2577777777777778,H2,0.7555555555555555,N2,0.799,0.2577777777777778,0.7555555555555555,0.799,1.8123333333333334,96.51934286568505,completed,The solver successfully reached the end of the integration interval.
H2_vs_CO_at_fixed_N2,CO,0.26666666666666666,H2,0.7555555555555555,N2,0.799,0.26666666666666666,0.7555555555555555,0.799,1.8212222222222223,96.03113887162618,completed,The solver successfully reached the end of the integration interval.
H2_vs_CO_at_fixed_N2,CO,0.27555555555555555,H2,0.7555555555555555,N2,0.799,0.27555555555555555,0.7555555555555555,0.799,1.830111111111111,95.48550939657402,completed,The solver successfully reached the end of the integration interval.
H2_vs_CO_at_fixed_N2,CO,0.28444444444444444,H2,0.7555555555555555,N2,0.799,0.28444444444444444,0.7555555555555555,0.799,1.839,94.88336536067615,completed,The solver successfully reached the end of the integration interval.
H2_vs_CO_at_fixed_N2,CO,0.29333333333333333,H2,0.7555555555555555,N2,0.799,0.29333333333333333,0.7555555555555555,0.799,1.847888888888889,94.22678409457266,completed,The solver successfully reached the end of the integration interval.
H2_vs_CO_at_fixed_N2,CO,0.3022222222222222,H2,0.7555555555555555,N2,0.799,0.3022222222222222,0.7555555555555555,0.799,1.8567777777777779,93.51875663451845,completed,The solver successfully reached the end of the integration interval.
H2_vs_CO_at_fixed_N2,CO,0.3111111111111111,H2,0.7555555555555555,N2,0.799,0.3111111111111111,0.7555555555555555,0.799,1.8656666666666668,92.76293134173244,completed,The solver successfully reached the end of the integration interval.
H2_vs_CO_at_fixed_N2,CO,0.32,H2,0.7555555555555555,N2,0.799,0.32,0.7555555555555555,0.799,1.8745555555555555,91.96373899244162,completed,The solver successfully reached the end of the integration interval.
H2_vs_CO_at_fixed_N2,CO,0.3288888888888889,H2,0.7555555555555555,N2,0.799,0.3288888888888889,0.7555555555555555,0.799,1.8834444444444445,91.12565253638684,completed,The solver successfully reached the end of the integration interval.
H2_vs_CO_at_fixed_N2,CO,0.3377777777777778,H2,0.7555555555555555,N2,0.799,0.3377777777777778,0.7555555555555555,0.799,1.8923333333333334,90.25339646789922,completed,The solver successfully reached the end of the integration interval.
H2_vs_CO_at_fixed_N2,CO,0.3466666666666667,H2,0.7555555555555555,N2,0.799,0.3466666666666667,0.7555555555555555,0.799,1.9012222222222221,89.35167693287907,completed,The solver successfully reached the end of the integration interval.
H2_vs_CO_at_fixed_N2,CO,0.35555555555555557,H2,0.7555555555555555,N2,0.799,0.35555555555555557,0.7555555555555555,0.799,1.910111111111111,88.42524246417452,completed,The solver successfully reached the end of the integration interval.
H2_vs_CO_at_fixed_N2,CO,0.36444444444444446,H2,0.7555555555555555,N2,0.799,0.36444444444444446,0.7555555555555555,0.799,1.919,87.4781533788544,completed,The solver successfully reached the end of the integration interval.
H2_vs_CO_at_fixed_N2,CO,0.37333333333333335,H2,0.7555555555555555,N2,0.799,0.37333333333333335,0.7555555555555555,0.799,1.927888888888889,86.51471955378341,completed,The solver successfully reached the end of the integration interval.
H2_vs_CO_at_fixed_N2,CO,0.38222222222222224,H2,0.7555555555555555,N2,0.799,0.38222222222222224,0.7555555555555555,0.799,1.936777777777778,85.53877510830074,completed,The solver successfully reached the end of the integration interval.
H2_vs_CO_at_fixed_N2,CO,0.39111111111111113,H2,0.7555555555555555,N2,0.799,0.39111111111111113,0.7555555555555555,0.799,1.9456666666666667,84.55375230647427,completed,The solver successfully reached the end of the integration interval.
H2_vs_CO_at_fixed_N2,CO,0.4,H2,0.7555555555555555,N2,0.799,0.4,0.7555555555555555,0.799,1.9545555555555556,83.56303774163567,completed,The solver successfully reached the end of the integration interval.
H2_vs_CO_at_fixed_N2,CO,0.24,H2,0.8111111111111111,N2,0.799,0.24,0.8111111111111111,0.799,1.850111111111111,97.91592459303058,completed,The solver successfully reached the end of the integration interval.
H2_vs_CO_at_fixed_N2,CO,0.24888888888888888,H2,0.8111111111111111,N2,0.799,0.24888888888888888,0.8111111111111111,0.799,1.859,97.66298933493836,completed,The solver successfully reached the end of the integration interval.
H2_vs_CO_at_fixed_N2,CO,0.2577777777777778,H2,0.8111111111111111,N2,0.799,0.2577777777777778,0.8111111111111111,0.799,1.867888888888889,97.36929340324389,completed,The solver successfully reached the end of the integration interval.
H2_vs_CO_at_fixed_N2,CO,0.26666666666666666,H2,0.8111111111111111,N2,0.799,0.26666666666666666,0.8111111111111111,0.799,1.8767777777777779,97.0312798845769,completed,The solver successfully reached the end of the integration interval.
H2_vs_CO_at_fixed_N2,CO,0.27555555555555555,H2,0.8111111111111111,N2,0.799,0.27555555555555555,0.8111111111111111,0.799,1.8856666666666668,96.6462924791236,completed,The solver successfully reached the end of the integration interval.
H2_vs_CO_at_fixed_N2,CO,0.28444444444444444,H2,0.8111111111111111,N2,0.799,0.28444444444444444,0.8111111111111111,0.799,1.8945555555555555,96.21258624531629,completed,The solver successfully reached the end of the integration interval.
H2_vs_CO_at_fixed_N2,CO,0.29333333333333333,H2,0.8111111111111111,N2,0.799,0.29333333333333333,0.8111111111111111,0.799,1.9034444444444445,95.72943717637888,completed,The solver successfully reached the end of the integration interval.
H2_vs_CO_at_fixed_N2,CO,0.3022222222222222,H2,0.8111111111111111,N2,0.799,0.3022222222222222,0.8111111111111111,0.799,1.9123333333333334,95.19710755264322,completed,The solver successfully reached the end of the integration interval.
H2_vs_CO_at_fixed_N2,CO,0.3111111111111111,H2,0.8111111111111111,N2,0.799,0.3111111111111111,0.8111111111111111,0.799,1.9212222222222222,94.61673899886117,completed,The solver successfully reached the end of the integration interval.
H2_vs_CO_at_fixed_N2,CO,0.32,H2,0.8111111111111111,N2,0.799,0.32,0.8111111111111111,0.799,1.930111111111111,93.9902663370126,completed,The solver successfully reached the end of the integration interval.
H2_vs_CO_at_fixed_N2,CO,0.3288888888888889,H2,0.8111111111111111,N2,0.799,0.3288888888888889,0.8111111111111111,0.799,1.939,93.32019228788867,completed,The solver successfully reached the end of the integration interval.
H2_vs_CO_at_fixed_N2,CO,0.3377777777777778,H2,0.8111111111111111,N2,0.799,0.3377777777777778,0.8111111111111111,0.799,1.947888888888889,92.60976485901654,completed,The solver successfully reached the end of the integration interval.
H2_vs_CO_at_fixed_N2,CO,0.3466666666666667,H2,0.8111111111111111,N2,0.799,0.3466666666666667,0.8111111111111111,0.799,1.956777777777778,91.8623302540756,completed,The solver successfully reached the end of the integration interval.
H2_vs_CO_at_fixed_N2,CO,0.35555555555555557,H2,0.8111111111111111,N2,0.799,0.35555555555555557,0.8111111111111111,0.799,1.9656666666666667,91.08154213179296,completed,The solver successfully reached the end of the integration interval.
H2_vs_CO_at_fixed_N2,CO,0.36444444444444446,H2,0.8111111111111111,N2,0.799,0.36444444444444446,0.8111111111111111,0.799,1.9745555555555556,90.27118673004631,completed,The solver successfully reached the end of the integration interval.
H2_vs_CO_at_fixed_N2,CO,0.37333333333333335,H2,0.8111111111111111,N2,0.799,0.37333333333333335,0.8111111111111111,0.799,1.9834444444444446,89.43498560530357,completed,The solver successfully reached the end of the integration interval.
H2_vs_CO_at_fixed_N2,CO,0.38222222222222224,H2,0.8111111111111111,N2,0.799,0.38222222222222224,0.8111111111111111,0.799,1.9923333333333333,88.57664704733705,completed,The solver successfully reached the end of the integration interval.
H2_vs_CO_at_fixed_N2,CO,0.39111111111111113,H2,0.8111111111111111,N2,0.799,0.39111111111111113,0.8111111111111111,0.799,2.0012222222222222,87.69971945380217,completed,The solver successfully reached the end of the integration interval.
H2_vs_CO_at_fixed_N2,CO,0.4,H2,0.8111111111111111,N2,0.799,0.4,0.8111111111111111,0.799,2.010111111111111,86.8075676446789,completed,The solver successfully reached the end of the integration interval.
H2_vs_CO_at_fixed_N2,CO,0.24,H2,0.8666666666666667,N2,0.799,0.24,0.8666666666666667,0.799,1.9056666666666668,98.27818556354914,completed,The solver successfully reached the end of the integration interval.
H2_vs_CO_at_fixed_N2,CO,0.24888888888888888,H2,0.8666666666666667,N2,0.799,0.24888888888888888,0.8666666666666667,0.799,1.9145555555555556,98.10303227356857,completed,The solver successfully reached the end of the integration interval.
H2_vs_CO_at_fixed_N2,CO,0.2577777777777778,H2,0.8666666666666667,N2,0.799,0.2577777777777778,0.8666666666666667,0.799,1.9234444444444445,97.89995869739897,completed,The solver successfully reached the end of the integration interval.
H2_vs_CO_at_fixed_N2,CO,0.26666666666666666,H2,0.8666666666666667,N2,0.799,0.26666666666666666,0.8666666666666667,0.799,1.9323333333333335,97.665176508048,completed,The solver successfully reached the end of the integration interval.
H2_vs_CO_at_fixed_N2,CO,0.27555555555555555,H2,0.8666666666666667,N2,0.799,0.27555555555555555,0.8666666666666667,0.799,1.9412222222222222,97.39532207141754,completed,The solver successfully reached the end of the integration interval.
H2_vs_CO_at_fixed_N2,CO,0.28444444444444444,H2,0.8666666666666667,N2,0.799,0.28444444444444444,0.8666666666666667,0.799,1.9501111111111111,97.0874183695471,completed,The solver successfully reached the end of the integration interval.
H2_vs_CO_at_fixed_N2,CO,0.29333333333333333,H2,0.8666666666666667,N2,0.799,0.29333333333333333,0.8666666666666667,0.799,1.959,96.73913870013409,completed,The solver successfully reached the end of the integration interval.
H2_vs_CO_at_fixed_N2,CO,0.3022222222222222,H2,0.8666666666666667,N2,0.799,0.3022222222222222,0.8666666666666667,0.799,1.967888888888889,96.34888753539903,completed,The solver successfully reached the end of the integration interval.
H2_vs_CO_at_fixed_N2,CO,0.3111111111111111,H2,0.8666666666666667,N2,0.799,0.3111111111111111,0.8666666666666667,0.799,1.976777777777778,95.91578365025896,completed,The solver successfully reached the end of the integration interval.
H2_vs_CO_at_fixed_N2,CO,0.32,H2,0.8666666666666667,N2,0.799,0.32,0.8666666666666667,0.799,1.9856666666666667,95.43969184051466,completed,The solver successfully reached the end of the integration interval.
H2_vs_CO_at_fixed_N2,CO,0.3288888888888889,H2,0.8666666666666667,N2,0.799,0.3288888888888889,0.8666666666666667,0.799,1.9945555555555556,94.92119052677349,completed,The solver successfully reached the end of the integration interval.
H2_vs_CO_at_fixed_N2,CO,0.3377777777777778,H2,0.8666666666666667,N2,0.799,0.3377777777777778,0.8666666666666667,0.799,2.0034444444444444,94.36150097126347,completed,The solver successfully reached the end of the integration interval.
H2_vs_CO_at_fixed_N2,CO,0.3466666666666667,H2,0.8666666666666667,N2,0.799,0.3466666666666667,0.8666666666666667,0.799,2.0123333333333333,93.76238295987083,completed,The solver successfully reached the end of the integration interval.
H2_vs_CO_at_fixed_N2,CO,0.35555555555555557,H2,0.8666666666666667,N2,0.799,0.35555555555555557,0.8666666666666667,0.799,2.0212222222222223,93.12596750412409,completed,The solver successfully reached the end of the integration interval.
H2_vs_CO_at_fixed_N2,CO,0.36444444444444446,H2,0.8666666666666667,N2,0.799,0.36444444444444446,0.8666666666666667,0.799,2.030111111111111,92.45499389268551,completed,The solver successfully reached the end of the integration interval.
H2_vs_CO_at_fixed_N2,CO,0.37333333333333335,H2,0.8666666666666667,N2,0.799,0.37333333333333335,0.8666666666666667,0.799,2.039,91.75219757269923,completed,The solver successfully reached the end of the integration interval.
H2_vs_CO_at_fixed_N2,CO,0.38222222222222224,H2,0.8666666666666667,N2,0.799,0.38222222222222224,0.8666666666666667,0.799,2.047888888888889,91.02054423437794,completed,The solver successfully reached the end of the integration interval.
H2_vs_CO_at_fixed_N2,CO,0.39111111111111113,H2,0.8666666666666667,N2,0.799,0.39111111111111113,0.8666666666666667,0.799,2.056777777777778,90.26308336153899,completed,The solver successfully reached the end of the integration interval.
H2_vs_CO_at_fixed_N2,CO,0.4,H2,0.8666666666666667,N2,0.799,0.4,0.8666666666666667,0.799,2.065666666666667,89.48286429539512,completed,The solver successfully reached the end of the integration interval.
H2_vs_CO_at_fixed_N2,CO,0.24,H2,0.9222222222222223,N2,0.799,0.24,0.9222222222222223,0.799,1.9612222222222222,98.51127778055454,completed,The solver successfully reached the end of the integration interval.
H2_vs_CO_at_fixed_N2,CO,0.24888888888888888,H2,0.9222222222222223,N2,0.799,0.24888888888888888,0.9222222222222223,0.799,1.9701111111111111,98.38369651008774,completed,The solver successfully reached the end of the integration interval.
H2_vs_CO_at_fixed_N2,CO,0.2577777777777778,H2,0.9222222222222223,N2,0.799,0.2577777777777778,0.9222222222222223,0.799,1.979,98.23781373002316,completed,The solver successfully reached the end of the integration interval.
H2_vs_CO_at_fixed_N2,CO,0.26666666666666666,H2,0.9222222222222223,N2,0.799,0.26666666666666666,0.9222222222222223,0.799,1.987888888888889,98.07036758903995,completed,The solver successfully reached the end of the integration interval.
H2_vs_CO_at_fixed_N2,CO,0.27555555555555555,H2,0.9222222222222223,N2,0.799,0.27555555555555555,0.9222222222222223,0.799,1.996777777777778,97.87821424969366,completed,The solver successfully reached the end of the integration interval.
H2_vs_CO_at_fixed_N2,CO,0.28444444444444444,H2,0.9222222222222223,N2,0.799,0.28444444444444444,0.9222222222222223,0.799,2.005666666666667,97.65826091606417,completed,The solver successfully reached the end of the integration interval.
H2_vs_CO_at_fixed_N2,CO,0.29333333333333333,H2,0.9222222222222223,N2,0.799,0.29333333333333333,0.9222222222222223,0.799,2.014555555555556,97.40768244187554,completed,The solver successfully reached the end of the integration interval.
H2_vs_CO_at_fixed_N2,CO,0.3022222222222222,H2,0.9222222222222223,N2,0.799,0.3022222222222222,0.9222222222222223,0.799,2.0234444444444444,97.12406748076609,completed,The solver successfully reached the end of the integration interval.
H2_vs_CO_at_fixed_N2,CO,0.3111111111111111,H2,0.9222222222222223,N2,0.799,0.3111111111111111,0.9222222222222223,0.799,2.0323333333333333,96.80542044465778,completed,The solver successfully reached the end of the integration interval.
H2_vs_CO_at_fixed_N2,CO,0.32,H2,0.9222222222222223,N2,0.799,0.32,0.9222222222222223,0.799,2.0412222222222223,96.45025859806273,completed,The solver successfully reached the end of the integration interval.
H2_vs_CO_at_fixed_N2,CO,0.3288888888888889,H2,0.9222222222222223,N2,0.799,0.3288888888888889,0.9222222222222223,0.799,2.050111111111111,96.05767470115285,completed,The solver successfully reached the end of the integration interval.
H2_vs_CO_at_fixed_N2,CO,0.3377777777777778,H2,0.9222222222222223,N2,0.799,0.3377777777777778,0.9222222222222223,0.799,2.059,95.62735147239373,completed,The solver successfully reached the end of the integration interval.
H2_vs_CO_at_fixed_N2,CO,0.3466666666666667,H2,0.9222222222222223,N2,0.799,0.3466666666666667,0.9222222222222223,0.799,2.067888888888889,95.15949447041045,completed,The solver successfully reached the end of the integration interval.
H2_vs_CO_at_fixed_N2,CO,0.35555555555555557,H2,0.9222222222222223,N2,0.799,0.35555555555555557,0.9222222222222223,0.799,2.076777777777778,94.65483670434179,completed,The solver successfully reached the end of the integration interval.
H2_vs_CO_at_fixed_N2,CO,0.36444444444444446,H2,0.9222222222222223,N2,0.799,0.36444444444444446,0.9222222222222223,0.799,2.0856666666666666,94.11457390616259,completed,The solver successfully reached the end of the integration interval.
H2_vs_CO_at_fixed_N2,CO,0.37333333333333335,H2,0.9222222222222223,N2,0.799,0.37333333333333335,0.9222222222222223,0.799,2.0945555555555555,93.54030192294276,completed,The solver successfully reached the end of the integration interval.
H2_vs_CO_at_fixed_N2,CO,0.38222222222222224,H2,0.9222222222222223,N2,0.799,0.38222222222222224,0.9222222222222223,0.799,2.1034444444444444,92.93386591892579,completed,The solver successfully reached the end of the integration interval.
H2_vs_CO_at_fixed_N2,CO,0.39111111111111113,H2,0.9222222222222223,N2,0.799,0.39111111111111113,0.9222222222222223,0.799,2.1123333333333334,92.29753138556507,completed,The solver successfully reached the end of the integration interval.
H2_vs_CO_at_fixed_N2,CO,0.4,H2,0.9222222222222223,N2,0.799,0.4,0.9222222222222223,0.799,2.1212222222222223,91.63357888822672,completed,The solver successfully reached the end of the integration interval.
H2_vs_CO_at_fixed_N2,CO,0.24,H2,0.959,N2,0.799,0.24,0.959,0.799,1.998,98.6228098384528,completed,The solver successfully reached the end of the integration interval.
H2_vs_CO_at_fixed_N2,CO,0.24888888888888888,H2,0.959,N2,0.799,0.24888888888888888,0.959,0.799,2.0068888888888887,98.51596435909416,completed,The solver successfully reached the end of the integration interval.
H2_vs_CO_at_fixed_N2,CO,0.2577777777777778,H2,0.959,N2,0.799,0.2577777777777778,0.959,0.799,2.0157777777777777,98.39537127145954,completed,The solver successfully reached the end of the integration interval.
H2_vs_CO_at_fixed_N2,CO,0.26666666666666666,H2,0.959,N2,0.799,0.26666666666666666,0.959,0.799,2.0246666666666666,98.25837015174476,completed,The solver successfully reached the end of the integration interval.
H2_vs_CO_at_fixed_N2,CO,0.27555555555555555,H2,0.959,N2,0.799,0.27555555555555555,0.959,0.799,2.0335555555555556,98.10217626801047,completed,The solver successfully reached the end of the integration interval.
H2_vs_CO_at_fixed_N2,CO,0.28444444444444444,H2,0.959,N2,0.799,0.28444444444444444,0.959,0.799,2.0424444444444445,97.92387689463537,completed,The solver successfully reached the end of the integration interval.
H2_vs_CO_at_fixed_N2,CO,0.29333333333333333,H2,0.959,N2,0.799,0.29333333333333333,0.959,0.799,2.0513333333333335,97.72083589569448,completed,The solver successfully reached the end of the integration interval.
H2_vs_CO_at_fixed_N2,CO,0.3022222222222222,H2,0.959,N2,0.799,0.3022222222222222,0.959,0.799,2.0602222222222224,97.49044786248213,completed,The solver successfully reached the end of the integration interval.
H2_vs_CO_at_fixed_N2,CO,0.3111111111111111,H2,0.959,N2,0.799,0.3111111111111111,0.959,0.799,2.069111111111111,97.2304288685994,completed,The solver successfully reached the end of the integration interval.
H2_vs_CO_at_fixed_N2,CO,0.32,H2,0.959,N2,0.799,0.32,0.959,0.799,2.078,96.93886342984283,completed,The solver successfully reached the end of the integration interval.
H2_vs_CO_at_fixed_N2,CO,0.3288888888888889,H2,0.959,N2,0.799,0.3288888888888889,0.959,0.799,2.086888888888889,96.61426523205326,completed,The solver successfully reached the end of the integration interval.
H2_vs_CO_at_fixed_N2,CO,0.3377777777777778,H2,0.959,N2,0.799,0.3377777777777778,0.959,0.799,2.0957777777777777,96.25556520711496,completed,The solver successfully reached the end of the integration interval.
H2_vs_CO_at_fixed_N2,CO,0.3466666666666667,H2,0.959,N2,0.799,0.3466666666666667,0.959,0.799,2.1046666666666667,95.86219226008258,completed,The solver successfully reached the end of the integration interval.
H2_vs_CO_at_fixed_N2,CO,0.35555555555555557,H2,0.959,N2,0.799,0.35555555555555557,0.959,0.799,2.1135555555555556,95.43406761917296,completed,The solver successfully reached the end of the integration interval.
H2_vs_CO_at_fixed_N2,CO,0.36444444444444446,H2,0.959,N2,0.799,0.36444444444444446,0.959,0.799,2.1224444444444446,94.97156342650254,completed,The solver successfully reached the end of the integration interval.
H2_vs_CO_at_fixed_N2,CO,0.37333333333333335,H2,0.959,N2,0.799,0.37333333333333335,0.959,0.799,2.1313333333333335,94.47546109517529,completed,The solver successfully reached the end of the integration interval.
H2_vs_CO_at_fixed_N2,CO,0.38222222222222224,H2,0.959,N2,0.799,0.38222222222222224,0.959,0.799,2.1402222222222225,93.94692107168851,completed,The solver successfully reached the end of the integration interval.
H2_vs_CO_at_fixed_N2,CO,0.39111111111111113,H2,0.959,N2,0.799,0.39111111111111113,0.959,0.799,2.149111111111111,93.3874237522254,completed,The solver successfully reached the end of the integration interval.
H2_vs_CO_at_fixed_N2,CO,0.4,H2,0.959,N2,0.799,0.4,0.959,0.799,2.158,92.79865668080605,completed,The solver successfully reached the end of the integration interval.
H2_vs_CO_at_fixed_N2,CO,0.24,H2,0.9777777777777776,N2,0.799,0.24,0.9777777777777776,0.799,2.0167777777777776,98.67070219742186,completed,The solver successfully reached the end of the integration interval.
H2_vs_CO_at_fixed_N2,CO,0.24888888888888888,H2,0.9777777777777776,N2,0.799,0.24888888888888888,0.9777777777777776,0.799,2.0256666666666665,98.5720979879287,completed,The solver successfully reached the end of the integration interval.
H2_vs_CO_at_fixed_N2,CO,0.2577777777777778,H2,0.9777777777777776,N2,0.799,0.2577777777777778,0.9777777777777776,0.799,2.0345555555555555,98.46168342221733,completed,The solver successfully reached the end of the integration interval.
H2_vs_CO_at_fixed_N2,CO,0.26666666666666666,H2,0.9777777777777776,N2,0.799,0.26666666666666666,0.9777777777777776,0.799,2.0434444444444444,98.33698069549531,completed,The solver successfully reached the end of the integration interval.
H2_vs_CO_at_fixed_N2,CO,0.27555555555555555,H2,0.9777777777777776,N2,0.799,0.27555555555555555,0.9777777777777776,0.799,2.0523333333333333,98.19546307766181,completed,The solver successfully reached the end of the integration interval.
H2_vs_CO_at_fixed_N2,CO,0.28444444444444444,H2,0.9777777777777776,N2,0.799,0.28444444444444444,0.9777777777777776,0.799,2.0612222222222223,98.0344232434144,completed,The solver successfully reached the end of the integration interval.
H2_vs_CO_at_fixed_N2,CO,0.29333333333333333,H2,0.9777777777777776,N2,0.799,0.29333333333333333,0.9777777777777776,0.799,2.0701111111111112,97.85129212442953,completed,The solver successfully reached the end of the integration interval.
H2_vs_CO_at_fixed_N2,CO,0.3022222222222222,H2,0.9777777777777776,N2,0.799,0.3022222222222222,0.9777777777777776,0.799,2.0789999999999997,97.64350702803654,completed,The solver successfully reached the end of the integration interval.
H2_vs_CO_at_fixed_N2,CO,0.3111111111111111,H2,0.9777777777777776,N2,0.799,0.3111111111111111,0.9777777777777776,0.799,2.0878888888888887,97.40876572668662,completed,The solver successfully reached the end of the integration interval.
H2_vs_CO_at_fixed_N2,CO,0.32,H2,0.9777777777777776,N2,0.799,0.32,0.9777777777777776,0.799,2.0967777777777776,97.14500414893585,completed,The solver successfully reached the end of the integration interval.
H2_vs_CO_at_fixed_N2,CO,0.3288888888888889,H2,0.9777777777777776,N2,0.799,0.3288888888888889,0.9777777777777776,0.799,2.1056666666666666,96.85051694738384,completed,The solver successfully reached the end of the integration interval.
H2_vs_CO_at_fixed_N2,CO,0.3377777777777778,H2,0.9777777777777776,N2,0.799,0.3377777777777778,0.9777777777777776,0.799,2.1145555555555555,96.52403161400726,completed,The solver successfully reached the end of the integration interval.
H2_vs_CO_at_fixed_N2,CO,0.3466666666666667,H2,0.9777777777777776,N2,0.799,0.3466666666666667,0.9777777777777776,0.799,2.1234444444444445,96.16464345215903,completed,The solver successfully reached the end of the integration interval.
H2_vs_CO_at_fixed_N2,CO,0.35555555555555557,H2,0.9777777777777776,N2,0.799,0.35555555555555557,0.9777777777777776,0.799,2.1323333333333334,95.77191387220513,completed,The solver successfully reached the end of the integration interval.
H2_vs_CO_at_fixed_N2,CO,0.36444444444444446,H2,0.9777777777777776,N2,0.799,0.36444444444444446,0.9777777777777776,0.799,2.141222222222222,95.34584374659516,completed,The solver successfully reached the end of the integration interval.
H2_vs_CO_at_fixed_N2,CO,0.37333333333333335,H2,0.9777777777777776,N2,0.799,0.37333333333333335,0.9777777777777776,0.799,2.150111111111111,94.88686316111716,completed,The solver successfully reached the end of the integration interval.
H2_vs_CO_at_fixed_N2,CO,0.38222222222222224,H2,0.9777777777777776,N2,0.799,0.38222222222222224,0.9777777777777776,0.799,2.159,94.39576046675765,completed,The solver successfully reached the end of the integration interval.
H2_vs_CO_at_fixed_N2,CO,0.39111111111111113,H2,0.9777777777777776,N2,0.799,0.39111111111111113,0.9777777777777776,0.799,2.1678888888888888,93.8736665861499,completed,The solver successfully reached the end of the integration interval.
H2_vs_CO_at_fixed_N2,CO,0.4,H2,0.9777777777777776,N2,0.799,0.4,0.9777777777777776,0.799,2.1767777777777777,93.32199933188474,completed,The solver successfully reached the end of the integration interval.
H2_vs_CO_at_fixed_N2,CO,0.24,H2,1.0333333333333332,N2,0.799,0.24,1.0333333333333332,0.799,2.0723333333333334,98.78677872165053,completed,The solver successfully reached the end of the integration interval.
H2_vs_CO_at_fixed_N2,CO,0.24888888888888888,H2,1.0333333333333332,N2,0.799,0.24888888888888888,1.0333333333333332,0.799,2.0812222222222223,98.70609421635992,completed,The solver successfully reached the end of the integration interval.
H2_vs_CO_at_fixed_N2,CO,0.2577777777777778,H2,1.0333333333333332,N2,0.799,0.2577777777777778,1.0333333333333332,0.799,2.090111111111111,98.61780774207915,completed,The solver successfully reached the end of the integration interval.
H2_vs_CO_at_fixed_N2,CO,0.26666666666666666,H2,1.0333333333333332,N2,0.799,0.26666666666666666,1.0333333333333332,0.799,2.0989999999999998,98.52013571851263,completed,The solver successfully reached the end of the integration interval.
H2_vs_CO_at_fixed_N2,CO,0.27555555555555555,H2,1.0333333333333332,N2,0.799,0.27555555555555555,1.0333333333333332,0.799,2.1078888888888887,98.41119294879238,completed,The solver successfully reached the end of the integration interval.
H2_vs_CO_at_fixed_N2,CO,0.28444444444444444,H2,1.0333333333333332,N2,0.799,0.28444444444444444,1.0333333333333332,0.799,2.1167777777777776,98.28884523623367,completed,The solver successfully reached the end of the integration interval.
H2_vs_CO_at_fixed_N2,CO,0.29333333333333333,H2,1.0333333333333332,N2,0.799,0.29333333333333333,1.0333333333333332,0.799,2.1256666666666666,98.15094351045617,completed,The solver successfully reached the end of the integration interval.
H2_vs_CO_at_fixed_N2,CO,0.3022222222222222,H2,1.0333333333333332,N2,0.799,0.3022222222222222,1.0333333333333332,0.799,2.1345555555555555,97.99525594875475,completed,The solver successfully reached the end of the integration interval.
H2_vs_CO_at_fixed_N2,CO,0.3111111111111111,H2,1.0333333333333332,N2,0.799,0.3111111111111111,1.0333333333333332,0.799,2.1434444444444445,97.81960520597231,completed,The solver successfully reached the end of the integration interval.
H2_vs_CO_at_fixed_N2,CO,0.32,H2,1.0333333333333332,N2,0.799,0.32,1.0333333333333332,0.799,2.1523333333333334,97.62194488349415,completed,The solver successfully reached the end of the integration interval.
H2_vs_CO_at_fixed_N2,CO,0.3288888888888889,H2,1.0333333333333332,N2,0.799,0.3288888888888889,1.0333333333333332,0.799,2.1612222222222224,97.40029890060505,completed,The solver successfully reached the end of the integration interval.
H2_vs_CO_at_fixed_N2,CO,0.3377777777777778,H2,1.0333333333333332,N2,0.799,0.3377777777777778,1.0333333333333332,0.799,2.170111111111111,97.15294015071103,completed,The solver successfully reached the end of the integration interval.
H2_vs_CO_at_fixed_N2,CO,0.3466666666666667,H2,1.0333333333333332,N2,0.799,0.3466666666666667,1.0333333333333332,0.799,2.179,96.87841851382838,completed,The solver successfully reached the end of the integration interval.
H2_vs_CO_at_fixed_N2,CO,0.35555555555555557,H2,1.0333333333333332,N2,0.799,0.35555555555555557,1.0333333333333332,0.799,2.1878888888888888,96.57560249496264,completed,The solver successfully reached the end of the integration interval.
H2_vs_CO_at_fixed_N2,CO,0.36444444444444446,H2,1.0333333333333332,N2,0.799,0.36444444444444446,1.0333333333333332,0.799,2.1967777777777777,96.2436564923404,completed,The solver successfully reached the end of the integration interval.
H2_vs_CO_at_fixed_N2,CO,0.37333333333333335,H2,1.0333333333333332,N2,0.799,0.37333333333333335,1.0333333333333332,0.799,2.2056666666666667,95.88210228948661,completed,The solver successfully reached the end of the integration interval.
H2_vs_CO_at_fixed_N2,CO,0.38222222222222224,H2,1.0333333333333332,N2,0.799,0.38222222222222224,1.0333333333333332,0.799,2.2145555555555556,95.49081003681992,completed,The solver successfully reached the end of the integration interval.
H2_vs_CO_at_fixed_N2,CO,0.39111111111111113,H2,1.0333333333333332,N2,0.799,0.39111111111111113,1.0333333333333332,0.799,2.2234444444444446,95.07000530089874,completed,The solver successfully reached the end of the integration interval.
H2_vs_CO_at_fixed_N2,CO,0.4,H2,1.0333333333333332,N2,0.799,0.4,1.0333333333333332,0.799,2.232333333333333,94.62019350037086,completed,The solver successfully reached the end of the integration interval.
H2_vs_CO_at_fixed_N2,CO,0.24,H2,1.0888888888888888,N2,0.799,0.24,1.0888888888888888,0.799,2.1278888888888887,98.87595469706474,completed,The solver successfully reached the end of the integration interval.
H2_vs_CO_at_fixed_N2,CO,0.24888888888888888,H2,1.0888888888888888,N2,0.799,0.24888888888888888,1.0888888888888888,0.799,2.1367777777777777,98.80673650239606,completed,The solver successfully reached the end of the integration interval.
H2_vs_CO_at_fixed_N2,CO,0.2577777777777778,H2,1.0888888888888888,N2,0.799,0.2577777777777778,1.0888888888888888,0.799,2.1456666666666666,98.73258811285272,completed,The solver successfully reached the end of the integration interval.
H2_vs_CO_at_fixed_N2,CO,0.26666666666666666,H2,1.0888888888888888,N2,0.799,0.26666666666666666,1.0888888888888888,0.799,2.1545555555555556,98.65227637096768,completed,The solver successfully reached the end of the integration interval.
H2_vs_CO_at_fixed_N2,CO,0.27555555555555555,H2,1.0888888888888888,N2,0.799,0.27555555555555555,1.0888888888888888,0.799,2.1634444444444445,98.56438008727098,completed,The solver successfully reached the end of the integration interval.
H2_vs_CO_at_fixed_N2,CO,0.28444444444444444,H2,1.0888888888888888,N2,0.799,0.28444444444444444,1.0888888888888888,0.799,2.1723333333333334,98.46733153585383,completed,The solver successfully reached the end of the integration interval.
H2_vs_CO_at_fixed_N2,CO,0.29333333333333333,H2,1.0888888888888888,N2,0.799,0.29333333333333333,1.0888888888888888,0.799,2.181222222222222,98.35947065721615,completed,The solver successfully reached the end of the integration interval.
H2_vs_CO_at_fixed_N2,CO,0.3022222222222222,H2,1.0888888888888888,N2,0.799,0.3022222222222222,1.0888888888888888,0.799,2.190111111111111,98.23898464658052,completed,The solver successfully reached the end of the integration interval.
H2_vs_CO_at_fixed_N2,CO,0.3111111111111111,H2,1.0888888888888888,N2,0.799,0.3111111111111111,1.0888888888888888,0.799,2.199,98.10407766418446,completed,The solver successfully reached the end of the integration interval.
H2_vs_CO_at_fixed_N2,CO,0.32,H2,1.0888888888888888,N2,0.799,0.32,1.0888888888888888,0.799,2.207888888888889,97.95287573014085,completed,The solver successfully reached the end of the integration interval.
H2_vs_CO_at_fixed_N2,CO,0.3288888888888889,H2,1.0888888888888888,N2,0.799,0.3288888888888889,1.0888888888888888,0.799,2.2167777777777777,97.78353871004883,completed,The solver successfully reached the end of the integration interval.
H2_vs_CO_at_fixed_N2,CO,0.3377777777777778,H2,1.0888888888888888,N2,0.799,0.3377777777777778,1.0888888888888888,0.799,2.2256666666666667,97.59430841560739,completed,The solver successfully reached the end of the integration interval.
H2_vs_CO_at_fixed_N2,CO,0.3466666666666667,H2,1.0888888888888888,N2,0.799,0.3466666666666667,1.0888888888888888,0.799,2.2345555555555556,97.38359839197196,completed,The solver successfully reached the end of the integration interval.
H2_vs_CO_at_fixed_N2,CO,0.35555555555555557,H2,1.0888888888888888,N2,0.799,0.35555555555555557,1.0888888888888888,0.799,2.2434444444444446,97.14993831548429,completed,The solver successfully reached the end of the integration interval.
H2_vs_CO_at_fixed_N2,CO,0.36444444444444446,H2,1.0888888888888888,N2,0.799,0.36444444444444446,1.0888888888888888,0.799,2.2523333333333335,96.89206867586051,completed,The solver successfully reached the end of the integration interval.
H2_vs_CO_at_fixed_N2,CO,0.37333333333333335,H2,1.0888888888888888,N2,0.799,0.37333333333333335,1.0888888888888888,0.799,2.261222222222222,96.60897618082058,completed,The solver successfully reached the end of the integration interval.
H2_vs_CO_at_fixed_N2,CO,0.38222222222222224,H2,1.0888888888888888,N2,0.799,0.38222222222222224,1.0888888888888888,0.799,2.270111111111111,96.29992023432018,completed,The solver successfully reached the end of the integration interval.
H2_vs_CO_at_fixed_N2,CO,0.39111111111111113,H2,1.0888888888888888,N2,0.799,0.39111111111111113,1.0888888888888888,0.799,2.279,95.9644434472332,completed,The solver successfully reached the end of the integration interval.
H2_vs_CO_at_fixed_N2,CO,0.4,H2,1.0888888888888888,N2,0.799,0.4,1.0888888888888888,0.799,2.287888888888889,95.60232995973887,completed,The solver successfully reached the end of the integration interval.
H2_vs_CO_at_fixed_N2,CO,0.24,H2,1.1444444444444444,N2,0.799,0.24,1.1444444444444444,0.799,2.1834444444444445,98.94739154660891,completed,The solver successfully reached the end of the integration interval.
H2_vs_CO_at_fixed_N2,CO,0.24888888888888888,H2,1.1444444444444444,N2,0.799,0.24888888888888888,1.1444444444444444,0.799,2.1923333333333335,98.88584098668538,completed,The solver successfully reached the end of the integration interval.
H2_vs_CO_at_fixed_N2,CO,0.2577777777777778,H2,1.1444444444444444,N2,0.799,0.2577777777777778,1.1444444444444444,0.799,2.2012222222222224,98.8210480433892,completed,The solver successfully reached the end of the integration interval.
H2_vs_CO_at_fixed_N2,CO,0.26666666666666666,H2,1.1444444444444444,N2,0.799,0.26666666666666666,1.1444444444444444,0.799,2.210111111111111,98.7521475741292,completed,The solver successfully reached the end of the integration interval.
H2_vs_CO_at_fixed_N2,CO,0.27555555555555555,H2,1.1444444444444444,N2,0.799,0.27555555555555555,1.1444444444444444,0.799,2.219,98.67812051984438,completed,The solver successfully reached the end of the integration interval.
H2_vs_CO_at_fixed_N2,CO,0.28444444444444444,H2,1.1444444444444444,N2,0.799,0.28444444444444444,1.1444444444444444,0.799,2.227888888888889,98.59781836384217,completed,The solver successfully reached the end of the integration interval.
H2_vs_CO_at_fixed_N2,CO,0.29333333333333333,H2,1.1444444444444444,N2,0.799,0.29333333333333333,1.1444444444444444,0.799,2.2367777777777778,98.50999867780139,completed,The solver successfully reached the end of the integration interval.
H2_vs_CO_at_fixed_N2,CO,0.3022222222222222,H2,1.1444444444444444,N2,0.799,0.3022222222222222,1.1444444444444444,0.799,2.2456666666666667,98.41327022292496,completed,The solver successfully reached the end of the integration interval.
H2_vs_CO_at_fixed_N2,CO,0.3111111111111111,H2,1.1444444444444444,N2,0.799,0.3111111111111111,1.1444444444444444,0.799,2.2545555555555556,98.30619027560631,completed,The solver successfully reached the end of the integration interval.
H2_vs_CO_at_fixed_N2,CO,0.32,H2,1.1444444444444444,N2,0.799,0.32,1.1444444444444444,0.799,2.2634444444444446,98.18721521889353,completed,The solver successfully reached the end of the integration interval.
H2_vs_CO_at_fixed_N2,CO,0.3288888888888889,H2,1.1444444444444444,N2,0.799,0.3288888888888889,1.1444444444444444,0.799,2.272333333333333,98.0547714043214,completed,The solver successfully reached the end of the integration interval.
H2_vs_CO_at_fixed_N2,CO,0.3377777777777778,H2,1.1444444444444444,N2,0.799,0.3377777777777778,1.1444444444444444,0.799,2.281222222222222,97.90730346774606,completed,The solver successfully reached the end of the integration interval.
H2_vs_CO_at_fixed_N2,CO,0.3466666666666667,H2,1.1444444444444444,N2,0.799,0.3466666666666667,1.1444444444444444,0.799,2.290111111111111,97.74327785385194,completed,The solver successfully reached the end of the integration interval.
H2_vs_CO_at_fixed_N2,CO,0.35555555555555557,H2,1.1444444444444444,N2,0.799,0.35555555555555557,1.1444444444444444,0.799,2.299,97.56120105764738,completed,The solver successfully reached the end of the integration interval.
H2_vs_CO_at_fixed_N2,CO,0.36444444444444446,H2,1.1444444444444444,N2,0.799,0.36444444444444446,1.1444444444444444,0.799,2.307888888888889,97.35969696624349,completed,The solver successfully reached the end of the integration interval.
H2_vs_CO_at_fixed_N2,CO,0.37333333333333335,H2,1.1444444444444444,N2,0.799,0.37333333333333335,1.1444444444444444,0.799,2.316777777777778,97.1375218507214,completed,The solver successfully reached the end of the integration interval.
H2_vs_CO_at_fixed_N2,CO,0.38222222222222224,H2,1.1444444444444444,N2,0.799,0.38222222222222224,1.1444444444444444,0.799,2.3256666666666668,96.89364883796281,completed,The solver successfully reached the end of the integration interval.
H2_vs_CO_at_fixed_N2,CO,0.39111111111111113,H2,1.1444444444444444,N2,0.799,0.39111111111111113,1.1444444444444444,0.799,2.3345555555555557,96.62716827626018,completed,The solver successfully reached the end of the integration interval.
H2_vs_CO_at_fixed_N2,CO,0.4,H2,1.1444444444444444,N2,0.799,0.4,1.1444444444444444,0.799,2.3434444444444447,96.33740456227213,completed,The solver successfully reached the end of the integration interval.
H2_vs_CO_at_fixed_N2,CO,0.24,H2,1.2,N2,0.799,0.24,1.2,0.799,2.239,99.00636097647958,completed,The solver successfully reached the end of the integration interval.
H2_vs_CO_at_fixed_N2,CO,0.24888888888888888,H2,1.2,N2,0.799,0.24888888888888888,1.2,0.799,2.247888888888889,98.95019114966159,completed,The solver successfully reached the end of the integration interval.
H2_vs_CO_at_fixed_N2,CO,0.2577777777777778,H2,1.2,N2,0.799,0.2577777777777778,1.2,0.799,2.2567777777777778,98.89185030191913,completed,The solver successfully reached the end of the integration interval.
H2_vs_CO_at_fixed_N2,CO,0.26666666666666666,H2,1.2,N2,0.799,0.26666666666666666,1.2,0.799,2.2656666666666667,98.83073800262387,completed,The solver successfully reached the end of the integration interval.
H2_vs_CO_at_fixed_N2,CO,0.27555555555555555,H2,1.2,N2,0.799,0.27555555555555555,1.2,0.799,2.2745555555555557,98.76610789858667,completed,The solver successfully reached the end of the integration interval.
H2_vs_CO_at_fixed_N2,CO,0.28444444444444444,H2,1.2,N2,0.799,0.28444444444444444,1.2,0.799,2.2834444444444446,98.69712894884177,completed,The solver successfully reached the end of the integration interval.
H2_vs_CO_at_fixed_N2,CO,0.29333333333333333,H2,1.2,N2,0.799,0.29333333333333333,1.2,0.799,2.2923333333333336,98.62288260961475,completed,The solver successfully reached the end of the integration interval.
H2_vs_CO_at_fixed_N2,CO,0.3022222222222222,H2,1.2,N2,0.799,0.3022222222222222,1.2,0.799,2.301222222222222,98.54232312820697,completed,The solver successfully reached the end of the integration interval.
H2_vs_CO_at_fixed_N2,CO,0.3111111111111111,H2,1.2,N2,0.799,0.3111111111111111,1.2,0.799,2.310111111111111,98.45431978184298,completed,The solver successfully reached the end of the integration interval.
H2_vs_CO_at_fixed_N2,CO,0.32,H2,1.2,N2,0.799,0.32,1.2,0.799,2.319,98.35767236762607,completed,The solver successfully reached the end of the integration interval.
H2_vs_CO_at_fixed_N2,CO,0.3288888888888889,H2,1.2,N2,0.799,0.3288888888888889,1.2,0.799,2.327888888888889,98.2511070540484,completed,The solver successfully reached the end of the integration interval.
H2_vs_CO_at_fixed_N2,CO,0.3377777777777778,H2,1.2,N2,0.799,0.3377777777777778,1.2,0.799,2.336777777777778,98.13330537245561,completed,The solver successfully reached the end of the integration interval.
H2_vs_CO_at_fixed_N2,CO,0.3466666666666667,H2,1.2,N2,0.799,0.3466666666666667,1.2,0.799,2.345666666666667,98.00291649650235,completed,The solver successfully reached the end of the integration interval.
H2_vs_CO_at_fixed_N2,CO,0.35555555555555557,H2,1.2,N2,0.799,0.35555555555555557,1.2,0.799,2.3545555555555557,97.85859656337641,completed,The solver successfully reached the end of the integration interval.
H2_vs_CO_at_fixed_N2,CO,0.36444444444444446,H2,1.2,N2,0.799,0.36444444444444446,1.2,0.799,2.3634444444444442,97.69903120089167,completed,The solver successfully reached the end of the integration interval.
H2_vs_CO_at_fixed_N2,CO,0.37333333333333335,H2,1.2,N2,0.799,0.37333333333333335,1.2,0.799,2.372333333333333,97.52300136169629,completed,The solver successfully reached the end of the integration interval.
H2_vs_CO_at_fixed_N2,CO,0.38222222222222224,H2,1.2,N2,0.799,0.38222222222222224,1.2,0.799,2.381222222222222,97.32931936361643,completed,The solver successfully reached the end of the integration interval.
H2_vs_CO_at_fixed_N2,CO,0.39111111111111113,H2,1.2,N2,0.799,0.39111111111111113,1.2,0.799,2.390111111111111,97.11692905035412,completed,The solver successfully reached the end of the integration interval.
H2_vs_CO_at_fixed_N2,CO,0.4,H2,1.2,N2,0.799,0.4,1.2,0.799,2.399,96.88490426566351,completed,The solver successfully reached the end of the integration interval.
H2_vs_N2_at_fixed_CO,N2,0.4,H2,0.2,CO,0.32,0.32,0.2,0.4,0.92,35.51664832636694,completed,The solver successfully reached the end of the integration interval.
H2_vs_N2_at_fixed_CO,N2,0.4444444444444445,H2,0.2,CO,0.32,0.32,0.2,0.4444444444444445,0.9644444444444444,34.70727002878371,completed,The solver successfully reached the end of the integration interval.
H2_vs_N2_at_fixed_CO,N2,0.48888888888888893,H2,0.2,CO,0.32,0.32,0.2,0.48888888888888893,1.008888888888889,33.93990357439268,completed,The solver successfully reached the end of the integration interval.
H2_vs_N2_at_fixed_CO,N2,0.5333333333333333,H2,0.2,CO,0.32,0.32,0.2,0.5333333333333333,1.0533333333333332,33.21082011112047,completed,The solver successfully reached the end of the integration interval.
H2_vs_N2_at_fixed_CO,N2,0.5777777777777777,H2,0.2,CO,0.32,0.32,0.2,0.5777777777777777,1.0977777777777777,32.516858442501615,completed,The solver successfully reached the end of the integration interval.
H2_vs_N2_at_fixed_CO,N2,0.6222222222222222,H2,0.2,CO,0.32,0.32,0.2,0.6222222222222222,1.1422222222222222,31.855233890200203,completed,The solver successfully reached the end of the integration interval.
H2_vs_N2_at_fixed_CO,N2,0.6666666666666666,H2,0.2,CO,0.32,0.32,0.2,0.6666666666666666,1.1866666666666665,31.2234456054788,completed,The solver successfully reached the end of the integration interval.
H2_vs_N2_at_fixed_CO,N2,0.711111111111111,H2,0.2,CO,0.32,0.32,0.2,0.711111111111111,1.231111111111111,30.619292627814666,completed,The solver successfully reached the end of the integration interval.
H2_vs_N2_at_fixed_CO,N2,0.7555555555555555,H2,0.2,CO,0.32,0.32,0.2,0.7555555555555555,1.2755555555555556,30.040769001554494,completed,The solver successfully reached the end of the integration interval.
H2_vs_N2_at_fixed_CO,N2,0.799,H2,0.2,CO,0.32,0.32,0.2,0.799,1.319,29.49819790167194,completed,The solver successfully reached the end of the integration interval.
H2_vs_N2_at_fixed_CO,N2,0.8,H2,0.2,CO,0.32,0.32,0.2,0.8,1.32,29.485965807803527,completed,The solver successfully reached the end of the integration interval.
H2_vs_N2_at_fixed_CO,N2,0.8444444444444444,H2,0.2,CO,0.32,0.32,0.2,0.8444444444444444,1.3644444444444446,28.953461904180962,completed,The solver successfully reached the end of the integration interval.
H2_vs_N2_at_fixed_CO,N2,0.8888888888888888,H2,0.2,CO,0.32,0.32,0.2,0.8888888888888888,1.4088888888888889,28.44165041412312,completed,The solver successfully reached the end of the integration interval.
H2_vs_N2_at_fixed_CO,N2,0.9333333333333332,H2,0.2,CO,0.32,0.32,0.2,0.9333333333333332,1.4533333333333331,27.949154249908197,completed,The solver successfully reached the end of the integration interval.
H2_vs_N2_at_fixed_CO,N2,0.9777777777777777,H2,0.2,CO,0.32,0.32,0.2,0.9777777777777777,1.4977777777777779,27.474932984822015,completed,The solver successfully reached the end of the integration interval.
H2_vs_N2_at_fixed_CO,N2,1.0222222222222221,H2,0.2,CO,0.32,0.32,0.2,1.0222222222222221,1.5422222222222222,27.017792039963638,completed,The solver successfully reached the end of the integration interval.
H2_vs_N2_at_fixed_CO,N2,1.0666666666666667,H2,0.2,CO,0.32,0.32,0.2,1.0666666666666667,1.5866666666666667,26.576721656659714,completed,The solver successfully reached the end of the integration interval.
H2_vs_N2_at_fixed_CO,N2,1.1111111111111112,H2,0.2,CO,0.32,0.32,0.2,1.1111111111111112,1.6311111111111112,26.150795744587274,completed,The solver successfully reached the end of the integration interval.
H2_vs_N2_at_fixed_CO,N2,1.1555555555555554,H2,0.2,CO,0.32,0.32,0.2,1.1555555555555554,1.6755555555555555,25.739163078995237,completed,The solver successfully reached the end of the integration interval.
H2_vs_N2_at_fixed_CO,N2,1.2,H2,0.2,CO,0.32,0.32,0.2,1.2,1.72,25.34104933423701,completed,The solver successfully reached the end of the integration interval.
H2_vs_N2_at_fixed_CO,N2,0.4,H2,0.25555555555555554,CO,0.32,0.32,0.25555555555555554,0.4,0.9755555555555555,45.77142325972175,completed,The solver successfully reached the end of the integration interval.
H2_vs_N2_at_fixed_CO,N2,0.4444444444444445,H2,0.25555555555555554,CO,0.32,0.32,0.25555555555555554,0.4444444444444445,1.02,44.78318061440456,completed,The solver successfully reached the end of the integration interval.
H2_vs_N2_at_fixed_CO,N2,0.48888888888888893,H2,0.25555555555555554,CO,0.32,0.32,0.25555555555555554,0.48888888888888893,1.0644444444444445,43.84448358117767,completed,The solver successfully reached the end of the integration interval.
H2_vs_N2_at_fixed_CO,N2,0.5333333333333333,H2,0.25555555555555554,CO,0.32,0.32,0.25555555555555554,0.5333333333333333,1.1088888888888888,42.9511673553847,completed,The solver successfully reached the end of the integration interval.
H2_vs_N2_at_fixed_CO,N2,0.5777777777777777,H2,0.25555555555555554,CO,0.32,0.32,0.25555555555555554,0.5777777777777777,1.1533333333333333,42.09938302356663,completed,The solver successfully reached the end of the integration interval.
H2_vs_N2_at_fixed_CO,N2,0.6222222222222222,H2,0.25555555555555554,CO,0.32,0.32,0.25555555555555554,0.6222222222222222,1.1977777777777778,41.28610726402545,completed,The solver successfully reached the end of the integration interval.
H2_vs_N2_at_fixed_CO,N2,0.6666666666666666,H2,0.25555555555555554,CO,0.32,0.32,0.25555555555555554,0.6666666666666666,1.2422222222222221,40.50845782503107,completed,The solver successfully reached the end of the integration interval.
H2_vs_N2_at_fixed_CO,N2,0.711111111111111,H2,0.25555555555555554,CO,0.32,0.32,0.25555555555555554,0.711111111111111,1.2866666666666666,39.763476161559566,completed,The solver successfully reached the end of the integration interval.
H2_vs_N2_at_fixed_CO,N2,0.7555555555555555,H2,0.25555555555555554,CO,0.32,0.32,0.25555555555555554,0.7555555555555555,1.3311111111111111,39.04900579869641,completed,The solver successfully reached the end of the integration interval.
H2_vs_N2_at_fixed_CO,N2,0.799,H2,0.25555555555555554,CO,0.32,0.32,0.25555555555555554,0.799,1.3745555555555555,38.37808689971761,completed,The solver successfully reached the end of the integration interval.
H2_vs_N2_at_fixed_CO,N2,0.8,H2,0.25555555555555554,CO,0.32,0.32,0.25555555555555554,0.8,1.3755555555555556,38.362948922781165,completed,The solver successfully reached the end of the integration interval.
H2_vs_N2_at_fixed_CO,N2,0.8444444444444444,H2,0.25555555555555554,CO,0.32,0.32,0.25555555555555554,0.8444444444444444,1.42,37.70340355118618,completed,The solver successfully reached the end of the integration interval.
H2_vs_N2_at_fixed_CO,N2,0.8888888888888888,H2,0.25555555555555554,CO,0.32,0.32,0.25555555555555554,0.8888888888888888,1.4644444444444444,37.06865617958123,completed,The solver successfully reached the end of the integration interval.
H2_vs_N2_at_fixed_CO,N2,0.9333333333333332,H2,0.25555555555555554,CO,0.32,0.32,0.25555555555555554,0.9333333333333332,1.5088888888888887,36.45715695470728,completed,The solver successfully reached the end of the integration interval.
H2_vs_N2_at_fixed_CO,N2,0.9777777777777777,H2,0.25555555555555554,CO,0.32,0.32,0.25555555555555554,0.9777777777777777,1.5533333333333332,35.86749338007452,completed,The solver successfully reached the end of the integration interval.
H2_vs_N2_at_fixed_CO,N2,1.0222222222222221,H2,0.25555555555555554,CO,0.32,0.32,0.25555555555555554,1.0222222222222221,1.5977777777777777,35.29829628425477,completed,The solver successfully reached the end of the integration interval.
H2_vs_N2_at_fixed_CO,N2,1.0666666666666667,H2,0.25555555555555554,CO,0.32,0.32,0.25555555555555554,1.0666666666666667,1.6422222222222222,34.7485117525217,completed,The solver successfully reached the end of the integration interval.
H2_vs_N2_at_fixed_CO,N2,1.1111111111111112,H2,0.25555555555555554,CO,0.32,0.32,0.25555555555555554,1.1111111111111112,1.6866666666666668,34.2169350475341,completed,The solver successfully reached the end of the integration interval.
H2_vs_N2_at_fixed_CO,N2,1.1555555555555554,H2,0.25555555555555554,CO,0.32,0.32,0.25555555555555554,1.1555555555555554,1.731111111111111,33.70266160454191,completed,The solver successfully reached the end of the integration interval.
H2_vs_N2_at_fixed_CO,N2,1.2,H2,0.25555555555555554,CO,0.32,0.32,0.25555555555555554,1.2,1.7755555555555556,33.20470227141876,completed,The solver successfully reached the end of the integration interval.
H2_vs_N2_at_fixed_CO,N2,0.4,H2,0.3111111111111111,CO,0.32,0.32,0.3111111111111111,0.4,1.031111111111111,55.53812293652546,completed,The solver successfully reached the end of the integration interval.
H2_vs_N2_at_fixed_CO,N2,0.4444444444444445,H2,0.3111111111111111,CO,0.32,0.32,0.3111111111111111,0.4444444444444445,1.0755555555555556,54.40184670788666,completed,The solver successfully reached the end of the integration interval.
H2_vs_N2_at_fixed_CO,N2,0.48888888888888893,H2,0.3111111111111111,CO,0.32,0.32,0.3111111111111111,0.48888888888888893,1.12,53.32031367957295,completed,The solver successfully reached the end of the integration interval.
H2_vs_N2_at_fixed_CO,N2,0.5333333333333333,H2,0.3111111111111111,CO,0.32,0.32,0.3111111111111111,0.5333333333333333,1.1644444444444444,52.28910077549844,completed,The solver successfully reached the end of the integration interval.
H2_vs_N2_at_fixed_CO,N2,0.5777777777777777,H2,0.3111111111111111,CO,0.32,0.32,0.3111111111111111,0.5777777777777777,1.208888888888889,51.30402763292564,completed,The solver successfully reached the end of the integration interval.
H2_vs_N2_at_fixed_CO,N2,0.6222222222222222,H2,0.3111111111111111,CO,0.32,0.32,0.3111111111111111,0.6222222222222222,1.2533333333333334,50.361615739611956,completed,The solver successfully reached the end of the integration interval.
H2_vs_N2_at_fixed_CO,N2,0.6666666666666666,H2,0.3111111111111111,CO,0.32,0.32,0.3111111111111111,0.6666666666666666,1.2977777777777777,49.45870173033759,completed,The solver successfully reached the end of the integration interval.
H2_vs_N2_at_fixed_CO,N2,0.711111111111111,H2,0.3111111111111111,CO,0.32,0.32,0.3111111111111111,0.711111111111111,1.3422222222222222,48.592482958935996,completed,The solver successfully reached the end of the integration interval.
H2_vs_N2_at_fixed_CO,N2,0.7555555555555555,H2,0.3111111111111111,CO,0.32,0.32,0.3111111111111111,0.7555555555555555,1.3866666666666667,47.76042800751421,completed,The solver successfully reached the end of the integration interval.
H2_vs_N2_at_fixed_CO,N2,0.799,H2,0.3111111111111111,CO,0.32,0.32,0.3111111111111111,0.799,1.430111111111111,46.977894177899124,completed,The solver successfully reached the end of the integration interval.
H2_vs_N2_at_fixed_CO,N2,0.8,H2,0.3111111111111111,CO,0.32,0.32,0.3111111111111111,0.8,1.4311111111111112,46.96022471268802,completed,The solver successfully reached the end of the integration interval.
H2_vs_N2_at_fixed_CO,N2,0.8444444444444444,H2,0.3111111111111111,CO,0.32,0.32,0.3111111111111111,0.8444444444444444,1.4755555555555555,46.18981549703873,completed,The solver successfully reached the end of the integration interval.
H2_vs_N2_at_fixed_CO,N2,0.8888888888888888,H2,0.3111111111111111,CO,0.32,0.32,0.3111111111111111,0.8888888888888888,1.52,45.44741749676903,completed,The solver successfully reached the end of the integration interval.
H2_vs_N2_at_fixed_CO,N2,0.9333333333333332,H2,0.3111111111111111,CO,0.32,0.32,0.3111111111111111,0.9333333333333332,1.5644444444444443,44.73111338807715,completed,The solver successfully reached the end of the integration interval.
H2_vs_N2_at_fixed_CO,N2,0.9777777777777777,H2,0.3111111111111111,CO,0.32,0.32,0.3111111111111111,0.9777777777777777,1.6088888888888888,44.039494398994535,completed,The solver successfully reached the end of the integration interval.
H2_vs_N2_at_fixed_CO,N2,1.0222222222222221,H2,0.3111111111111111,CO,0.32,0.32,0.3111111111111111,1.0222222222222221,1.6533333333333333,43.37105282874077,completed,The solver successfully reached the end of the integration interval.
H2_vs_N2_at_fixed_CO,N2,1.0666666666666667,H2,0.3111111111111111,CO,0.32,0.32,0.3111111111111111,1.0666666666666667,1.6977777777777778,42.724548886618514,completed,The solver successfully reached the end of the integration interval.
H2_vs_N2_at_fixed_CO,N2,1.1111111111111112,H2,0.3111111111111111,CO,0.32,0.32,0.3111111111111111,1.1111111111111112,1.7422222222222223,42.098736179173684,completed,The solver successfully reached the end of the integration interval.
H2_vs_N2_at_fixed_CO,N2,1.1555555555555554,H2,0.3111111111111111,CO,0.32,0.32,0.3111111111111111,1.1555555555555554,1.7866666666666666,41.49255143302439,completed,The solver successfully reached the end of the integration interval.
H2_vs_N2_at_fixed_CO,N2,1.2,H2,0.3111111111111111,CO,0.32,0.32,0.3111111111111111,1.2,1.8311111111111111,40.90494431240085,completed,The solver successfully reached the end of the integration interval.
H2_vs_N2_at_fixed_CO,N2,0.4,H2,0.3666666666666667,CO,0.32,0.32,0.3666666666666667,0.4,1.0866666666666667,64.61032161406604,completed,The solver successfully reached the end of the integration interval.
H2_vs_N2_at_fixed_CO,N2,0.4444444444444445,H2,0.3666666666666667,CO,0.32,0.32,0.3666666666666667,0.4444444444444445,1.1311111111111112,63.36754770333668,completed,The solver successfully reached the end of the integration interval.
H2_vs_N2_at_fixed_CO,N2,0.48888888888888893,H2,0.3666666666666667,CO,0.32,0.32,0.3666666666666667,0.48888888888888893,1.1755555555555557,62.180917276199864,completed,The solver successfully reached the end of the integration interval.
H2_vs_N2_at_fixed_CO,N2,0.5333333333333333,H2,0.3666666666666667,CO,0.32,0.32,0.3666666666666667,0.5333333333333333,1.22,61.04606215389767,completed,The solver successfully reached the end of the integration interval.
H2_vs_N2_at_fixed_CO,N2,0.5777777777777777,H2,0.3666666666666667,CO,0.32,0.32,0.3666666666666667,0.5777777777777777,1.2644444444444445,59.95917519140549,completed,The solver successfully reached the end of the integration interval.
H2_vs_N2_at_fixed_CO,N2,0.6222222222222222,H2,0.3666666666666667,CO,0.32,0.32,0.3666666666666667,0.6222222222222222,1.308888888888889,58.916694915483426,completed,The solver successfully reached the end of the integration interval.
H2_vs_N2_at_fixed_CO,N2,0.6666666666666666,H2,0.3666666666666667,CO,0.32,0.32,0.3666666666666667,0.6666666666666666,1.3533333333333333,57.91568911998189,completed,The solver successfully reached the end of the integration interval.
H2_vs_N2_at_fixed_CO,N2,0.711111111111111,H2,0.3666666666666667,CO,0.32,0.32,0.3666666666666667,0.711111111111111,1.3977777777777778,56.953119047215175,completed,The solver successfully reached the end of the integration interval.
H2_vs_N2_at_fixed_CO,N2,0.7555555555555555,H2,0.3666666666666667,CO,0.32,0.32,0.3666666666666667,0.7555555555555555,1.4422222222222223,56.02654127858641,completed,The solver successfully reached the end of the integration interval.
H2_vs_N2_at_fixed_CO,N2,0.799,H2,0.3666666666666667,CO,0.32,0.32,0.3666666666666667,0.799,1.4856666666666667,55.15337608979309,completed,The solver successfully reached the end of the integration interval.
H2_vs_N2_at_fixed_CO,N2,0.8,H2,0.3666666666666667,CO,0.32,0.32,0.3666666666666667,0.8,1.4866666666666668,55.1336420940453,completed,The solver successfully reached the end of the integration interval.
H2_vs_N2_at_fixed_CO,N2,0.8444444444444444,H2,0.3666666666666667,CO,0.32,0.32,0.3666666666666667,0.8444444444444444,1.531111111111111,54.27241020460672,completed,The solver successfully reached the end of the integration interval.
H2_vs_N2_at_fixed_CO,N2,0.8888888888888888,H2,0.3666666666666667,CO,0.32,0.32,0.3666666666666667,0.8888888888888888,1.5755555555555556,53.440924407717496,completed,The solver successfully reached the end of the integration interval.
H2_vs_N2_at_fixed_CO,N2,0.9333333333333332,H2,0.3666666666666667,CO,0.32,0.32,0.3666666666666667,0.9333333333333332,1.6199999999999999,52.63741894522056,completed,The solver successfully reached the end of the integration interval.
H2_vs_N2_at_fixed_CO,N2,0.9777777777777777,H2,0.3666666666666667,CO,0.32,0.32,0.3666666666666667,0.9777777777777777,1.6644444444444444,51.86033921782195,completed,The solver successfully reached the end of the integration interval.
H2_vs_N2_at_fixed_CO,N2,1.0222222222222221,H2,0.3666666666666667,CO,0.32,0.32,0.3666666666666667,1.0222222222222221,1.708888888888889,51.108240681370255,completed,The solver successfully reached the end of the integration interval.
H2_vs_N2_at_fixed_CO,N2,1.0666666666666667,H2,0.3666666666666667,CO,0.32,0.32,0.3666666666666667,1.0666666666666667,1.7533333333333334,50.37987226269615,completed,The solver successfully reached the end of the integration interval.
H2_vs_N2_at_fixed_CO,N2,1.1111111111111112,H2,0.3666666666666667,CO,0.32,0.32,0.3666666666666667,1.1111111111111112,1.797777777777778,49.67368425947905,completed,The solver successfully reached the end of the integration interval.
H2_vs_N2_at_fixed_CO,N2,1.1555555555555554,H2,0.3666666666666667,CO,0.32,0.32,0.3666666666666667,1.1555555555555554,1.8422222222222222,48.988729767660956,completed,The solver successfully reached the end of the integration interval.
H2_vs_N2_at_fixed_CO,N2,1.2,H2,0.3666666666666667,CO,0.32,0.32,0.3666666666666667,1.2,1.8866666666666667,48.32388609121802,completed,The solver successfully reached the end of the integration interval.
H2_vs_N2_at_fixed_CO,N2,0.4,H2,0.399,CO,0.32,0.32,0.399,0.4,1.119,69.48910445979288,completed,The solver successfully reached the end of the integration interval.
H2_vs_N2_at_fixed_CO,N2,0.4444444444444445,H2,0.399,CO,0.32,0.32,0.399,0.4444444444444445,1.1634444444444445,68.20873691650458,completed,The solver successfully reached the end of the integration interval.
H2_vs_N2_at_fixed_CO,N2,0.48888888888888893,H2,0.399,CO,0.32,0.32,0.399,0.48888888888888893,1.207888888888889,66.98293041485861,completed,The solver successfully reached the end of the integration interval.
H2_vs_N2_at_fixed_CO,N2,0.5333333333333333,H2,0.399,CO,0.32,0.32,0.399,0.5333333333333333,1.2523333333333333,65.80762829987137,completed,The solver successfully reached the end of the integration interval.
H2_vs_N2_at_fixed_CO,N2,0.5777777777777777,H2,0.399,CO,0.32,0.32,0.399,0.5777777777777777,1.2967777777777778,64.67945505687048,completed,The solver successfully reached the end of the integration interval.
H2_vs_N2_at_fixed_CO,N2,0.6222222222222222,H2,0.399,CO,0.32,0.32,0.399,0.6222222222222222,1.3412222222222223,63.59525477986089,completed,The solver successfully reached the end of the integration interval.
H2_vs_N2_at_fixed_CO,N2,0.6666666666666666,H2,0.399,CO,0.32,0.32,0.399,0.6666666666666666,1.3856666666666666,62.55206152880325,completed,The solver successfully reached the end of the integration interval.
H2_vs_N2_at_fixed_CO,N2,0.711111111111111,H2,0.399,CO,0.32,0.32,0.399,0.711111111111111,1.430111111111111,61.54728882629195,completed,The solver successfully reached the end of the integration interval.
H2_vs_N2_at_fixed_CO,N2,0.7555555555555555,H2,0.399,CO,0.32,0.32,0.399,0.7555555555555555,1.4745555555555556,60.57870175038341,completed,The solver successfully reached the end of the integration interval.
H2_vs_N2_at_fixed_CO,N2,0.799,H2,0.399,CO,0.32,0.32,0.399,0.799,1.518,59.66450585690253,completed,The solver successfully reached the end of the integration interval.
H2_vs_N2_at_fixed_CO,N2,0.8,H2,0.399,CO,0.32,0.32,0.399,0.8,1.5190000000000001,59.64382906650367,completed,The solver successfully reached the end of the integration interval.
H2_vs_N2_at_fixed_CO,N2,0.8444444444444444,H2,0.399,CO,0.32,0.32,0.399,0.8444444444444444,1.5634444444444444,58.74079768880078,completed,The solver successfully reached the end of the integration interval.
H2_vs_N2_at_fixed_CO,N2,0.8888888888888888,H2,0.399,CO,0.32,0.32,0.399,0.8888888888888888,1.607888888888889,57.86783888822842,completed,The solver successfully reached the end of the integration interval.
H2_vs_N2_at_fixed_CO,N2,0.9333333333333332,H2,0.399,CO,0.32,0.32,0.399,0.9333333333333332,1.6523333333333332,57.02323838338462,completed,The solver successfully reached the end of the integration interval.
H2_vs_N2_at_fixed_CO,N2,0.9777777777777777,H2,0.399,CO,0.32,0.32,0.399,0.9777777777777777,1.6967777777777777,56.20547638002681,completed,The solver successfully reached the end of the integration interval.
H2_vs_N2_at_fixed_CO,N2,1.0222222222222221,H2,0.399,CO,0.32,0.32,0.399,1.0222222222222221,1.7412222222222222,55.41310988505585,completed,The solver successfully reached the end of the integration interval.
H2_vs_N2_at_fixed_CO,N2,1.0666666666666667,H2,0.399,CO,0.32,0.32,0.399,1.0666666666666667,1.7856666666666667,54.64479015241316,completed,The solver successfully reached the end of the integration interval.
H2_vs_N2_at_fixed_CO,N2,1.1111111111111112,H2,0.399,CO,0.32,0.32,0.399,1.1111111111111112,1.8301111111111112,53.89933214480307,completed,The solver successfully reached the end of the integration interval.
H2_vs_N2_at_fixed_CO,N2,1.1555555555555554,H2,0.399,CO,0.32,0.32,0.399,1.1555555555555554,1.8745555555555555,53.17556756748727,completed,The solver successfully reached the end of the integration interval.
H2_vs_N2_at_fixed_CO,N2,1.2,H2,0.399,CO,0.32,0.32,0.399,1.2,1.919,52.47260797526084,completed,The solver successfully reached the end of the integration interval.
H2_vs_N2_at_fixed_CO,N2,0.4,H2,0.4222222222222222,CO,0.32,0.32,0.4222222222222222,0.4,1.1422222222222222,72.78269576152859,completed,The solver successfully reached the end of the integration interval.
H2_vs_N2_at_fixed_CO,N2,0.4444444444444445,H2,0.4222222222222222,CO,0.32,0.32,0.4222222222222222,0.4444444444444445,1.1866666666666668,71.48842179623789,completed,The solver successfully reached the end of the integration interval.
H2_vs_N2_at_fixed_CO,N2,0.48888888888888893,H2,0.4222222222222222,CO,0.32,0.32,0.4222222222222222,0.48888888888888893,1.2311111111111113,70.24605500553078,completed,The solver successfully reached the end of the integration interval.
H2_vs_N2_at_fixed_CO,N2,0.5333333333333333,H2,0.4222222222222222,CO,0.32,0.32,0.4222222222222222,0.5333333333333333,1.2755555555555556,69.05233485679818,completed,The solver successfully reached the end of the integration interval.
H2_vs_N2_at_fixed_CO,N2,0.5777777777777777,H2,0.4222222222222222,CO,0.32,0.32,0.4222222222222222,0.5777777777777777,1.3199999999999998,67.90404523945053,completed,The solver successfully reached the end of the integration interval.
H2_vs_N2_at_fixed_CO,N2,0.6222222222222222,H2,0.4222222222222222,CO,0.32,0.32,0.4222222222222222,0.6222222222222222,1.3644444444444446,66.79846361561748,completed,The solver successfully reached the end of the integration interval.
H2_vs_N2_at_fixed_CO,N2,0.6666666666666666,H2,0.4222222222222222,CO,0.32,0.32,0.4222222222222222,0.6666666666666666,1.4088888888888889,65.73296915793088,completed,The solver successfully reached the end of the integration interval.
H2_vs_N2_at_fixed_CO,N2,0.711111111111111,H2,0.4222222222222222,CO,0.32,0.32,0.4222222222222222,0.711111111111111,1.4533333333333331,64.70518038152646,completed,The solver successfully reached the end of the integration interval.
H2_vs_N2_at_fixed_CO,N2,0.7555555555555555,H2,0.4222222222222222,CO,0.32,0.32,0.4222222222222222,0.7555555555555555,1.4977777777777779,63.71294226267121,completed,The solver successfully reached the end of the integration interval.
H2_vs_N2_at_fixed_CO,N2,0.799,H2,0.4222222222222222,CO,0.32,0.32,0.4222222222222222,0.799,1.5412222222222223,62.77529173912869,completed,The solver successfully reached the end of the integration interval.
H2_vs_N2_at_fixed_CO,N2,0.8,H2,0.4222222222222222,CO,0.32,0.32,0.4222222222222222,0.8,1.5422222222222222,62.754071198835646,completed,The solver successfully reached the end of the integration interval.
H2_vs_N2_at_fixed_CO,N2,0.8444444444444444,H2,0.4222222222222222,CO,0.32,0.32,0.4222222222222222,0.8444444444444444,1.5866666666666667,61.82676722048769,completed,The solver successfully reached the end of the integration interval.
H2_vs_N2_at_fixed_CO,N2,0.8888888888888888,H2,0.4222222222222222,CO,0.32,0.32,0.4222222222222222,0.8888888888888888,1.6311111111111112,60.929354082946354,completed,The solver successfully reached the end of the integration interval.
H2_vs_N2_at_fixed_CO,N2,0.9333333333333332,H2,0.4222222222222222,CO,0.32,0.32,0.4222222222222222,0.9333333333333332,1.6755555555555555,60.06019657591035,completed,The solver successfully reached the end of the integration interval.
H2_vs_N2_at_fixed_CO,N2,0.9777777777777777,H2,0.4222222222222222,CO,0.32,0.32,0.4222222222222222,0.9777777777777777,1.72,59.21780284411816,completed,The solver successfully reached the end of the integration interval.
H2_vs_N2_at_fixed_CO,N2,1.0222222222222221,H2,0.4222222222222222,CO,0.32,0.32,0.4222222222222222,1.0222222222222221,1.7644444444444445,58.40082104670162,completed,The solver successfully reached the end of the integration interval.
H2_vs_N2_at_fixed_CO,N2,1.0666666666666667,H2,0.4222222222222222,CO,0.32,0.32,0.4222222222222222,1.0666666666666667,1.8088888888888888,57.60802114027592,completed,The solver successfully reached the end of the integration interval.
H2_vs_N2_at_fixed_CO,N2,1.1111111111111112,H2,0.4222222222222222,CO,0.32,0.32,0.4222222222222222,1.1111111111111112,1.8533333333333335,56.83815372491434,completed,The solver successfully reached the end of the integration interval.
H2_vs_N2_at_fixed_CO,N2,1.1555555555555554,H2,0.4222222222222222,CO,0.32,0.32,0.4222222222222222,1.1555555555555554,1.8977777777777778,56.09012378076261,completed,The solver successfully reached the end of the integration interval.
H2_vs_N2_at_fixed_CO,N2,1.2,H2,0.4222222222222222,CO,0.32,0.32,0.4222222222222222,1.2,1.942222222222222,55.36291822521137,completed,The solver successfully reached the end of the integration interval.
H2_vs_N2_at_fixed_CO,N2,0.4,H2,0.4777777777777778,CO,0.32,0.32,0.4777777777777778,0.4,1.1977777777777778,79.85994654917145,completed,The solver successfully reached the end of the integration interval.
H2_vs_N2_at_fixed_CO,N2,0.4444444444444445,H2,0.4777777777777778,CO,0.32,0.32,0.4777777777777778,0.4444444444444445,1.2422222222222223,78.58245812285183,completed,The solver successfully reached the end of the integration interval.
H2_vs_N2_at_fixed_CO,N2,0.48888888888888893,H2,0.4777777777777778,CO,0.32,0.32,0.4777777777777778,0.48888888888888893,1.2866666666666666,77.3455053040193,completed,The solver successfully reached the end of the integration interval.
H2_vs_N2_at_fixed_CO,N2,0.5333333333333333,H2,0.4777777777777778,CO,0.32,0.32,0.4777777777777778,0.5333333333333333,1.3311111111111111,76.14768579778614,completed,The solver successfully reached the end of the integration interval.
H2_vs_N2_at_fixed_CO,N2,0.5777777777777777,H2,0.4777777777777778,CO,0.32,0.32,0.4777777777777778,0.5777777777777777,1.3755555555555556,74.98781540176206,completed,The solver successfully reached the end of the integration interval.
H2_vs_N2_at_fixed_CO,N2,0.6222222222222222,H2,0.4777777777777778,CO,0.32,0.32,0.4777777777777778,0.6222222222222222,1.42,73.86428327464819,completed,The solver successfully reached the end of the integration interval.
H2_vs_N2_at_fixed_CO,N2,0.6666666666666666,H2,0.4777777777777778,CO,0.32,0.32,0.4777777777777778,0.6666666666666666,1.4644444444444444,72.7756112487928,completed,The solver successfully reached the end of the integration interval.
H2_vs_N2_at_fixed_CO,N2,0.711111111111111,H2,0.4777777777777778,CO,0.32,0.32,0.4777777777777778,0.711111111111111,1.508888888888889,71.72031706130775,completed,The solver successfully reached the end of the integration interval.
H2_vs_N2_at_fixed_CO,N2,0.7555555555555555,H2,0.4777777777777778,CO,0.32,0.32,0.4777777777777778,0.7555555555555555,1.5533333333333332,70.69692833898128,completed,The solver successfully reached the end of the integration interval.
H2_vs_N2_at_fixed_CO,N2,0.799,H2,0.4777777777777778,CO,0.32,0.32,0.4777777777777778,0.799,1.5967777777777779,69.72606084196379,completed,The solver successfully reached the end of the integration interval.
H2_vs_N2_at_fixed_CO,N2,0.8,H2,0.4777777777777778,CO,0.32,0.32,0.4777777777777778,0.8,1.597777777777778,69.7040464075291,completed,The solver successfully reached the end of the integration interval.
H2_vs_N2_at_fixed_CO,N2,0.8444444444444444,H2,0.4777777777777778,CO,0.32,0.32,0.4777777777777778,0.8444444444444444,1.6422222222222222,68.7402977945216,completed,The solver successfully reached the end of the integration interval.
H2_vs_N2_at_fixed_CO,N2,0.8888888888888888,H2,0.4777777777777778,CO,0.32,0.32,0.4777777777777778,0.8888888888888888,1.6866666666666665,67.80448565512486,completed,The solver successfully reached the end of the integration interval.
H2_vs_N2_at_fixed_CO,N2,0.9333333333333332,H2,0.4777777777777778,CO,0.32,0.32,0.4777777777777778,0.9333333333333332,1.731111111111111,66.89525809976129,completed,The solver successfully reached the end of the integration interval.
H2_vs_N2_at_fixed_CO,N2,0.9777777777777777,H2,0.4777777777777778,CO,0.32,0.32,0.4777777777777778,0.9777777777777777,1.7755555555555556,66.01140983841395,completed,The solver successfully reached the end of the integration interval.
H2_vs_N2_at_fixed_CO,N2,1.0222222222222221,H2,0.4777777777777778,CO,0.32,0.32,0.4777777777777778,1.0222222222222221,1.8199999999999998,65.15195505419405,completed,The solver successfully reached the end of the integration interval.
H2_vs_N2_at_fixed_CO,N2,1.0666666666666667,H2,0.4777777777777778,CO,0.32,0.32,0.4777777777777778,1.0666666666666667,1.8644444444444446,64.31570979607667,completed,The solver successfully reached the end of the integration interval.
H2_vs_N2_at_fixed_CO,N2,1.1111111111111112,H2,0.4777777777777778,CO,0.32,0.32,0.4777777777777778,1.1111111111111112,1.9088888888888889,63.501709093886085,completed,The solver successfully reached the end of the integration interval.
H2_vs_N2_at_fixed_CO,N2,1.1555555555555554,H2,0.4777777777777778,CO,0.32,0.32,0.4777777777777778,1.1555555555555554,1.9533333333333331,62.70907695257861,completed,The solver successfully reached the end of the integration interval.
H2_vs_N2_at_fixed_CO,N2,1.2,H2,0.4777777777777778,CO,0.32,0.32,0.4777777777777778,1.2,1.9977777777777779,61.93688827852492,completed,The solver successfully reached the end of the integration interval.
H2_vs_N2_at_fixed_CO,N2,0.4,H2,0.5333333333333333,CO,0.32,0.32,0.5333333333333333,0.4,1.2533333333333334,85.68549492075114,completed,The solver successfully reached the end of the integration interval.
H2_vs_N2_at_fixed_CO,N2,0.4444444444444445,H2,0.5333333333333333,CO,0.32,0.32,0.5333333333333333,0.4444444444444445,1.2977777777777777,84.50054752006973,completed,The solver successfully reached the end of the integration interval.
H2_vs_N2_at_fixed_CO,N2,0.48888888888888893,H2,0.5333333333333333,CO,0.32,0.32,0.5333333333333333,0.48888888888888893,1.3422222222222222,83.33728944493026,completed,The solver successfully reached the end of the integration interval.
H2_vs_N2_at_fixed_CO,N2,0.5333333333333333,H2,0.5333333333333333,CO,0.32,0.32,0.5333333333333333,0.5333333333333333,1.3866666666666667,82.19741637423186,completed,The solver successfully reached the end of the integration interval.
H2_vs_N2_at_fixed_CO,N2,0.5777777777777777,H2,0.5333333333333333,CO,0.32,0.32,0.5333333333333333,0.5777777777777777,1.431111111111111,81.08212094123456,completed,The solver successfully reached the end of the integration interval.
H2_vs_N2_at_fixed_CO,N2,0.6222222222222222,H2,0.5333333333333333,CO,0.32,0.32,0.5333333333333333,0.6222222222222222,1.4755555555555555,79.99190667849884,completed,The solver successfully reached the end of the integration interval.
H2_vs_N2_at_fixed_CO,N2,0.6666666666666666,H2,0.5333333333333333,CO,0.32,0.32,0.5333333333333333,0.6666666666666666,1.52,78.92695995375877,completed,The solver successfully reached the end of the integration interval.
H2_vs_N2_at_fixed_CO,N2,0.711111111111111,H2,0.5333333333333333,CO,0.32,0.32,0.5333333333333333,0.711111111111111,1.5644444444444443,77.88713100194498,completed,The solver successfully reached the end of the integration interval.
H2_vs_N2_at_fixed_CO,N2,0.7555555555555555,H2,0.5333333333333333,CO,0.32,0.32,0.5333333333333333,0.7555555555555555,1.6088888888888888,76.87224928330102,completed,The solver successfully reached the end of the integration interval.
H2_vs_N2_at_fixed_CO,N2,0.799,H2,0.5333333333333333,CO,0.32,0.32,0.5333333333333333,0.799,1.6523333333333334,75.9038769202466,completed,The solver successfully reached the end of the integration interval.
H2_vs_N2_at_fixed_CO,N2,0.8,H2,0.5333333333333333,CO,0.32,0.32,0.5333333333333333,0.8,1.6533333333333333,75.88185863127643,completed,The solver successfully reached the end of the integration interval.
H2_vs_N2_at_fixed_CO,N2,0.8444444444444444,H2,0.5333333333333333,CO,0.32,0.32,0.5333333333333333,0.8444444444444444,1.6977777777777778,74.91542788504758,completed,The solver successfully reached the end of the integration interval.
H2_vs_N2_at_fixed_CO,N2,0.8888888888888888,H2,0.5333333333333333,CO,0.32,0.32,0.5333333333333333,0.8888888888888888,1.7422222222222221,73.97239779658682,completed,The solver successfully reached the end of the integration interval.
H2_vs_N2_at_fixed_CO,N2,0.9333333333333332,H2,0.5333333333333333,CO,0.32,0.32,0.5333333333333333,0.9333333333333332,1.7866666666666666,73.05232187239224,completed,The solver successfully reached the end of the integration interval.
H2_vs_N2_at_fixed_CO,N2,0.9777777777777777,H2,0.5333333333333333,CO,0.32,0.32,0.5333333333333333,0.9777777777777777,1.8311111111111111,72.15415623738375,completed,The solver successfully reached the end of the integration interval.
H2_vs_N2_at_fixed_CO,N2,1.0222222222222221,H2,0.5333333333333333,CO,0.32,0.32,0.5333333333333333,1.0222222222222221,1.8755555555555554,71.27744762441426,completed,The solver successfully reached the end of the integration interval.
H2_vs_N2_at_fixed_CO,N2,1.0666666666666667,H2,0.5333333333333333,CO,0.32,0.32,0.5333333333333333,1.0666666666666667,1.92,70.42147407273734,completed,The solver successfully reached the end of the integration interval.
H2_vs_N2_at_fixed_CO,N2,1.1111111111111112,H2,0.5333333333333333,CO,0.32,0.32,0.5333333333333333,1.1111111111111112,1.9644444444444444,69.58571767932332,completed,The solver successfully reached the end of the integration interval.
H2_vs_N2_at_fixed_CO,N2,1.1555555555555554,H2,0.5333333333333333,CO,0.32,0.32,0.5333333333333333,1.1555555555555554,2.008888888888889,68.76939570533484,completed,The solver successfully reached the end of the integration interval.
H2_vs_N2_at_fixed_CO,N2,1.2,H2,0.5333333333333333,CO,0.32,0.32,0.5333333333333333,1.2,2.0533333333333332,67.97192215647915,completed,The solver successfully reached the end of the integration interval.
H2_vs_N2_at_fixed_CO,N2,0.4,H2,0.5888888888888888,CO,0.32,0.32,0.5888888888888888,0.4,1.3088888888888888,90.18755370470855,completed,The solver successfully reached the end of the integration interval.
H2_vs_N2_at_fixed_CO,N2,0.4444444444444445,H2,0.5888888888888888,CO,0.32,0.32,0.5888888888888888,0.4444444444444445,1.3533333333333333,89.164132525382,completed,The solver successfully reached the end of the integration interval.
H2_vs_N2_at_fixed_CO,N2,0.48888888888888893,H2,0.5888888888888888,CO,0.32,0.32,0.5888888888888888,0.48888888888888893,1.3977777777777778,88.13921058711375,completed,The solver successfully reached the end of the integration interval.
H2_vs_N2_at_fixed_CO,N2,0.5333333333333333,H2,0.5888888888888888,CO,0.32,0.32,0.5888888888888888,0.5333333333333333,1.442222222222222,87.11752485898275,completed,The solver successfully reached the end of the integration interval.
H2_vs_N2_at_fixed_CO,N2,0.5777777777777777,H2,0.5888888888888888,CO,0.32,0.32,0.5888888888888888,0.5777777777777777,1.4866666666666666,86.10273414430559,completed,The solver successfully reached the end of the integration interval.
H2_vs_N2_at_fixed_CO,N2,0.6222222222222222,H2,0.5888888888888888,CO,0.32,0.32,0.5888888888888888,0.6222222222222222,1.531111111111111,85.09766958755134,completed,The solver successfully reached the end of the integration interval.
H2_vs_N2_at_fixed_CO,N2,0.6666666666666666,H2,0.5888888888888888,CO,0.32,0.32,0.5888888888888888,0.6666666666666666,1.5755555555555554,84.10449340270776,completed,The solver successfully reached the end of the integration interval.
H2_vs_N2_at_fixed_CO,N2,0.711111111111111,H2,0.5888888888888888,CO,0.32,0.32,0.5888888888888888,0.711111111111111,1.6199999999999999,83.12481992287876,completed,The solver successfully reached the end of the integration interval.
H2_vs_N2_at_fixed_CO,N2,0.7555555555555555,H2,0.5888888888888888,CO,0.32,0.32,0.5888888888888888,0.7555555555555555,1.6644444444444444,82.15986667864078,completed,The solver successfully reached the end of the integration interval.
H2_vs_N2_at_fixed_CO,N2,0.799,H2,0.5888888888888888,CO,0.32,0.32,0.5888888888888888,0.799,1.7078888888888888,81.23163767644851,completed,The solver successfully reached the end of the integration interval.
H2_vs_N2_at_fixed_CO,N2,0.8,H2,0.5888888888888888,CO,0.32,0.32,0.5888888888888888,0.8,1.708888888888889,81.21045146435935,completed,The solver successfully reached the end of the integration interval.
H2_vs_N2_at_fixed_CO,N2,0.8444444444444444,H2,0.5888888888888888,CO,0.32,0.32,0.5888888888888888,0.8444444444444444,1.7533333333333332,80.27712698858174,completed,The solver successfully reached the end of the integration interval.
H2_vs_N2_at_fixed_CO,N2,0.8888888888888888,H2,0.5888888888888888,CO,0.32,0.32,0.5888888888888888,0.8888888888888888,1.7977777777777777,79.3603417736581,completed,The solver successfully reached the end of the integration interval.
H2_vs_N2_at_fixed_CO,N2,0.9333333333333332,H2,0.5888888888888888,CO,0.32,0.32,0.5888888888888888,0.9333333333333332,1.842222222222222,78.46043666194767,completed,The solver successfully reached the end of the integration interval.
H2_vs_N2_at_fixed_CO,N2,0.9777777777777777,H2,0.5888888888888888,CO,0.32,0.32,0.5888888888888888,0.9777777777777777,1.8866666666666665,77.57708253651698,completed,The solver successfully reached the end of the integration interval.
H2_vs_N2_at_fixed_CO,N2,1.0222222222222221,H2,0.5888888888888888,CO,0.32,0.32,0.5888888888888888,1.0222222222222221,1.931111111111111,76.71053076884891,completed,The solver successfully reached the end of the integration interval.
H2_vs_N2_at_fixed_CO,N2,1.0666666666666667,H2,0.5888888888888888,CO,0.32,0.32,0.5888888888888888,1.0666666666666667,1.9755555555555555,75.86046566669464,completed,The solver successfully reached the end of the integration interval.
H2_vs_N2_at_fixed_CO,N2,1.1111111111111112,H2,0.5888888888888888,CO,0.32,0.32,0.5888888888888888,1.1111111111111112,2.02,75.0269763342548,completed,The solver successfully reached the end of the integration interval.
H2_vs_N2_at_fixed_CO,N2,1.1555555555555554,H2,0.5888888888888888,CO,0.32,0.32,0.5888888888888888,1.1555555555555554,2.0644444444444443,74.20963389633117,completed,The solver successfully reached the end of the integration interval.
H2_vs_N2_at_fixed_CO,N2,1.2,H2,0.5888888888888888,CO,0.32,0.32,0.5888888888888888,1.2,2.1088888888888886,73.40820877399992,completed,The solver successfully reached the end of the integration interval.
H2_vs_N2_at_fixed_CO,N2,0.4,H2,0.6444444444444444,CO,0.32,0.32,0.6444444444444444,0.4,1.3644444444444443,93.42028109301158,completed,The solver successfully reached the end of the integration interval.
H2_vs_N2_at_fixed_CO,N2,0.4444444444444445,H2,0.6444444444444444,CO,0.32,0.32,0.6444444444444444,0.4444444444444445,1.4088888888888889,92.60242536307453,completed,The solver successfully reached the end of the integration interval.
H2_vs_N2_at_fixed_CO,N2,0.48888888888888893,H2,0.6444444444444444,CO,0.32,0.32,0.6444444444444444,0.48888888888888893,1.4533333333333334,91.76142581381386,completed,The solver successfully reached the end of the integration interval.
H2_vs_N2_at_fixed_CO,N2,0.5333333333333333,H2,0.6444444444444444,CO,0.32,0.32,0.6444444444444444,0.5333333333333333,1.4977777777777777,90.90360423854852,completed,The solver successfully reached the end of the integration interval.
H2_vs_N2_at_fixed_CO,N2,0.5777777777777777,H2,0.6444444444444444,CO,0.32,0.32,0.6444444444444444,0.5777777777777777,1.5422222222222222,90.03427468529655,completed,The solver successfully reached the end of the integration interval.
H2_vs_N2_at_fixed_CO,N2,0.6222222222222222,H2,0.6444444444444444,CO,0.32,0.32,0.6444444444444444,0.6222222222222222,1.5866666666666667,89.15798318468765,completed,The solver successfully reached the end of the integration interval.
H2_vs_N2_at_fixed_CO,N2,0.6666666666666666,H2,0.6444444444444444,CO,0.32,0.32,0.6444444444444444,0.6666666666666666,1.631111111111111,88.27858003970334,completed,The solver successfully reached the end of the integration interval.
H2_vs_N2_at_fixed_CO,N2,0.711111111111111,H2,0.6444444444444444,CO,0.32,0.32,0.6444444444444444,0.711111111111111,1.6755555555555555,87.39908930135206,completed,The solver successfully reached the end of the integration interval.
H2_vs_N2_at_fixed_CO,N2,0.7555555555555555,H2,0.6444444444444444,CO,0.32,0.32,0.6444444444444444,0.7555555555555555,1.72,86.52212685954214,completed,The solver successfully reached the end of the integration interval.
H2_vs_N2_at_fixed_CO,N2,0.799,H2,0.6444444444444444,CO,0.32,0.32,0.6444444444444444,0.799,1.7634444444444444,85.66928181492021,completed,The solver successfully reached the end of the integration interval.
H2_vs_N2_at_fixed_CO,N2,0.8,H2,0.6444444444444444,CO,0.32,0.32,0.6444444444444444,0.8,1.7644444444444445,85.64971900370672,completed,The solver successfully reached the end of the integration interval.
H2_vs_N2_at_fixed_CO,N2,0.8444444444444444,H2,0.6444444444444444,CO,0.32,0.32,0.6444444444444444,0.8444444444444444,1.8088888888888888,84.78376659933478,completed,The solver successfully reached the end of the integration interval.
H2_vs_N2_at_fixed_CO,N2,0.8888888888888888,H2,0.6444444444444444,CO,0.32,0.32,0.6444444444444444,0.8888888888888888,1.8533333333333333,83.92557851475102,completed,The solver successfully reached the end of the integration interval.
H2_vs_N2_at_fixed_CO,N2,0.9333333333333332,H2,0.6444444444444444,CO,0.32,0.32,0.6444444444444444,0.9333333333333332,1.8977777777777776,83.07623699751079,completed,The solver successfully reached the end of the integration interval.
H2_vs_N2_at_fixed_CO,N2,0.9777777777777777,H2,0.6444444444444444,CO,0.32,0.32,0.6444444444444444,0.9777777777777777,1.942222222222222,82.23668158722876,completed,The solver successfully reached the end of the integration interval.
H2_vs_N2_at_fixed_CO,N2,1.0222222222222221,H2,0.6444444444444444,CO,0.32,0.32,0.6444444444444444,1.0222222222222221,1.9866666666666666,81.4074887330067,completed,The solver successfully reached the end of the integration interval.
H2_vs_N2_at_fixed_CO,N2,1.0666666666666667,H2,0.6444444444444444,CO,0.32,0.32,0.6444444444444444,1.0666666666666667,2.031111111111111,80.58923657485478,completed,The solver successfully reached the end of the integration interval.
H2_vs_N2_at_fixed_CO,N2,1.1111111111111112,H2,0.6444444444444444,CO,0.32,0.32,0.6444444444444444,1.1111111111111112,2.0755555555555554,79.78230732840272,completed,The solver successfully reached the end of the integration interval.
H2_vs_N2_at_fixed_CO,N2,1.1555555555555554,H2,0.6444444444444444,CO,0.32,0.32,0.6444444444444444,1.1555555555555554,2.1199999999999997,78.98699121876948,completed,The solver successfully reached the end of the integration interval.
H2_vs_N2_at_fixed_CO,N2,1.2,H2,0.6444444444444444,CO,0.32,0.32,0.6444444444444444,1.2,2.1644444444444444,78.20346728567647,completed,The solver successfully reached the end of the integration interval.
H2_vs_N2_at_fixed_CO,N2,0.4,H2,0.7,CO,0.32,0.32,0.7,0.4,1.42,95.56949857322562,completed,The solver successfully reached the end of the integration interval.
H2_vs_N2_at_fixed_CO,N2,0.4444444444444445,H2,0.7,CO,0.32,0.32,0.7,0.4444444444444445,1.4644444444444444,94.96359506478204,completed,The solver successfully reached the end of the integration interval.
H2_vs_N2_at_fixed_CO,N2,0.48888888888888893,H2,0.7,CO,0.32,0.32,0.7,0.48888888888888893,1.508888888888889,94.32071202947525,completed,The solver successfully reached the end of the integration interval.
H2_vs_N2_at_fixed_CO,N2,0.5333333333333333,H2,0.7,CO,0.32,0.32,0.7,0.5333333333333333,1.5533333333333332,93.64650882137603,completed,The solver successfully reached the end of the integration interval.
H2_vs_N2_at_fixed_CO,N2,0.5777777777777777,H2,0.7,CO,0.32,0.32,0.7,0.5777777777777777,1.5977777777777777,92.94630716695312,completed,The solver successfully reached the end of the integration interval.
H2_vs_N2_at_fixed_CO,N2,0.6222222222222222,H2,0.7,CO,0.32,0.32,0.7,0.6222222222222222,1.6422222222222222,92.22497231854283,completed,The solver successfully reached the end of the integration interval.
H2_vs_N2_at_fixed_CO,N2,0.6666666666666666,H2,0.7,CO,0.32,0.32,0.7,0.6666666666666666,1.6866666666666665,91.48694707916613,completed,The solver successfully reached the end of the integration interval.
H2_vs_N2_at_fixed_CO,N2,0.711111111111111,H2,0.7,CO,0.32,0.32,0.7,0.711111111111111,1.731111111111111,90.7360471072262,completed,The solver successfully reached the end of the integration interval.
H2_vs_N2_at_fixed_CO,N2,0.7555555555555555,H2,0.7,CO,0.32,0.32,0.7,0.7555555555555555,1.7755555555555556,89.97564415216522,completed,The solver successfully reached the end of the integration interval.
H2_vs_N2_at_fixed_CO,N2,0.799,H2,0.7,CO,0.32,0.32,0.7,0.799,1.819,89.22604473631273,completed,The solver successfully reached the end of the integration interval.
H2_vs_N2_at_fixed_CO,N2,0.8,H2,0.7,CO,0.32,0.32,0.7,0.8,1.82,89.20873779564214,completed,The solver successfully reached the end of the integration interval.
H2_vs_N2_at_fixed_CO,N2,0.8444444444444444,H2,0.7,CO,0.32,0.32,0.7,0.8444444444444444,1.8644444444444443,88.43794754920424,completed,The solver successfully reached the end of the integration interval.
H2_vs_N2_at_fixed_CO,N2,0.8888888888888888,H2,0.7,CO,0.32,0.32,0.7,0.8888888888888888,1.9088888888888889,87.665446070138,completed,The solver successfully reached the end of the integration interval.
H2_vs_N2_at_fixed_CO,N2,0.9333333333333332,H2,0.7,CO,0.32,0.32,0.7,0.9333333333333332,1.9533333333333331,86.89312487663898,completed,The solver successfully reached the end of the integration interval.
H2_vs_N2_at_fixed_CO,N2,0.9777777777777777,H2,0.7,CO,0.32,0.32,0.7,0.9777777777777777,1.9977777777777777,86.12262358573713,completed,The solver successfully reached the end of the integration interval.
H2_vs_N2_at_fixed_CO,N2,1.0222222222222221,H2,0.7,CO,0.32,0.32,0.7,1.0222222222222221,2.042222222222222,85.35524339415507,completed,The solver successfully reached the end of the integration interval.
H2_vs_N2_at_fixed_CO,N2,1.0666666666666667,H2,0.7,CO,0.32,0.32,0.7,1.0666666666666667,2.0866666666666664,84.5921594550717,completed,The solver successfully reached the end of the integration interval.
H2_vs_N2_at_fixed_CO,N2,1.1111111111111112,H2,0.7,CO,0.32,0.32,0.7,1.1111111111111112,2.131111111111111,83.83434120513053,completed,The solver successfully reached the end of the integration interval.
H2_vs_N2_at_fixed_CO,N2,1.1555555555555554,H2,0.7,CO,0.32,0.32,0.7,1.1555555555555554,2.1755555555555555,83.0825720108264,completed,The solver successfully reached the end of the integration interval.
H2_vs_N2_at_fixed_CO,N2,1.2,H2,0.7,CO,0.32,0.32,0.7,1.2,2.2199999999999998,82.33754257861953,completed,The solver successfully reached the end of the integration interval.
H2_vs_N2_at_fixed_CO,N2,0.4,H2,0.7555555555555555,CO,0.32,0.32,0.7555555555555555,0.4,1.4755555555555555,96.90290000512711,completed,The solver successfully reached the end of the integration interval.
H2_vs_N2_at_fixed_CO,N2,0.4444444444444445,H2,0.7555555555555555,CO,0.32,0.32,0.7555555555555555,0.4444444444444445,1.52,96.48120212727342,completed,The solver successfully reached the end of the integration interval.
H2_vs_N2_at_fixed_CO,N2,0.48888888888888893,H2,0.7555555555555555,CO,0.32,0.32,0.7555555555555555,0.48888888888888893,1.5644444444444445,96.01891605408515,completed,The solver successfully reached the end of the integration interval.
H2_vs_N2_at_fixed_CO,N2,0.5333333333333333,H2,0.7555555555555555,CO,0.32,0.32,0.7555555555555555,0.5333333333333333,1.6088888888888888,95.51947161744549,completed,The solver successfully reached the end of the integration interval.
H2_vs_N2_at_fixed_CO,N2,0.5777777777777777,H2,0.7555555555555555,CO,0.32,0.32,0.7555555555555555,0.5777777777777777,1.6533333333333333,94.98652433725913,completed,The solver successfully reached the end of the integration interval.
H2_vs_N2_at_fixed_CO,N2,0.6222222222222222,H2,0.7555555555555555,CO,0.32,0.32,0.7555555555555555,0.6222222222222222,1.6977777777777778,94.42388350471806,completed,The solver successfully reached the end of the integration interval.
H2_vs_N2_at_fixed_CO,N2,0.6666666666666666,H2,0.7555555555555555,CO,0.32,0.32,0.7555555555555555,0.6666666666666666,1.7422222222222221,93.8353222888871,completed,The solver successfully reached the end of the integration interval.
H2_vs_N2_at_fixed_CO,N2,0.711111111111111,H2,0.7555555555555555,CO,0.32,0.32,0.7555555555555555,0.711111111111111,1.7866666666666666,93.22444180722057,completed,The solver successfully reached the end of the integration interval.
H2_vs_N2_at_fixed_CO,N2,0.7555555555555555,H2,0.7555555555555555,CO,0.32,0.32,0.7555555555555555,0.7555555555555555,1.8311111111111111,92.59463557854767,completed,The solver successfully reached the end of the integration interval.
H2_vs_N2_at_fixed_CO,N2,0.799,H2,0.7555555555555555,CO,0.32,0.32,0.7555555555555555,0.799,1.8745555555555555,91.96373899244162,completed,The solver successfully reached the end of the integration interval.
H2_vs_N2_at_fixed_CO,N2,0.8,H2,0.7555555555555555,CO,0.32,0.32,0.7555555555555555,0.8,1.8755555555555556,91.94906114964587,completed,The solver successfully reached the end of the integration interval.
H2_vs_N2_at_fixed_CO,N2,0.8444444444444444,H2,0.7555555555555555,CO,0.32,0.32,0.7555555555555555,0.8444444444444444,1.92,91.29055522953136,completed,The solver successfully reached the end of the integration interval.
H2_vs_N2_at_fixed_CO,N2,0.8888888888888888,H2,0.7555555555555555,CO,0.32,0.32,0.7555555555555555,0.8888888888888888,1.9644444444444444,90.62182095513434,completed,The solver successfully reached the end of the integration interval.
H2_vs_N2_at_fixed_CO,N2,0.9333333333333332,H2,0.7555555555555555,CO,0.32,0.32,0.7555555555555555,0.9333333333333332,2.008888888888889,89.94497294922297,completed,The solver successfully reached the end of the integration interval.
H2_vs_N2_at_fixed_CO,N2,0.9777777777777777,H2,0.7555555555555555,CO,0.32,0.32,0.7555555555555555,0.9777777777777777,2.0533333333333332,89.26216354709487,completed,The solver successfully reached the end of the integration interval.
H2_vs_N2_at_fixed_CO,N2,1.0222222222222221,H2,0.7555555555555555,CO,0.32,0.32,0.7555555555555555,1.0222222222222221,2.0977777777777775,88.57526903054813,completed,The solver successfully reached the end of the integration interval.
H2_vs_N2_at_fixed_CO,N2,1.0666666666666667,H2,0.7555555555555555,CO,0.32,0.32,0.7555555555555555,1.0666666666666667,2.1422222222222222,87.88592727251626,completed,The solver successfully reached the end of the integration interval.
H2_vs_N2_at_fixed_CO,N2,1.1111111111111112,H2,0.7555555555555555,CO,0.32,0.32,0.7555555555555555,1.1111111111111112,2.1866666666666665,87.19544220464165,completed,The solver successfully reached the end of the integration interval.
H2_vs_N2_at_fixed_CO,N2,1.1555555555555554,H2,0.7555555555555555,CO,0.32,0.32,0.7555555555555555,1.1555555555555554,2.231111111111111,86.5051325076307,completed,The solver successfully reached the end of the integration interval.
H2_vs_N2_at_fixed_CO,N2,1.2,H2,0.7555555555555555,CO,0.32,0.32,0.7555555555555555,1.2,2.2755555555555556,85.81605267774515,completed,The solver successfully reached the end of the integration interval.
H2_vs_N2_at_fixed_CO,N2,0.4,H2,0.8111111111111111,CO,0.32,0.32,0.8111111111111111,0.4,1.531111111111111,97.69154556512233,completed,The solver successfully reached the end of the integration interval.
H2_vs_N2_at_fixed_CO,N2,0.4444444444444445,H2,0.8111111111111111,CO,0.32,0.32,0.8111111111111111,0.4444444444444445,1.5755555555555556,97.40891566707633,completed,The solver successfully reached the end of the integration interval.
H2_vs_N2_at_fixed_CO,N2,0.48888888888888893,H2,0.8111111111111111,CO,0.32,0.32,0.8111111111111111,0.48888888888888893,1.62,97.0900376983327,completed,The solver successfully reached the end of the integration interval.
H2_vs_N2_at_fixed_CO,N2,0.5333333333333333,H2,0.8111111111111111,CO,0.32,0.32,0.8111111111111111,0.5333333333333333,1.6644444444444444,96.73578472617689,completed,The solver successfully reached the end of the integration interval.
H2_vs_N2_at_fixed_CO,N2,0.5777777777777777,H2,0.8111111111111111,CO,0.32,0.32,0.8111111111111111,0.5777777777777777,1.708888888888889,96.34766365120589,completed,The solver successfully reached the end of the integration interval.
H2_vs_N2_at_fixed_CO,N2,0.6222222222222222,H2,0.8111111111111111,CO,0.32,0.32,0.8111111111111111,0.6222222222222222,1.7533333333333334,95.92767980940518,completed,The solver successfully reached the end of the integration interval.
H2_vs_N2_at_fixed_CO,N2,0.6666666666666666,H2,0.8111111111111111,CO,0.32,0.32,0.8111111111111111,0.6666666666666666,1.7977777777777777,95.47817621833168,completed,The solver successfully reached the end of the integration interval.
H2_vs_N2_at_fixed_CO,N2,0.711111111111111,H2,0.8111111111111111,CO,0.32,0.32,0.8111111111111111,0.711111111111111,1.8422222222222222,95.00168784118334,completed,The solver successfully reached the end of the integration interval.
H2_vs_N2_at_fixed_CO,N2,0.7555555555555555,H2,0.8111111111111111,CO,0.32,0.32,0.8111111111111111,0.7555555555555555,1.8866666666666667,94.50082832018693,completed,The solver successfully reached the end of the integration interval.
H2_vs_N2_at_fixed_CO,N2,0.799,H2,0.8111111111111111,CO,0.32,0.32,0.8111111111111111,0.799,1.930111111111111,93.9902663370126,completed,The solver successfully reached the end of the integration interval.
H2_vs_N2_at_fixed_CO,N2,0.8,H2,0.8111111111111111,CO,0.32,0.32,0.8111111111111111,0.8,1.9311111111111112,93.97828668313028,completed,The solver successfully reached the end of the integration interval.
H2_vs_N2_at_fixed_CO,N2,0.8444444444444444,H2,0.8111111111111111,CO,0.32,0.32,0.8111111111111111,0.8444444444444444,1.9755555555555555,93.43646322895555,completed,The solver successfully reached the end of the integration interval.
H2_vs_N2_at_fixed_CO,N2,0.8888888888888888,H2,0.8111111111111111,CO,0.32,0.32,0.8111111111111111,0.8888888888888888,2.02,92.87786030462982,completed,The solver successfully reached the end of the integration interval.
H2_vs_N2_at_fixed_CO,N2,0.9333333333333332,H2,0.8111111111111111,CO,0.32,0.32,0.8111111111111111,0.9333333333333332,2.0644444444444443,92.30479083742532,completed,The solver successfully reached the end of the integration interval.
H2_vs_N2_at_fixed_CO,N2,0.9777777777777777,H2,0.8111111111111111,CO,0.32,0.32,0.8111111111111111,0.9777777777777777,2.108888888888889,91.71939374770122,completed,The solver successfully reached the end of the integration interval.
H2_vs_N2_at_fixed_CO,N2,1.0222222222222221,H2,0.8111111111111111,CO,0.32,0.32,0.8111111111111111,1.0222222222222221,2.1533333333333333,91.12364410639107,completed,The solver successfully reached the end of the integration interval.
H2_vs_N2_at_fixed_CO,N2,1.0666666666666667,H2,0.8111111111111111,CO,0.32,0.32,0.8111111111111111,1.0666666666666667,2.1977777777777776,90.5193622728394,completed,The solver successfully reached the end of the integration interval.
H2_vs_N2_at_fixed_CO,N2,1.1111111111111112,H2,0.8111111111111111,CO,0.32,0.32,0.8111111111111111,1.1111111111111112,2.2422222222222223,89.90821180141717,completed,The solver successfully reached the end of the integration interval.
H2_vs_N2_at_fixed_CO,N2,1.1555555555555554,H2,0.8111111111111111,CO,0.32,0.32,0.8111111111111111,1.1555555555555554,2.2866666666666666,89.29167936693733,completed,The solver successfully reached the end of the integration interval.
H2_vs_N2_at_fixed_CO,N2,1.2,H2,0.8111111111111111,CO,0.32,0.32,0.8111111111111111,1.2,2.331111111111111,88.6711227943867,completed,The solver successfully reached the end of the integration interval.
H2_vs_N2_at_fixed_CO,N2,0.4,H2,0.8666666666666667,CO,0.32,0.32,0.8666666666666667,0.4,1.5866666666666667,98.15105791128858,completed,The solver successfully reached the end of the integration interval.
H2_vs_N2_at_fixed_CO,N2,0.4444444444444445,H2,0.8666666666666667,CO,0.32,0.32,0.8666666666666667,0.4444444444444445,1.6311111111111112,97.96282745147245,completed,The solver successfully reached the end of the integration interval.
H2_vs_N2_at_fixed_CO,N2,0.48888888888888893,H2,0.8666666666666667,CO,0.32,0.32,0.8666666666666667,0.48888888888888893,1.6755555555555557,97.74617238728645,completed,The solver successfully reached the end of the integration interval.
H2_vs_N2_at_fixed_CO,N2,0.5333333333333333,H2,0.8666666666666667,CO,0.32,0.32,0.8666666666666667,0.5333333333333333,1.72,97.50020658975133,completed,The solver successfully reached the end of the integration interval.
H2_vs_N2_at_fixed_CO,N2,0.5777777777777777,H2,0.8666666666666667,CO,0.32,0.32,0.8666666666666667,0.5777777777777777,1.7644444444444445,97.22467086223865,completed,The solver successfully reached the end of the integration interval.
H2_vs_N2_at_fixed_CO,N2,0.6222222222222222,H2,0.8666666666666667,CO,0.32,0.32,0.8666666666666667,0.6222222222222222,1.808888888888889,96.919921140636,completed,The solver successfully reached the end of the integration interval.
H2_vs_N2_at_fixed_CO,N2,0.6666666666666666,H2,0.8666666666666667,CO,0.32,0.32,0.8666666666666667,0.6666666666666666,1.8533333333333333,96.58674323887318,completed,The solver successfully reached the end of the integration interval.
H2_vs_N2_at_fixed_CO,N2,0.711111111111111,H2,0.8666666666666667,CO,0.32,0.32,0.8666666666666667,0.711111111111111,1.8977777777777778,96.22643407399151,completed,The solver successfully reached the end of the integration interval.
H2_vs_N2_at_fixed_CO,N2,0.7555555555555555,H2,0.8666666666666667,CO,0.32,0.32,0.8666666666666667,0.7555555555555555,1.9422222222222223,95.84033663279004,completed,The solver successfully reached the end of the integration interval.
H2_vs_N2_at_fixed_CO,N2,0.799,H2,0.8666666666666667,CO,0.32,0.32,0.8666666666666667,0.799,1.9856666666666667,95.43969184051466,completed,The solver successfully reached the end of the integration interval.
H2_vs_N2_at_fixed_CO,N2,0.8,H2,0.8666666666666667,CO,0.32,0.32,0.8666666666666667,0.8,1.9866666666666668,95.43021290015503,completed,The solver successfully reached the end of the integration interval.
H2_vs_N2_at_fixed_CO,N2,0.8444444444444444,H2,0.8666666666666667,CO,0.32,0.32,0.8666666666666667,0.8444444444444444,2.031111111111111,94.99787229220817,completed,The solver successfully reached the end of the integration interval.
H2_vs_N2_at_fixed_CO,N2,0.8888888888888888,H2,0.8666666666666667,CO,0.32,0.32,0.8666666666666667,0.8888888888888888,2.0755555555555554,94.54518753619641,completed,The solver successfully reached the end of the integration interval.
H2_vs_N2_at_fixed_CO,N2,0.9333333333333332,H2,0.8666666666666667,CO,0.32,0.32,0.8666666666666667,0.9333333333333332,2.12,94.07406560289758,completed,The solver successfully reached the end of the integration interval.
H2_vs_N2_at_fixed_CO,N2,0.9777777777777777,H2,0.8666666666666667,CO,0.32,0.32,0.8666666666666667,0.9777777777777777,2.1644444444444444,93.58633788479504,completed,The solver successfully reached the end of the integration interval.
H2_vs_N2_at_fixed_CO,N2,1.0222222222222221,H2,0.8666666666666667,CO,0.32,0.32,0.8666666666666667,1.0222222222222221,2.2088888888888887,93.08381892184713,completed,The solver successfully reached the end of the integration interval.
H2_vs_N2_at_fixed_CO,N2,1.0666666666666667,H2,0.8666666666666667,CO,0.32,0.32,0.8666666666666667,1.0666666666666667,2.2533333333333334,92.56825538825053,completed,The solver successfully reached the end of the integration interval.
H2_vs_N2_at_fixed_CO,N2,1.1111111111111112,H2,0.8666666666666667,CO,0.32,0.32,0.8666666666666667,1.1111111111111112,2.2977777777777777,92.04123167284932,completed,The solver successfully reached the end of the integration interval.
H2_vs_N2_at_fixed_CO,N2,1.1555555555555554,H2,0.8666666666666667,CO,0.32,0.32,0.8666666666666667,1.1555555555555554,2.342222222222222,91.50426520805323,completed,The solver successfully reached the end of the integration interval.
H2_vs_N2_at_fixed_CO,N2,1.2,H2,0.8666666666666667,CO,0.32,0.32,0.8666666666666667,1.2,2.3866666666666667,90.95885625361689,completed,The solver successfully reached the end of the integration interval.
H2_vs_N2_at_fixed_CO,N2,0.4,H2,0.9222222222222223,CO,0.32,0.32,0.9222222222222223,0.4,1.6422222222222222,98.4251154523162,completed,The solver successfully reached the end of the integration interval.
H2_vs_N2_at_fixed_CO,N2,0.4444444444444445,H2,0.9222222222222223,CO,0.32,0.32,0.9222222222222223,0.4444444444444445,1.6866666666666668,98.2966192835239,completed,The solver successfully reached the end of the integration interval.
H2_vs_N2_at_fixed_CO,N2,0.48888888888888893,H2,0.9222222222222223,CO,0.32,0.32,0.9222222222222223,0.48888888888888893,1.7311111111111113,98.14753887684601,completed,The solver successfully reached the end of the integration interval.
H2_vs_N2_at_fixed_CO,N2,0.5333333333333333,H2,0.9222222222222223,CO,0.32,0.32,0.9222222222222223,0.5333333333333333,1.7755555555555556,97.9761942936037,completed,The solver successfully reached the end of the integration interval.
H2_vs_N2_at_fixed_CO,N2,0.5777777777777777,H2,0.9222222222222223,CO,0.32,0.32,0.9222222222222223,0.5777777777777777,1.82,97.78139306008464,completed,The solver successfully reached the end of the integration interval.
H2_vs_N2_at_fixed_CO,N2,0.6222222222222222,H2,0.9222222222222223,CO,0.32,0.32,0.9222222222222223,0.6222222222222222,1.8644444444444446,97.56230506007817,completed,The solver successfully reached the end of the integration interval.
H2_vs_N2_at_fixed_CO,N2,0.6666666666666666,H2,0.9222222222222223,CO,0.32,0.32,0.9222222222222223,0.6666666666666666,1.9088888888888889,97.31864437763241,completed,The solver successfully reached the end of the integration interval.
H2_vs_N2_at_fixed_CO,N2,0.711111111111111,H2,0.9222222222222223,CO,0.32,0.32,0.9222222222222223,0.711111111111111,1.9533333333333334,97.0505215239894,completed,The solver successfully reached the end of the integration interval.
H2_vs_N2_at_fixed_CO,N2,0.7555555555555555,H2,0.9222222222222223,CO,0.32,0.32,0.9222222222222223,0.7555555555555555,1.9977777777777779,96.75836136765108,completed,The solver successfully reached the end of the integration interval.
H2_vs_N2_at_fixed_CO,N2,0.799,H2,0.9222222222222223,CO,0.32,0.32,0.9222222222222223,0.799,2.0412222222222223,96.45025859806273,completed,The solver successfully reached the end of the integration interval.
H2_vs_N2_at_fixed_CO,N2,0.8,H2,0.9222222222222223,CO,0.32,0.32,0.9222222222222223,0.8,2.042222222222222,96.44291145138003,completed,The solver successfully reached the end of the integration interval.
H2_vs_N2_at_fixed_CO,N2,0.8444444444444444,H2,0.9222222222222223,CO,0.32,0.32,0.9222222222222223,0.8444444444444444,2.086666666666667,96.10511961038151,completed,The solver successfully reached the end of the integration interval.
H2_vs_N2_at_fixed_CO,N2,0.8888888888888888,H2,0.9222222222222223,CO,0.32,0.32,0.9222222222222223,0.8888888888888888,2.131111111111111,95.7461275765356,completed,The solver successfully reached the end of the integration interval.
H2_vs_N2_at_fixed_CO,N2,0.9333333333333332,H2,0.9222222222222223,CO,0.32,0.32,0.9222222222222223,0.9333333333333332,2.1755555555555555,95.36724181808445,completed,The solver successfully reached the end of the integration interval.
H2_vs_N2_at_fixed_CO,N2,0.9777777777777777,H2,0.9222222222222223,CO,0.32,0.32,0.9222222222222223,0.9777777777777777,2.22,94.96974852133009,completed,The solver successfully reached the end of the integration interval.
H2_vs_N2_at_fixed_CO,N2,1.0222222222222221,H2,0.9222222222222223,CO,0.32,0.32,0.9222222222222223,1.0222222222222221,2.2644444444444445,94.55506730322321,completed,The solver successfully reached the end of the integration interval.
H2_vs_N2_at_fixed_CO,N2,1.0666666666666667,H2,0.9222222222222223,CO,0.32,0.32,0.9222222222222223,1.0666666666666667,2.3088888888888888,94.12463672031521,completed,The solver successfully reached the end of the integration interval.
H2_vs_N2_at_fixed_CO,N2,1.1111111111111112,H2,0.9222222222222223,CO,0.32,0.32,0.9222222222222223,1.1111111111111112,2.3533333333333335,93.67979063970321,completed,The solver successfully reached the end of the integration interval.
H2_vs_N2_at_fixed_CO,N2,1.1555555555555554,H2,0.9222222222222223,CO,0.32,0.32,0.9222222222222223,1.1555555555555554,2.397777777777778,93.221912255547,completed,The solver successfully reached the end of the integration interval.
H2_vs_N2_at_fixed_CO,N2,1.2,H2,0.9222222222222223,CO,0.32,0.32,0.9222222222222223,1.2,2.442222222222222,92.75235430841879,completed,The solver successfully reached the end of the integration interval.
H2_vs_N2_at_fixed_CO,N2,0.4,H2,0.959,CO,0.32,0.32,0.959,0.4,1.679,98.54754543803284,completed,The solver successfully reached the end of the integration interval.
H2_vs_N2_at_fixed_CO,N2,0.4444444444444445,H2,0.959,CO,0.32,0.32,0.959,0.4444444444444445,1.7234444444444446,98.44518110148587,completed,The solver successfully reached the end of the integration interval.
H2_vs_N2_at_fixed_CO,N2,0.48888888888888893,H2,0.959,CO,0.32,0.32,0.959,0.48888888888888893,1.7678888888888888,98.32659216127378,completed,The solver successfully reached the end of the integration interval.
H2_vs_N2_at_fixed_CO,N2,0.5333333333333333,H2,0.959,CO,0.32,0.32,0.959,0.5333333333333333,1.8123333333333334,98.19001848983139,completed,The solver successfully reached the end of the integration interval.
H2_vs_N2_at_fixed_CO,N2,0.5777777777777777,H2,0.959,CO,0.32,0.32,0.959,0.5777777777777777,1.8567777777777776,98.03386596898285,completed,The solver successfully reached the end of the integration interval.
H2_vs_N2_at_fixed_CO,N2,0.6222222222222222,H2,0.959,CO,0.32,0.32,0.959,0.6222222222222222,1.9012222222222221,97.85703997648466,completed,The solver successfully reached the end of the integration interval.
H2_vs_N2_at_fixed_CO,N2,0.6666666666666666,H2,0.959,CO,0.32,0.32,0.959,0.6666666666666666,1.9456666666666667,97.65876876024194,completed,The solver successfully reached the end of the integration interval.
H2_vs_N2_at_fixed_CO,N2,0.711111111111111,H2,0.959,CO,0.32,0.32,0.959,0.711111111111111,1.990111111111111,97.4386232737319,completed,The solver successfully reached the end of the integration interval.
H2_vs_N2_at_fixed_CO,N2,0.7555555555555555,H2,0.959,CO,0.32,0.32,0.959,0.7555555555555555,2.0345555555555555,97.19653830700581,completed,The solver successfully reached the end of the integration interval.
H2_vs_N2_at_fixed_CO,N2,0.799,H2,0.959,CO,0.32,0.32,0.959,0.799,2.078,96.93886342984283,completed,The solver successfully reached the end of the integration interval.
H2_vs_N2_at_fixed_CO,N2,0.8,H2,0.959,CO,0.32,0.32,0.959,0.8,2.079,96.93269059337561,completed,The solver successfully reached the end of the integration interval.
H2_vs_N2_at_fixed_CO,N2,0.8444444444444444,H2,0.959,CO,0.32,0.32,0.959,0.8444444444444444,2.1234444444444445,96.64758178617264,completed,The solver successfully reached the end of the integration interval.
H2_vs_N2_at_fixed_CO,N2,0.8888888888888888,H2,0.959,CO,0.32,0.32,0.959,0.8888888888888888,2.1678888888888888,96.34183908320725,completed,The solver successfully reached the end of the integration interval.
H2_vs_N2_at_fixed_CO,N2,0.9333333333333332,H2,0.959,CO,0.32,0.32,0.959,0.9333333333333332,2.212333333333333,96.01631145409277,completed,The solver successfully reached the end of the integration interval.
H2_vs_N2_at_fixed_CO,N2,0.9777777777777777,H2,0.959,CO,0.32,0.32,0.959,0.9777777777777777,2.2567777777777778,95.67202418857802,completed,The solver successfully reached the end of the integration interval.
H2_vs_N2_at_fixed_CO,N2,1.0222222222222221,H2,0.959,CO,0.32,0.32,0.959,1.0222222222222221,2.301222222222222,95.30997008109311,completed,The solver successfully reached the end of the integration interval.
H2_vs_N2_at_fixed_CO,N2,1.0666666666666667,H2,0.959,CO,0.32,0.32,0.959,1.0666666666666667,2.345666666666667,94.93129622392289,completed,The solver successfully reached the end of the integration interval.
H2_vs_N2_at_fixed_CO,N2,1.1111111111111112,H2,0.959,CO,0.32,0.32,0.959,1.1111111111111112,2.390111111111111,94.53720280052818,completed,The solver successfully reached the end of the integration interval.
H2_vs_N2_at_fixed_CO,N2,1.1555555555555554,H2,0.959,CO,0.32,0.32,0.959,1.1555555555555554,2.4345555555555554,94.1288277807,completed,The solver successfully reached the end of the integration interval.
H2_vs_N2_at_fixed_CO,N2,1.2,H2,0.959,CO,0.32,0.32,0.959,1.2,2.479,93.70734105545357,completed,The solver successfully reached the end of the integration interval.
H2_vs_N2_at_fixed_CO,N2,0.4,H2,0.9777777777777776,CO,0.32,0.32,0.9777777777777776,0.4,1.6977777777777776,98.59822386449176,completed,The solver successfully reached the end of the integration interval.
H2_vs_N2_at_fixed_CO,N2,0.4444444444444445,H2,0.9777777777777776,CO,0.32,0.32,0.9777777777777776,0.4444444444444445,1.7422222222222221,98.5061467070967,completed,The solver successfully reached the end of the integration interval.
H2_vs_N2_at_fixed_CO,N2,0.48888888888888893,H2,0.9777777777777776,CO,0.32,0.32,0.9777777777777776,0.48888888888888893,1.7866666666666666,98.39986952231338,completed,The solver successfully reached the end of the integration interval.
H2_vs_N2_at_fixed_CO,N2,0.5333333333333333,H2,0.9777777777777776,CO,0.32,0.32,0.9777777777777776,0.5333333333333333,1.831111111111111,98.27743584619309,completed,The solver successfully reached the end of the integration interval.
H2_vs_N2_at_fixed_CO,N2,0.5777777777777777,H2,0.9777777777777776,CO,0.32,0.32,0.9777777777777776,0.5777777777777777,1.8755555555555554,98.1373467751724,completed,The solver successfully reached the end of the integration interval.
H2_vs_N2_at_fixed_CO,N2,0.6222222222222222,H2,0.9777777777777776,CO,0.32,0.32,0.9777777777777776,0.6222222222222222,1.92,97.97834299717658,completed,The solver successfully reached the end of the integration interval.
H2_vs_N2_at_fixed_CO,N2,0.6666666666666666,H2,0.9777777777777776,CO,0.32,0.32,0.9777777777777776,0.6666666666666666,1.9644444444444442,97.79950274286315,completed,The solver successfully reached the end of the integration interval.
H2_vs_N2_at_fixed_CO,N2,0.711111111111111,H2,0.9777777777777776,CO,0.32,0.32,0.9777777777777776,0.711111111111111,2.0088888888888885,97.6002039282843,completed,The solver successfully reached the end of the integration interval.
H2_vs_N2_at_fixed_CO,N2,0.7555555555555555,H2,0.9777777777777776,CO,0.32,0.32,0.9777777777777776,0.7555555555555555,2.0533333333333332,97.38016829816213,completed,The solver successfully reached the end of the integration interval.
H2_vs_N2_at_fixed_CO,N2,0.799,H2,0.9777777777777776,CO,0.32,0.32,0.9777777777777776,0.799,2.0967777777777776,97.14500414893585,completed,The solver successfully reached the end of the integration interval.
H2_vs_N2_at_fixed_CO,N2,0.8,H2,0.9777777777777776,CO,0.32,0.32,0.9777777777777776,0.8,2.0977777777777775,97.13935937858625,completed,The solver successfully reached the end of the integration interval.
H2_vs_N2_at_fixed_CO,N2,0.8444444444444444,H2,0.9777777777777776,CO,0.32,0.32,0.9777777777777776,0.8444444444444444,2.1422222222222222,96.87802480034298,completed,The solver successfully reached the end of the integration interval.
H2_vs_N2_at_fixed_CO,N2,0.8888888888888888,H2,0.9777777777777776,CO,0.32,0.32,0.9777777777777776,0.8888888888888888,2.1866666666666665,96.59660381655647,completed,The solver successfully reached the end of the integration interval.
H2_vs_N2_at_fixed_CO,N2,0.9333333333333332,H2,0.9777777777777776,CO,0.32,0.32,0.9777777777777776,0.9333333333333332,2.231111111111111,96.29578894977041,completed,The solver successfully reached the end of the integration interval.
H2_vs_N2_at_fixed_CO,N2,0.9777777777777777,H2,0.9777777777777776,CO,0.32,0.32,0.9777777777777776,0.9777777777777777,2.2755555555555556,95.97630203049286,completed,The solver successfully reached the end of the integration interval.
H2_vs_N2_at_fixed_CO,N2,1.0222222222222221,H2,0.9777777777777776,CO,0.32,0.32,0.9777777777777776,1.0222222222222221,2.32,95.6390529830468,completed,The solver successfully reached the end of the integration interval.
H2_vs_N2_at_fixed_CO,N2,1.0666666666666667,H2,0.9777777777777776,CO,0.32,0.32,0.9777777777777776,1.0666666666666667,2.364444444444444,95.28505721007934,completed,The solver successfully reached the end of the integration interval.
H2_vs_N2_at_fixed_CO,N2,1.1111111111111112,H2,0.9777777777777776,CO,0.32,0.32,0.9777777777777776,1.1111111111111112,2.408888888888889,94.91531393541632,completed,The solver successfully reached the end of the integration interval.
H2_vs_N2_at_fixed_CO,N2,1.1555555555555554,H2,0.9777777777777776,CO,0.32,0.32,0.9777777777777776,1.1555555555555554,2.453333333333333,94.53088958211478,completed,The solver successfully reached the end of the integration interval.
H2_vs_N2_at_fixed_CO,N2,1.2,H2,0.9777777777777776,CO,0.32,0.32,0.9777777777777776,1.2,2.4977777777777774,94.13288242731983,completed,The solver successfully reached the end of the integration interval.
H2_vs_N2_at_fixed_CO,N2,0.4,H2,1.0333333333333332,CO,0.32,0.32,1.0333333333333332,0.4,1.7533333333333332,98.71613460664071,completed,The solver successfully reached the end of the integration interval.
H2_vs_N2_at_fixed_CO,N2,0.4444444444444445,H2,1.0333333333333332,CO,0.32,0.32,1.0333333333333332,0.4444444444444445,1.7977777777777777,98.6462472102188,completed,The solver successfully reached the end of the integration interval.
H2_vs_N2_at_fixed_CO,N2,0.48888888888888893,H2,1.0333333333333332,CO,0.32,0.32,1.0333333333333332,0.48888888888888893,1.8422222222222222,98.56655598086903,completed,The solver successfully reached the end of the integration interval.
H2_vs_N2_at_fixed_CO,N2,0.5333333333333333,H2,1.0333333333333332,CO,0.32,0.32,1.0333333333333332,0.5333333333333333,1.8866666666666665,98.47544893890066,completed,The solver successfully reached the end of the integration interval.
H2_vs_N2_at_fixed_CO,N2,0.5777777777777777,H2,1.0333333333333332,CO,0.32,0.32,1.0333333333333332,0.5777777777777777,1.931111111111111,98.37142451000324,completed,The solver successfully reached the end of the integration interval.
H2_vs_N2_at_fixed_CO,N2,0.6222222222222222,H2,1.0333333333333332,CO,0.32,0.32,1.0333333333333332,0.6222222222222222,1.9755555555555555,98.25313689715233,completed,The solver successfully reached the end of the integration interval.
H2_vs_N2_at_fixed_CO,N2,0.6666666666666666,H2,1.0333333333333332,CO,0.32,0.32,1.0333333333333332,0.6666666666666666,2.02,98.1194368556569,completed,The solver successfully reached the end of the integration interval.
H2_vs_N2_at_fixed_CO,N2,0.711111111111111,H2,1.0333333333333332,CO,0.32,0.32,1.0333333333333332,0.711111111111111,2.0644444444444443,97.9693683665906,completed,The solver successfully reached the end of the integration interval.
H2_vs_N2_at_fixed_CO,N2,0.7555555555555555,H2,1.0333333333333332,CO,0.32,0.32,1.0333333333333332,0.7555555555555555,2.1088888888888886,97.80226594873267,completed,The solver successfully reached the end of the integration interval.
H2_vs_N2_at_fixed_CO,N2,0.799,H2,1.0333333333333332,CO,0.32,0.32,1.0333333333333332,0.799,2.1523333333333334,97.62194488349415,completed,The solver successfully reached the end of the integration interval.
H2_vs_N2_at_fixed_CO,N2,0.8,H2,1.0333333333333332,CO,0.32,0.32,1.0333333333333332,0.8,2.1533333333333333,97.61759437683418,completed,The solver successfully reached the end of the integration interval.
H2_vs_N2_at_fixed_CO,N2,0.8444444444444444,H2,1.0333333333333332,CO,0.32,0.32,1.0333333333333332,0.8444444444444444,2.1977777777777776,97.41511266183448,completed,The solver successfully reached the end of the integration interval.
H2_vs_N2_at_fixed_CO,N2,0.8888888888888888,H2,1.0333333333333332,CO,0.32,0.32,1.0333333333333332,0.8888888888888888,2.242222222222222,97.19480769134769,completed,The solver successfully reached the end of the integration interval.
H2_vs_N2_at_fixed_CO,N2,0.9333333333333332,H2,1.0333333333333332,CO,0.32,0.32,1.0333333333333332,0.9333333333333332,2.2866666666666666,96.95674443023576,completed,The solver successfully reached the end of the integration interval.
H2_vs_N2_at_fixed_CO,N2,0.9777777777777777,H2,1.0333333333333332,CO,0.32,0.32,1.0333333333333332,0.9777777777777777,2.331111111111111,96.70127294958662,completed,The solver successfully reached the end of the integration interval.
H2_vs_N2_at_fixed_CO,N2,1.0222222222222221,H2,1.0333333333333332,CO,0.32,0.32,1.0333333333333332,1.0222222222222221,2.375555555555555,96.42879261691999,completed,The solver successfully reached the end of the integration interval.
H2_vs_N2_at_fixed_CO,N2,1.0666666666666667,H2,1.0333333333333332,CO,0.32,0.32,1.0333333333333332,1.0666666666666667,2.42,96.13987858320847,completed,The solver successfully reached the end of the integration interval.
H2_vs_N2_at_fixed_CO,N2,1.1111111111111112,H2,1.0333333333333332,CO,0.32,0.32,1.0333333333333332,1.1111111111111112,2.464444444444444,95.83519252119945,completed,The solver successfully reached the end of the integration interval.
H2_vs_N2_at_fixed_CO,N2,1.1555555555555554,H2,1.0333333333333332,CO,0.32,0.32,1.0333333333333332,1.1555555555555554,2.5088888888888885,95.51545137508415,completed,The solver successfully reached the end of the integration interval.
H2_vs_N2_at_fixed_CO,N2,1.2,H2,1.0333333333333332,CO,0.32,0.32,1.0333333333333332,1.2,2.5533333333333332,95.18142430640815,completed,The solver successfully reached the end of the integration interval.
H2_vs_N2_at_fixed_CO,N2,0.4,H2,1.0888888888888888,CO,0.32,0.32,1.0888888888888888,0.4,1.8088888888888888,98.80292147674203,completed,The solver successfully reached the end of the integration interval.
H2_vs_N2_at_fixed_CO,N2,0.4444444444444445,H2,1.0888888888888888,CO,0.32,0.32,1.0888888888888888,0.4444444444444445,1.8533333333333333,98.74667229506632,completed,The solver successfully reached the end of the integration interval.
H2_vs_N2_at_fixed_CO,N2,0.48888888888888893,H2,1.0888888888888888,CO,0.32,0.32,1.0888888888888888,0.48888888888888893,1.8977777777777778,98.68368597824231,completed,The solver successfully reached the end of the integration interval.
H2_vs_N2_at_fixed_CO,N2,0.5333333333333333,H2,1.0888888888888888,CO,0.32,0.32,1.0888888888888888,0.5333333333333333,1.942222222222222,98.61261972110887,completed,The solver successfully reached the end of the integration interval.
H2_vs_N2_at_fixed_CO,N2,0.5777777777777777,H2,1.0888888888888888,CO,0.32,0.32,1.0888888888888888,0.5777777777777777,1.9866666666666666,98.53215553334917,completed,The solver successfully reached the end of the integration interval.
H2_vs_N2_at_fixed_CO,N2,0.6222222222222222,H2,1.0888888888888888,CO,0.32,0.32,1.0888888888888888,0.6222222222222222,2.031111111111111,98.4410531501075,completed,The solver successfully reached the end of the integration interval.
H2_vs_N2_at_fixed_CO,N2,0.6666666666666666,H2,1.0888888888888888,CO,0.32,0.32,1.0888888888888888,0.6666666666666666,2.0755555555555554,98.3381924839542,completed,The solver successfully reached the end of the integration interval.
H2_vs_N2_at_fixed_CO,N2,0.711111111111111,H2,1.0888888888888888,CO,0.32,0.32,1.0888888888888888,0.711111111111111,2.1199999999999997,98.2225077924903,completed,The solver successfully reached the end of the integration interval.
H2_vs_N2_at_fixed_CO,N2,0.7555555555555555,H2,1.0888888888888888,CO,0.32,0.32,1.0888888888888888,0.7555555555555555,2.1644444444444444,98.09318433744069,completed,The solver successfully reached the end of the integration interval.
H2_vs_N2_at_fixed_CO,N2,0.799,H2,1.0888888888888888,CO,0.32,0.32,1.0888888888888888,0.799,2.207888888888889,97.95287573014085,completed,The solver successfully reached the end of the integration interval.
H2_vs_N2_at_fixed_CO,N2,0.8,H2,1.0888888888888888,CO,0.32,0.32,1.0888888888888888,0.8,2.2088888888888887,97.94947980548922,completed,The solver successfully reached the end of the integration interval.
H2_vs_N2_at_fixed_CO,N2,0.8444444444444444,H2,1.0888888888888888,CO,0.32,0.32,1.0888888888888888,0.8444444444444444,2.2533333333333334,97.79084519899881,completed,The solver successfully reached the end of the integration interval.
H2_vs_N2_at_fixed_CO,N2,0.8888888888888888,H2,1.0888888888888888,CO,0.32,0.32,1.0888888888888888,0.8888888888888888,2.2977777777777777,97.61695126431896,completed,The solver successfully reached the end of the integration interval.
H2_vs_N2_at_fixed_CO,N2,0.9333333333333332,H2,1.0888888888888888,CO,0.32,0.32,1.0888888888888888,0.9333333333333332,2.342222222222222,97.42755738029095,completed,The solver successfully reached the end of the integration interval.
H2_vs_N2_at_fixed_CO,N2,0.9777777777777777,H2,1.0888888888888888,CO,0.32,0.32,1.0888888888888888,0.9777777777777777,2.3866666666666667,97.2226041075224,completed,The solver successfully reached the end of the integration interval.
H2_vs_N2_at_fixed_CO,N2,1.0222222222222221,H2,1.0888888888888888,CO,0.32,0.32,1.0888888888888888,1.0222222222222221,2.431111111111111,97.00218663448395,completed,The solver successfully reached the end of the integration interval.
H2_vs_N2_at_fixed_CO,N2,1.0666666666666667,H2,1.0888888888888888,CO,0.32,0.32,1.0888888888888888,1.0666666666666667,2.4755555555555553,96.76651366095138,completed,The solver successfully reached the end of the integration interval.
H2_vs_N2_at_fixed_CO,N2,1.1111111111111112,H2,1.0888888888888888,CO,0.32,0.32,1.0888888888888888,1.1111111111111112,2.52,96.51590206660569,completed,The solver successfully reached the end of the integration interval.
H2_vs_N2_at_fixed_CO,N2,1.1555555555555554,H2,1.0888888888888888,CO,0.32,0.32,1.0888888888888888,1.1555555555555554,2.5644444444444443,96.25074913469082,completed,The solver successfully reached the end of the integration interval.
H2_vs_N2_at_fixed_CO,N2,1.2,H2,1.0888888888888888,CO,0.32,0.32,1.0888888888888888,1.2,2.6088888888888886,95.97155098973482,completed,The solver successfully reached the end of the integration interval.
H2_vs_N2_at_fixed_CO,N2,0.4,H2,1.1444444444444444,CO,0.32,0.32,1.1444444444444444,0.4,1.8644444444444443,98.87093916784548,completed,The solver successfully reached the end of the integration interval.
H2_vs_N2_at_fixed_CO,N2,0.4444444444444445,H2,1.1444444444444444,CO,0.32,0.32,1.1444444444444444,0.4444444444444445,1.9088888888888889,98.82346196652925,completed,The solver successfully reached the end of the integration interval.
H2_vs_N2_at_fixed_CO,N2,0.48888888888888893,H2,1.1444444444444444,CO,0.32,0.32,1.1444444444444444,0.48888888888888893,1.9533333333333334,98.7711936860989,completed,The solver successfully reached the end of the integration interval.
H2_vs_N2_at_fixed_CO,N2,0.5333333333333333,H2,1.1444444444444444,CO,0.32,0.32,1.1444444444444444,0.5333333333333333,1.9977777777777777,98.71314122970745,completed,The solver successfully reached the end of the integration interval.
H2_vs_N2_at_fixed_CO,N2,0.5777777777777777,H2,1.1444444444444444,CO,0.32,0.32,1.1444444444444444,0.5777777777777777,2.042222222222222,98.64823857190149,completed,The solver successfully reached the end of the integration interval.
H2_vs_N2_at_fixed_CO,N2,0.6222222222222222,H2,1.1444444444444444,CO,0.32,0.32,1.1444444444444444,0.6222222222222222,2.0866666666666664,98.575275002306,completed,The solver successfully reached the end of the integration interval.
H2_vs_N2_at_fixed_CO,N2,0.6666666666666666,H2,1.1444444444444444,CO,0.32,0.32,1.1444444444444444,0.6666666666666666,2.131111111111111,98.49339340113627,completed,The solver successfully reached the end of the integration interval.
H2_vs_N2_at_fixed_CO,N2,0.711111111111111,H2,1.1444444444444444,CO,0.32,0.32,1.1444444444444444,0.711111111111111,2.1755555555555555,98.40152376181189,completed,The solver successfully reached the end of the integration interval.
H2_vs_N2_at_fixed_CO,N2,0.7555555555555555,H2,1.1444444444444444,CO,0.32,0.32,1.1444444444444444,0.7555555555555555,2.2199999999999998,98.29880766630005,completed,The solver successfully reached the end of the integration interval.
H2_vs_N2_at_fixed_CO,N2,0.799,H2,1.1444444444444444,CO,0.32,0.32,1.1444444444444444,0.799,2.2634444444444446,98.18721521889353,completed,The solver successfully reached the end of the integration interval.
H2_vs_N2_at_fixed_CO,N2,0.8,H2,1.1444444444444444,CO,0.32,0.32,1.1444444444444444,0.8,2.2644444444444445,98.18451054158616,completed,The solver successfully reached the end of the integration interval.
H2_vs_N2_at_fixed_CO,N2,0.8444444444444444,H2,1.1444444444444444,CO,0.32,0.32,1.1444444444444444,0.8444444444444444,2.3088888888888888,98.05792455534781,completed,The solver successfully reached the end of the integration interval.
H2_vs_N2_at_fixed_CO,N2,0.8888888888888888,H2,1.1444444444444444,CO,0.32,0.32,1.1444444444444444,0.8888888888888888,2.353333333333333,97.91853427160606,completed,The solver successfully reached the end of the integration interval.
H2_vs_N2_at_fixed_CO,N2,0.9333333333333332,H2,1.1444444444444444,CO,0.32,0.32,1.1444444444444444,0.9333333333333332,2.397777777777778,97.76595109905703,completed,The solver successfully reached the end of the integration interval.
H2_vs_N2_at_fixed_CO,N2,0.9777777777777777,H2,1.1444444444444444,CO,0.32,0.32,1.1444444444444444,0.9777777777777777,2.442222222222222,97.59987728191949,completed,The solver successfully reached the end of the integration interval.
H2_vs_N2_at_fixed_CO,N2,1.0222222222222221,H2,1.1444444444444444,CO,0.32,0.32,1.1444444444444444,1.0222222222222221,2.4866666666666664,97.4201704406023,completed,The solver successfully reached the end of the integration interval.
H2_vs_N2_at_fixed_CO,N2,1.0666666666666667,H2,1.1444444444444444,CO,0.32,0.32,1.1444444444444444,1.0666666666666667,2.531111111111111,97.22676805459288,completed,The solver successfully reached the end of the integration interval.
H2_vs_N2_at_fixed_CO,N2,1.1111111111111112,H2,1.1444444444444444,CO,0.32,0.32,1.1444444444444444,1.1111111111111112,2.5755555555555554,97.01974634479005,completed,The solver successfully reached the end of the integration interval.
H2_vs_N2_at_fixed_CO,N2,1.1555555555555554,H2,1.1444444444444444,CO,0.32,0.32,1.1444444444444444,1.1555555555555554,2.6199999999999997,96.79924861630474,completed,The solver successfully reached the end of the integration interval.
H2_vs_N2_at_fixed_CO,N2,1.2,H2,1.1444444444444444,CO,0.32,0.32,1.1444444444444444,1.2,2.6644444444444444,96.56552041076779,completed,The solver successfully reached the end of the integration interval.
H2_vs_N2_at_fixed_CO,N2,0.4,H2,1.2,CO,0.32,0.32,1.2,0.4,1.92,98.92678291737226,completed,The solver successfully reached the end of the integration interval.
H2_vs_N2_at_fixed_CO,N2,0.4444444444444445,H2,1.2,CO,0.32,0.32,1.2,0.4444444444444445,1.9644444444444444,98.88517136285776,completed,The solver successfully reached the end of the integration interval.
H2_vs_N2_at_fixed_CO,N2,0.48888888888888893,H2,1.2,CO,0.32,0.32,1.2,0.48888888888888893,2.008888888888889,98.84010357262639,completed,The solver successfully reached the end of the integration interval.
H2_vs_N2_at_fixed_CO,N2,0.5333333333333333,H2,1.2,CO,0.32,0.32,1.2,0.5333333333333333,2.0533333333333332,98.79073211367044,completed,The solver successfully reached the end of the integration interval.
H2_vs_N2_at_fixed_CO,N2,0.5777777777777777,H2,1.2,CO,0.32,0.32,1.2,0.5777777777777777,2.0977777777777775,98.73619882769195,completed,The solver successfully reached the end of the integration interval.
H2_vs_N2_at_fixed_CO,N2,0.6222222222222222,H2,1.2,CO,0.32,0.32,1.2,0.6222222222222222,2.1422222222222222,98.67560280283848,completed,The solver successfully reached the end of the integration interval.
H2_vs_N2_at_fixed_CO,N2,0.6666666666666666,H2,1.2,CO,0.32,0.32,1.2,0.6666666666666666,2.1866666666666665,98.60806821979874,completed,The solver successfully reached the end of the integration interval.
H2_vs_N2_at_fixed_CO,N2,0.711111111111111,H2,1.2,CO,0.32,0.32,1.2,0.711111111111111,2.231111111111111,98.53274421962675,completed,The solver successfully reached the end of the integration interval.
H2_vs_N2_at_fixed_CO,N2,0.7555555555555555,H2,1.2,CO,0.32,0.32,1.2,0.7555555555555555,2.2755555555555556,98.44878540266467,completed,The solver successfully reached the end of the integration interval.
H2_vs_N2_at_fixed_CO,N2,0.799,H2,1.2,CO,0.32,0.32,1.2,0.799,2.319,98.35767236762607,completed,The solver successfully reached the end of the integration interval.
H2_vs_N2_at_fixed_CO,N2,0.8,H2,1.2,CO,0.32,0.32,1.2,0.8,2.32,98.35546485905378,completed,The solver successfully reached the end of the integration interval.
H2_vs_N2_at_fixed_CO,N2,0.8444444444444444,H2,1.2,CO,0.32,0.32,1.2,0.8444444444444444,2.3644444444444446,98.25210873545338,completed,The solver successfully reached the end of the integration interval.
H2_vs_N2_at_fixed_CO,N2,0.8888888888888888,H2,1.2,CO,0.32,0.32,1.2,0.8888888888888888,2.408888888888889,98.13812078525373,completed,The solver successfully reached the end of the integration interval.
H2_vs_N2_at_fixed_CO,N2,0.9333333333333332,H2,1.2,CO,0.32,0.32,1.2,0.9333333333333332,2.453333333333333,98.01302173014254,completed,The solver successfully reached the end of the integration interval.
H2_vs_N2_at_fixed_CO,N2,0.9777777777777777,H2,1.2,CO,0.32,0.32,1.2,0.9777777777777777,2.497777777777778,97.8764062534843,completed,The solver successfully reached the end of the integration interval.
H2_vs_N2_at_fixed_CO,N2,1.0222222222222221,H2,1.2,CO,0.32,0.32,1.2,1.0222222222222221,2.542222222222222,97.72796357828163,completed,The solver successfully reached the end of the integration interval.
H2_vs_N2_at_fixed_CO,N2,1.0666666666666667,H2,1.2,CO,0.32,0.32,1.2,1.0666666666666667,2.5866666666666664,97.56749182563752,completed,The solver successfully reached the end of the integration interval.
H2_vs_N2_at_fixed_CO,N2,1.1111111111111112,H2,1.2,CO,0.32,0.32,1.2,1.1111111111111112,2.631111111111111,97.3948954037878,completed,The solver successfully reached the end of the integration interval.
H2_vs_N2_at_fixed_CO,N2,1.1555555555555554,H2,1.2,CO,0.32,0.32,1.2,1.1555555555555554,2.6755555555555555,97.21012546676945,completed,The solver successfully reached the end of the integration interval.
H2_vs_N2_at_fixed_CO,N2,1.2,H2,1.2,CO,0.32,0.32,1.2,1.2,2.7199999999999998,97.01323744470542,completed,The solver successfully reached the end of the integration interval.
