h2_co_molar_ratio,inlet_temperature_c,inlet_pressure_bar_abs,catalyst_space_time_kg_s_mol_co,co_feed_mol_h,h2_feed_mol_h,n2_feed_mol_h,outlet_co_conversion_pct,outlet_ch4_yield_pct,outlet_pressure_bar_abs,pressure_drop_pa,status,terminal_event,solver_function_evaluations,message
1.0,250.0,1.0,35.099999999999994,0.32,0.32,0.799,10.013068585123365,9.228259362816658,0.999999970665391,0.002933460898930207,completed,,166,The solver successfully reached the end of the integration interval.
1.4,250.0,1.0,35.099999999999994,0.32,0.44799999999999995,0.799,13.01253512558482,12.064921212978492,0.9999999680276734,0.003197232654201798,completed,,134,The solver successfully reached the end of the integration interval.
1.8,250.0,1.0,35.099999999999994,0.32,0.5760000000000001,0.799,15.22543450020665,14.21528601720391,0.9999999653059803,0.0034694019705057144,completed,,112,The solver successfully reached the end of the integration interval.
2.2,250.0,1.0,35.099999999999994,0.32,0.7040000000000001,0.799,16.792971937472423,15.786497812860928,0.9999999625150153,0.0037484984641196206,completed,,102,The solver successfully reached the end of the integration interval.
2.6,250.0,1.0,35.099999999999994,0.32,0.8320000000000001,0.799,17.861145467897323,16.89687230149314,0.9999999596664241,0.004033357588923536,completed,,89,The solver successfully reached the end of the integration interval.
2.9968749999999997,250.0,1.0,35.099999999999994,0.32,0.959,0.799,18.550726340621935,17.647664941168742,0.9999999567916845,0.004320831547374837,completed,,85,The solver successfully reached the end of the integration interval.
3.0,250.0,1.0,35.099999999999994,0.32,0.96,0.799,18.554966014315916,17.65242842320775,0.9999999567688749,0.004323112516431138,completed,,85,The solver successfully reached the end of the integration interval.
3.4000000000000004,250.0,1.0,35.099999999999994,0.32,1.088,0.799,18.972852494522215,18.139754769908063,0.9999999538286619,0.004617133803549223,completed,,85,The solver successfully reached the end of the integration interval.
3.8000000000000003,250.0,1.0,35.099999999999994,0.32,1.2160000000000002,0.799,19.189090944487482,18.42627708302508,0.9999999508503161,0.0049149683909490705,completed,,85,The solver successfully reached the end of the integration interval.
4.2,250.0,1.0,35.099999999999994,0.32,1.344,0.799,19.258565923857784,18.563181297635563,0.9999999478370966,0.005216290344833396,completed,,83,The solver successfully reached the end of the integration interval.
4.6,250.0,1.0,35.099999999999994,0.32,1.472,0.799,19.221531659286974,18.588922188821318,0.9999999447913666,0.005520863342098892,completed,,81,The solver successfully reached the end of the integration interval.
5.0,250.0,1.0,35.099999999999994,0.32,1.6,0.799,19.107437932003585,18.53225185953252,0.9999999417148462,0.005828515379107557,completed,,78,The solver successfully reached the end of the integration interval.
1.0,280.0,1.0,35.099999999999994,0.32,0.32,0.799,16.607624056860185,14.226818676191696,0.9999999695803874,0.0030419612594414502,completed,,207,The solver successfully reached the end of the integration interval.
1.4,280.0,1.0,35.099999999999994,0.32,0.44799999999999995,0.799,22.641632208596466,19.476398160755544,0.9999999670408292,0.0032959170785034075,completed,,189,The solver successfully reached the end of the integration interval.
1.8,280.0,1.0,35.099999999999994,0.32,0.5760000000000001,0.799,27.62050448029209,23.943753535550442,0.9999999643780726,0.003562192738172598,completed,,168,The solver successfully reached the end of the integration interval.
2.2,280.0,1.0,35.099999999999994,0.32,0.7040000000000001,0.799,31.54473932015454,27.603203311792,0.999999961602127,0.003839787299511954,completed,,154,The solver successfully reached the end of the integration interval.
2.6,280.0,1.0,35.099999999999994,0.32,0.8320000000000001,0.799,34.50811760761049,30.49776919521413,0.9999999587263747,0.004127362524741329,completed,,148,The solver successfully reached the end of the integration interval.
2.9968749999999997,280.0,1.0,35.099999999999994,0.32,0.959,0.799,36.634333025380535,32.69484453137121,0.9999999557878899,0.004421211007866077,completed,,144,The solver successfully reached the end of the integration interval.
3.0,280.0,1.0,35.099999999999994,0.32,0.96,0.799,36.64824724462062,32.70973219736732,0.9999999557644486,0.004423555146786384,completed,,144,The solver successfully reached the end of the integration interval.
3.4000000000000004,280.0,1.0,35.099999999999994,0.32,1.088,0.799,38.1140453005564,34.338835616786824,0.9999999527287071,0.004727129286038689,completed,,134,The solver successfully reached the end of the integration interval.
3.8000000000000003,280.0,1.0,35.099999999999994,0.32,1.2160000000000002,0.799,39.04565276164492,35.486544816675135,0.999999949629611,0.005037038892623968,completed,,116,The solver successfully reached the end of the integration interval.
4.2,280.0,1.0,35.099999999999994,0.32,1.344,0.799,39.564333439909774,36.246316523720914,0.9999999464756262,0.005352437379769981,completed,,109,The solver successfully reached the end of the integration interval.
4.6,280.0,1.0,35.099999999999994,0.32,1.472,0.799,39.76970128649264,36.699102855830525,0.9999999432734247,0.005672657527611591,completed,,106,The solver successfully reached the end of the integration interval.
5.0,280.0,1.0,35.099999999999994,0.32,1.6,0.799,39.74065128863914,36.91213595231375,0.99999994002816,0.005997184009174816,completed,,107,The solver successfully reached the end of the integration interval.
1.0,300.0,1.0,35.099999999999994,0.32,0.32,0.799,21.146583181246967,17.169851198249575,0.9999999688883201,0.0031111679854802787,completed,,255,The solver successfully reached the end of the integration interval.
1.4,300.0,1.0,35.099999999999994,0.32,0.44799999999999995,0.799,29.267954864364537,23.82647357983065,0.9999999664433162,0.0033556683774804696,completed,,245,The solver successfully reached the end of the integration interval.
1.8,300.0,1.0,35.099999999999994,0.32,0.5760000000000001,0.799,36.23237288899876,29.720724265738095,0.9999999638603166,0.0036139683361398056,completed,,215,The solver successfully reached the end of the integration interval.
2.2,300.0,1.0,35.099999999999994,0.32,0.7040000000000001,0.799,41.95475876890545,34.76910281754396,0.999999961142088,0.003885791200445965,completed,,211,The solver successfully reached the end of the integration interval.
2.6,300.0,1.0,35.099999999999994,0.32,0.8320000000000001,0.799,46.47620716655047,38.96428963239871,0.9999999582984916,0.004170150830759667,completed,,153,The solver successfully reached the end of the integration interval.
2.9968749999999997,300.0,1.0,35.099999999999994,0.32,0.959,0.799,49.89032527859404,42.32838781702308,0.9999999553660872,0.004463391276658513,completed,,184,The solver successfully reached the end of the integration interval.
3.0,300.0,1.0,35.099999999999994,0.32,0.96,0.799,49.91336023882237,42.351912483019404,0.9999999553425947,0.00446574053785298,completed,,184,The solver successfully reached the end of the integration interval.
3.4000000000000004,300.0,1.0,35.099999999999994,0.32,1.088,0.799,52.42026577435542,45.011120380577125,0.9999999522882443,0.0047711755614727736,completed,,160,The solver successfully reached the end of the integration interval.
3.8000000000000003,300.0,1.0,35.099999999999994,0.32,1.2160000000000002,0.799,54.15955753202262,47.03759294842141,0.9999999491485377,0.005085146229248494,completed,,155,The solver successfully reached the end of the integration interval.
4.2,300.0,1.0,35.099999999999994,0.32,1.344,0.799,55.283741036766145,48.530004124872235,0.9999999459350265,0.005406497351941653,completed,,156,The solver successfully reached the end of the integration interval.
4.6,300.0,1.0,35.099999999999994,0.32,1.472,0.799,55.92557091017595,49.58116322407297,0.9999999426574293,0.005734257065341808,completed,,142,The solver successfully reached the end of the integration interval.
5.0,300.0,1.0,35.099999999999994,0.32,1.6,0.799,56.19505206390794,50.27335321760259,0.9999999393236632,0.006067633687052876,completed,,124,The solver successfully reached the end of the integration interval.
1.0,310.0,1.0,35.099999999999994,0.32,0.32,0.799,23.446141714193214,18.527307039934072,0.9999999685450975,0.0031454902491532266,completed,,261,The solver successfully reached the end of the integration interval.
1.4,310.0,1.0,35.099999999999994,0.32,0.44799999999999995,0.799,32.58767880663168,25.806207062892533,0.9999999661495134,0.003385048665222712,completed,,250,The solver successfully reached the end of the integration interval.
1.8,310.0,1.0,35.099999999999994,0.32,0.5760000000000001,0.799,40.50907684441246,32.32698674830316,0.999999963610667,0.003638933296315372,completed,,225,The solver successfully reached the end of the integration interval.
2.2,310.0,1.0,35.099999999999994,0.32,0.7040000000000001,0.799,47.08912040516224,37.98600292057834,0.999999960927696,0.0039072303916327655,completed,,220,The solver successfully reached the end of the integration interval.
2.6,310.0,1.0,35.099999999999994,0.32,0.8320000000000001,0.799,52.34951071630773,42.758797682230835,0.99999995810829,0.004189170998870395,completed,,167,The solver successfully reached the end of the integration interval.
2.9968749999999997,310.0,1.0,35.099999999999994,0.32,0.959,0.799,56.37538091488683,46.651220997877644,0.9999999551881142,0.004481188574573025,completed,,157,The solver successfully reached the end of the integration interval.
3.0,310.0,1.0,35.099999999999994,0.32,0.96,0.799,56.402767022274716,46.67870825665739,0.9999999551646711,0.004483532888116315,completed,,157,The solver successfully reached the end of the integration interval.
3.4000000000000004,310.0,1.0,35.099999999999994,0.32,1.088,0.799,59.410492786125346,49.81829795814185,0.999999952110872,0.0047889128036331385,completed,,194,The solver successfully reached the end of the integration interval.
3.8000000000000003,310.0,1.0,35.099999999999994,0.32,1.2160000000000002,0.799,61.54949258376061,52.271404645895295,0.9999999489608526,0.005103914736537263,completed,,160,The solver successfully reached the end of the integration interval.
4.2,310.0,1.0,35.099999999999994,0.32,1.344,0.799,62.988473565075175,54.138314446575095,0.999999945727366,0.005427263400633819,completed,,136,The solver successfully reached the end of the integration interval.
4.6,310.0,1.0,35.099999999999994,0.32,1.472,0.799,63.87543122772381,55.51521635536789,0.999999942421422,0.00575785779801663,completed,,166,The solver successfully reached the end of the integration interval.
5.0,310.0,1.0,35.099999999999994,0.32,1.6,0.799,64.33348528590327,56.488558504991545,0.9999999390521828,0.006094781725551002,completed,,149,The solver successfully reached the end of the integration interval.
1.0,340.0,1.0,35.099999999999994,0.32,0.32,0.799,30.4378150987397,22.220379783883136,0.9999999675167318,0.0032483268150826916,completed,,310,The solver successfully reached the end of the integration interval.
1.4,340.0,1.0,35.099999999999994,0.32,0.44799999999999995,0.799,42.47092073169079,31.081118922855726,0.9999999652652471,0.003473475284408778,completed,,297,The solver successfully reached the end of the integration interval.
1.8,340.0,1.0,35.099999999999994,0.32,0.5760000000000001,0.799,52.95930331794978,39.134870681777265,0.9999999628563708,0.003714362916070968,completed,,257,The solver successfully reached the end of the integration interval.
2.2,340.0,1.0,35.099999999999994,0.32,0.7040000000000001,0.799,61.67486617488818,46.227254506530066,0.9999999602792554,0.00397207445348613,completed,,227,The solver successfully reached the end of the integration interval.
2.6,340.0,1.0,35.099999999999994,0.32,0.8320000000000001,0.799,68.6051911091371,52.29923030567908,0.9999999575354503,0.004246454962412827,completed,,217,The solver successfully reached the end of the integration interval.
2.9968749999999997,340.0,1.0,35.099999999999994,0.32,0.959,0.799,73.86329318597444,57.336132278712206,0.9999999546580738,0.004534192616119981,completed,,204,The solver successfully reached the end of the integration interval.
3.0,340.0,1.0,35.099999999999994,0.32,0.96,0.799,73.89890394434545,57.372072194410805,0.9999999546348416,0.004536515843938105,completed,,203,The solver successfully reached the end of the integration interval.
3.4000000000000004,340.0,1.0,35.099999999999994,0.32,1.088,0.799,77.80177243943145,61.52719927844036,0.99999995159219,0.004840780995436944,completed,,190,The solver successfully reached the end of the integration interval.
3.8000000000000003,340.0,1.0,35.099999999999994,0.32,1.2160000000000002,0.799,80.59042575203328,64.87988156023778,0.9999999484241184,0.005157588151632808,completed,,182,The solver successfully reached the end of the integration interval.
4.2,340.0,1.0,35.099999999999994,0.32,1.344,0.799,82.52243576326794,67.55467850232752,0.9999999451468676,0.00548531323147472,completed,,193,The solver successfully reached the end of the integration interval.
4.6,340.0,1.0,35.099999999999994,0.32,1.472,0.799,83.81118308807459,69.66862912161427,0.9999999417749945,0.005822500548674725,completed,,193,The solver successfully reached the end of the integration interval.
5.0,340.0,1.0,35.099999999999994,0.32,1.6,0.799,84.62108548441299,71.32324200987844,0.9999999383208691,0.0061679130885750055,completed,,188,The solver successfully reached the end of the integration interval.
1.0,350.0,1.0,35.099999999999994,0.32,0.32,0.799,32.781057504992965,23.344315981979545,0.9999999671732724,0.003282672754721716,completed,,329,The solver successfully reached the end of the integration interval.
1.4,350.0,1.0,35.099999999999994,0.32,0.44799999999999995,0.799,45.70018563719495,32.65079441438395,0.9999999649667021,0.003503329789964482,completed,,315,The solver successfully reached the end of the integration interval.
1.8,350.0,1.0,35.099999999999994,0.32,0.5760000000000001,0.799,56.904706593623025,41.111160947771374,0.9999999625972014,0.003740279862540774,completed,,276,The solver successfully reached the end of the integration interval.
2.2,350.0,1.0,35.099999999999994,0.32,0.7040000000000001,0.799,66.12624459633716,48.55412242062691,0.9999999600508302,0.003994916973169893,completed,,247,The solver successfully reached the end of the integration interval.
2.6,350.0,1.0,35.099999999999994,0.32,0.8320000000000001,0.799,73.3495383217758,54.913047333374024,0.9999999573274146,0.0042672585404943675,completed,,233,The solver successfully reached the end of the integration interval.
2.9968749999999997,350.0,1.0,35.099999999999994,0.32,0.959,0.799,78.72261278395438,60.17595851834626,0.9999999544597307,0.004554026934783906,completed,,218,The solver successfully reached the end of the integration interval.
3.0,350.0,1.0,35.099999999999994,0.32,0.96,0.799,78.75858137809553,60.213477494208135,0.999999954436534,0.004556346597382799,completed,,218,The solver successfully reached the end of the integration interval.
3.4000000000000004,350.0,1.0,35.099999999999994,0.32,1.088,0.799,82.65818064626373,64.55033509720131,0.9999999513937422,0.004860625776927918,completed,,207,The solver successfully reached the end of the integration interval.
3.8000000000000003,350.0,1.0,35.099999999999994,0.32,1.2160000000000002,0.799,85.3859591633873,68.05547764550937,0.999999948217005,0.0051782994996756315,completed,,199,The solver successfully reached the end of the integration interval.
4.2,350.0,1.0,35.099999999999994,0.32,1.344,0.799,87.2464575013145,70.86771770634711,0.9999999449239929,0.005507600712007843,completed,,215,The solver successfully reached the end of the integration interval.
4.6,350.0,1.0,35.099999999999994,0.32,1.472,0.799,88.48142149816766,73.1138607634162,0.999999941530515,0.005846948508406058,completed,,229,The solver successfully reached the end of the integration interval.
5.0,350.0,1.0,35.099999999999994,0.32,1.6,0.799,89.26804419048064,74.90088796249633,0.9999999380499276,0.006195007241331041,completed,,221,The solver successfully reached the end of the integration interval.
1.0,370.0,1.0,35.099999999999994,0.32,0.32,0.799,37.42911913040139,25.456414550381147,0.9999999664845292,0.003351547085912898,completed,,371,The solver successfully reached the end of the integration interval.
1.4,370.0,1.0,35.099999999999994,0.32,0.44799999999999995,0.799,51.95473203242826,35.550462224891774,0.9999999643615598,0.003563844016753137,completed,,297,The solver successfully reached the end of the integration interval.
1.8,370.0,1.0,35.099999999999994,0.32,0.5760000000000001,0.799,64.31063853008607,44.68816421867092,0.9999999620618345,0.0037938165478408337,completed,,289,The solver successfully reached the end of the integration interval.
2.2,370.0,1.0,35.099999999999994,0.32,0.7040000000000001,0.799,74.1409950850174,52.66632474405427,0.9999999595655716,0.004043442837428302,completed,,279,The solver successfully reached the end of the integration interval.
2.6,370.0,1.0,35.099999999999994,0.32,0.8320000000000001,0.799,81.45451457809733,59.41532274900173,0.9999999568701001,0.0043129899859195575,completed,,269,The solver successfully reached the end of the integration interval.
2.9968749999999997,370.0,1.0,35.099999999999994,0.32,0.959,0.799,86.53838183771498,64.95041248101894,0.9999999540090424,0.004599095758749172,completed,,253,The solver successfully reached the end of the integration interval.
3.0,370.0,1.0,35.099999999999994,0.32,0.96,0.799,86.57106510844368,64.98973715106841,0.9999999539858215,0.004601417851517908,completed,,253,The solver successfully reached the end of the integration interval.
3.4000000000000004,370.0,1.0,35.099999999999994,0.32,1.088,0.799,89.98404972932993,69.52992326345216,0.9999999509312567,0.004906874324660748,completed,,243,The solver successfully reached the end of the integration interval.
3.8000000000000003,370.0,1.0,35.099999999999994,0.32,1.2160000000000002,0.799,92.19629766306959,73.2079773696714,0.999999947727908,0.005227209199802019,completed,,236,The solver successfully reached the end of the integration interval.
4.2,370.0,1.0,35.099999999999994,0.32,1.344,0.799,93.6141826881042,76.18674518024126,0.9999999443964934,0.005560350662562996,completed,,229,The solver successfully reached the end of the integration interval.
4.6,370.0,1.0,35.099999999999994,0.32,1.472,0.799,94.5214785371217,78.60274638023093,0.9999999409551051,0.005904489487875253,completed,,208,The solver successfully reached the end of the integration interval.
5.0,370.0,1.0,35.099999999999994,0.32,1.6,0.799,95.1000147217642,80.56517146114798,0.9999999374187345,0.006258126551983878,completed,,203,The solver successfully reached the end of the integration interval.
1.0,385.0,1.0,35.099999999999994,0.32,0.32,0.799,40.82884916202503,26.93045971290795,0.9999999659659597,0.003403404029086232,completed,,368,The solver successfully reached the end of the integration interval.
1.4,385.0,1.0,35.099999999999994,0.32,0.44799999999999995,0.799,56.37817048021909,37.53176963862812,0.999999963899675,0.0036100324941799045,completed,,319,The solver successfully reached the end of the integration interval.
1.8,385.0,1.0,35.099999999999994,0.32,0.5760000000000001,0.799,69.30817931058928,47.0706575884077,0.9999999616434907,0.003835650932160206,completed,,304,The solver successfully reached the end of the integration interval.
2.2,385.0,1.0,35.099999999999994,0.32,0.7040000000000001,0.799,79.20362663661682,55.32817658901459,0.9999999591739003,0.004082609972101636,completed,,314,The solver successfully reached the end of the integration interval.
2.6,385.0,1.0,35.099999999999994,0.32,0.8320000000000001,0.799,86.14709340490118,62.25367136385104,0.9999999564878538,0.004351214622147381,completed,,294,The solver successfully reached the end of the integration interval.
2.9968749999999997,385.0,1.0,35.099999999999994,0.32,0.959,0.799,90.62108370376083,67.90855446047583,0.9999999536215408,0.004637845922843553,completed,,287,The solver successfully reached the end of the integration interval.
3.0,385.0,1.0,35.099999999999994,0.32,0.96,0.799,90.64857887859297,67.94873582225013,0.99999995359823,0.004640176994143985,completed,,287,The solver successfully reached the end of the integration interval.
3.4000000000000004,385.0,1.0,35.099999999999994,0.32,1.088,0.799,93.40887545339245,72.59938916172447,0.9999999505269983,0.004947300170897506,completed,,277,The solver successfully reached the end of the integration interval.
3.8000000000000003,385.0,1.0,35.099999999999994,0.32,1.2160000000000002,0.799,95.06501417082272,76.39883308678958,0.9999999472983941,0.005270160589134321,completed,,269,The solver successfully reached the end of the integration interval.
4.2,385.0,1.0,35.099999999999994,0.32,1.344,0.799,96.06923420191448,79.50763182434044,0.9999999439347119,0.005606528808129951,completed,,264,The solver successfully reached the end of the integration interval.
4.6,385.0,1.0,35.099999999999994,0.32,1.472,0.799,96.69710734621879,82.05082413844276,0.9999999404548808,0.0059545119147514924,completed,,237,The solver successfully reached the end of the integration interval.
5.0,385.0,1.0,35.099999999999994,0.32,1.6,0.799,97.10353721241461,84.1280510106483,0.9999999368744841,0.006312551588052884,completed,,226,The solver successfully reached the end of the integration interval.
1.0,400.0,1.0,35.099999999999994,0.32,0.32,0.799,44.098107221953306,28.313474018813363,0.9999999654450427,0.0034554957383079454,completed,,355,The solver successfully reached the end of the integration interval.
1.4,400.0,1.0,35.099999999999994,0.32,0.44799999999999995,0.799,60.484503642018176,39.355252070259475,0.9999999634298173,0.003657018271042034,completed,,339,The solver successfully reached the end of the integration interval.
1.8,400.0,1.0,35.099999999999994,0.32,0.5760000000000001,0.799,73.71382996160098,49.215043193851905,0.999999961209253,0.003879074691212736,completed,,331,The solver successfully reached the end of the integration interval.
2.2,400.0,1.0,35.099999999999994,0.32,0.7040000000000001,0.799,83.3423286423831,57.67402063071734,0.9999999587573235,0.004124267652514391,completed,,339,The solver successfully reached the end of the integration interval.
2.6,400.0,1.0,35.099999999999994,0.32,0.8320000000000001,0.799,89.61490330382617,64.72857385562727,0.9999999560727598,0.004392724018543959,completed,,327,The solver successfully reached the end of the integration interval.
2.9968749999999997,400.0,1.0,35.099999999999994,0.32,0.959,0.799,93.30265671524613,70.5060972406705,0.9999999531962558,0.0046803744189674035,completed,,321,The solver successfully reached the end of the integration interval.
3.0,400.0,1.0,35.099999999999994,0.32,0.96,0.799,93.32417438603906,70.54735495538762,0.9999999531728297,0.004682717029936612,completed,,321,The solver successfully reached the end of the integration interval.
3.4000000000000004,400.0,1.0,35.099999999999994,0.32,1.088,0.799,95.40086747084781,75.35487222159331,0.9999999500832981,0.004991670182789676,completed,,310,The solver successfully reached the end of the integration interval.
3.8000000000000003,400.0,1.0,35.099999999999994,0.32,1.2160000000000002,0.799,96.56904080674457,79.33805195386168,0.9999999468299314,0.005317006856785156,completed,,307,The solver successfully reached the end of the integration interval.
4.2,400.0,1.0,35.099999999999994,0.32,1.344,0.799,97.26418571955726,82.62816157832916,0.9999999434349346,0.0056565065460745245,completed,,293,The solver successfully reached the end of the integration interval.
4.6,400.0,1.0,35.099999999999994,0.32,1.472,0.799,97.71152611424695,85.32348468623486,0.9999999399168119,0.006008318814565428,completed,,281,The solver successfully reached the end of the integration interval.
5.0,400.0,1.0,35.099999999999994,0.32,1.6,0.799,98.02040456595542,87.51024327923437,0.9999999362911612,0.006370883871568367,completed,,272,The solver successfully reached the end of the integration interval.
1.0,250.0,2.0,35.099999999999994,0.32,0.32,0.799,16.301974116406384,14.251168246407076,1.9999999855340889,0.0014465911081060767,completed,,127,The solver successfully reached the end of the integration interval.
1.4,250.0,2.0,35.099999999999994,0.32,0.44799999999999995,0.799,20.980649109992104,18.547755315381487,1.9999999842610174,0.0015738982474431396,completed,,111,The solver successfully reached the end of the integration interval.
1.8,250.0,2.0,35.099999999999994,0.32,0.5760000000000001,0.799,24.399214397220568,21.832929426273875,1.999999982934681,0.0017065318825189024,completed,,103,The solver successfully reached the end of the integration interval.
2.2,250.0,2.0,35.099999999999994,0.32,0.7040000000000001,0.799,26.808212983744017,24.267137087225173,1.999999981565765,0.0018434234953019768,completed,,97,The solver successfully reached the end of the integration interval.
2.6,250.0,2.0,35.099999999999994,0.32,0.8320000000000001,0.799,28.453566157285582,26.02636131474953,1.999999980162253,0.0019837747095152736,completed,,94,The solver successfully reached the end of the integration interval.
2.9968749999999997,250.0,2.0,35.099999999999994,0.32,0.959,0.799,29.531061828108925,27.25900225727899,1.99999997874122,0.002125878003425896,completed,,91,The solver successfully reached the end of the integration interval.
3.0,250.0,2.0,35.099999999999994,0.32,0.96,0.799,29.53778317894806,27.26703043980514,1.9999999787299296,0.0021270070283208042,completed,,91,The solver successfully reached the end of the integration interval.
3.4000000000000004,250.0,2.0,35.099999999999994,0.32,1.088,0.799,30.214789184932243,28.115487687313106,1.9999999772729378,0.002272706216899678,completed,,91,The solver successfully reached the end of the integration interval.
3.8000000000000003,250.0,2.0,35.099999999999994,0.32,1.2160000000000002,0.799,30.597106771584276,28.66892982178949,1.9999999757942537,0.002420574630377814,completed,,81,The solver successfully reached the end of the integration interval.
4.2,250.0,2.0,35.099999999999994,0.32,1.344,0.799,30.76579659891494,29.000527807622,1.999999974296033,0.0025703966966830194,completed,,85,The solver successfully reached the end of the integration interval.
4.6,250.0,2.0,35.099999999999994,0.32,1.472,0.799,30.779084199210388,29.16491320362457,1.999999972779848,0.0027220151969231665,completed,,87,The solver successfully reached the end of the integration interval.
5.0,250.0,2.0,35.099999999999994,0.32,1.6,0.799,30.678972629070607,29.202877349317692,1.9999999712468646,0.002875313541153446,completed,,85,The solver successfully reached the end of the integration interval.
1.0,280.0,2.0,35.099999999999994,0.32,0.32,0.799,27.308633380925734,21.271423864391224,1.999999985184799,0.0014815200993325561,completed,,196,The solver successfully reached the end of the integration interval.
1.4,280.0,2.0,35.099999999999994,0.32,0.44799999999999995,0.799,37.34479291395411,29.259143709592394,1.9999999840496807,0.0015950319357216358,completed,,179,The solver successfully reached the end of the integration interval.
1.8,280.0,2.0,35.099999999999994,0.32,0.5760000000000001,0.799,45.751772094271765,36.25454258915592,1.9999999828335302,0.0017166469770018011,completed,,175,The solver successfully reached the end of the integration interval.
2.2,280.0,2.0,35.099999999999994,0.32,0.7040000000000001,0.799,52.42042107461544,42.139367999754185,1.9999999815402392,0.001845976075856015,completed,,166,The solver successfully reached the end of the integration interval.
2.6,280.0,2.0,35.099999999999994,0.32,0.8320000000000001,0.799,57.42870148883099,46.89914159180948,1.9999999801772221,0.001982277783099562,completed,,161,The solver successfully reached the end of the integration interval.
2.9968749999999997,280.0,2.0,35.099999999999994,0.32,0.959,0.799,60.959266812085545,50.58077968225179,1.9999999787648481,0.002123515179846436,completed,,147,The solver successfully reached the end of the integration interval.
3.0,280.0,2.0,35.099999999999994,0.32,0.96,0.799,60.98205884823389,50.60596810972873,1.999999978753514,0.002124648599419743,completed,,147,The solver successfully reached the end of the integration interval.
3.4000000000000004,280.0,2.0,35.099999999999994,0.32,1.088,0.799,63.34630605089413,53.389464925062526,1.9999999772782604,0.0022721739660482854,completed,,123,The solver successfully reached the end of the integration interval.
3.8000000000000003,280.0,2.0,35.099999999999994,0.32,1.2160000000000002,0.799,64.78897349231846,55.4029927752831,1.999999975759723,0.002424027683446184,completed,,115,The solver successfully reached the end of the integration interval.
4.2,280.0,2.0,35.099999999999994,0.32,1.344,0.799,65.54357374976105,56.79686116070519,1.9999999742048136,0.0025795186520554125,completed,,146,The solver successfully reached the end of the integration interval.
4.6,280.0,2.0,35.099999999999994,0.32,1.472,0.799,65.79690279157987,57.703425242826015,1.9999999726190247,0.0027380975370761007,completed,,139,The solver successfully reached the end of the integration interval.
5.0,280.0,2.0,35.099999999999994,0.32,1.6,0.799,65.69066647386624,58.23188832826383,1.999999971006599,0.0028993400919716805,completed,,135,The solver successfully reached the end of the integration interval.
1.0,300.0,2.0,35.099999999999994,0.32,0.32,0.799,33.7948005802078,24.58128105477951,1.9999999849262304,0.0015073769609443843,completed,,249,The solver successfully reached the end of the integration interval.
1.4,300.0,2.0,35.099999999999994,0.32,0.44799999999999995,0.799,46.70286987175158,34.117866188986675,1.9999999838821172,0.0016117882914841175,completed,,246,The solver successfully reached the end of the integration interval.
1.8,300.0,2.0,35.099999999999994,0.32,0.5760000000000001,0.799,57.73579085713442,42.67045098301197,1.9999999827496797,0.0017250320233870298,completed,,232,The solver successfully reached the end of the integration interval.
2.2,300.0,2.0,35.099999999999994,0.32,0.7040000000000001,0.799,66.61353309715949,50.03870419640724,1.9999999815258183,0.0018474181706551462,completed,,188,The solver successfully reached the end of the integration interval.
2.6,300.0,2.0,35.099999999999994,0.32,0.8320000000000001,0.799,73.32992710483133,56.14115380884274,1.9999999802138615,0.001978613843675703,completed,,185,The solver successfully reached the end of the integration interval.
2.9968749999999997,300.0,2.0,35.099999999999994,0.32,0.959,0.799,78.08295171319321,60.98534070709939,1.9999999788329454,0.0021167054655961692,completed,,178,The solver successfully reached the end of the integration interval.
3.0,300.0,2.0,35.099999999999994,0.32,0.96,0.799,78.11373744230967,61.019011674195255,1.9999999788217857,0.0021178214228712022,completed,,178,The solver successfully reached the end of the integration interval.
3.4000000000000004,300.0,2.0,35.099999999999994,0.32,1.088,0.799,81.33189528519965,64.80919295476053,1.9999999773600525,0.0022639947419520468,completed,,148,The solver successfully reached the end of the integration interval.
3.8000000000000003,300.0,2.0,35.099999999999994,0.32,1.2160000000000002,0.799,83.37304560239383,67.69360205095822,1.9999999758394549,0.002416054514469579,completed,,142,The solver successfully reached the end of the integration interval.
4.2,300.0,2.0,35.099999999999994,0.32,1.344,0.799,84.568854136981,69.85304941923592,1.999999974269681,0.0025730319030117244,completed,,154,The solver successfully reached the end of the integration interval.
4.6,300.0,2.0,35.099999999999994,0.32,1.472,0.799,85.1690762548235,71.44271744819761,1.9999999726587256,0.0027341274253558367,completed,,153,The solver successfully reached the end of the integration interval.
5.0,300.0,2.0,35.099999999999994,0.32,1.6,0.799,85.34963135372845,72.58593730862687,1.9999999710128633,0.00289871366112493,completed,,150,The solver successfully reached the end of the integration interval.
1.0,310.0,2.0,35.099999999999994,0.32,0.32,0.799,36.87337206993961,25.99615089773788,1.9999999847869665,0.0015213033475447446,completed,,258,The solver successfully reached the end of the integration interval.
1.4,310.0,2.0,35.099999999999994,0.32,0.44799999999999995,0.799,51.004044736612016,36.123076900078004,1.999999983782107,0.0016217892989516258,completed,,261,The solver successfully reached the end of the integration interval.
1.8,310.0,2.0,35.099999999999994,0.32,0.5760000000000001,0.799,63.036757865341976,45.21778887476635,1.999999982685368,0.0017314631841145456,completed,,248,The solver successfully reached the end of the integration interval.
2.2,310.0,2.0,35.099999999999994,0.32,0.7040000000000001,0.799,72.599321414673,53.03940659182512,1.9999999814904024,0.0018509597575757653,completed,,214,The solver successfully reached the end of the integration interval.
2.6,310.0,2.0,35.099999999999994,0.32,0.8320000000000001,0.799,79.66473328121887,59.48429931462253,1.9999999801986854,0.001980131462914869,completed,,208,The solver successfully reached the end of the integration interval.
2.9968749999999997,310.0,2.0,35.099999999999994,0.32,0.959,0.799,84.50012436560041,64.56893475981957,1.9999999788291365,0.0021170863474253565,completed,,173,The solver successfully reached the end of the integration interval.
3.0,310.0,2.0,35.099999999999994,0.32,0.96,0.799,84.53082437019019,64.60419338562357,1.9999999788180312,0.0021181968913879246,completed,,173,The solver successfully reached the end of the integration interval.
3.4000000000000004,310.0,2.0,35.099999999999994,0.32,1.088,0.799,87.68621780620772,68.57261500675546,1.9999999773600243,0.002263997565023601,completed,,166,The solver successfully reached the end of the integration interval.
3.8000000000000003,310.0,2.0,35.099999999999994,0.32,1.2160000000000002,0.799,89.63108846665602,71.61190358427237,1.9999999758370421,0.002416295785224065,completed,,178,The solver successfully reached the end of the integration interval.
4.2,310.0,2.0,35.099999999999994,0.32,1.344,0.799,90.76413078954093,73.93076174915974,1.9999999742602201,0.0025739779812283814,completed,,176,The solver successfully reached the end of the integration interval.
4.6,310.0,2.0,35.099999999999994,0.32,1.472,0.799,91.3602261825024,75.69705452862047,1.999999972638618,0.0027361382090020925,completed,,170,The solver successfully reached the end of the integration interval.
5.0,310.0,2.0,35.099999999999994,0.32,1.6,0.799,91.59567405089474,77.03652145275535,1.9999999709792444,0.002902075560996309,completed,,155,The solver successfully reached the end of the integration interval.
1.0,340.0,2.0,35.099999999999994,0.32,0.32,0.799,45.59597067987846,29.64159314043001,1.9999999843390512,0.0015660948702134192,completed,,306,The solver successfully reached the end of the integration interval.
1.4,340.0,2.0,35.099999999999994,0.32,0.44799999999999995,0.799,62.64700918092869,41.07874207980727,1.9999999834272912,0.0016572708846069872,completed,,320,The solver successfully reached the end of the integration interval.
1.8,340.0,2.0,35.099999999999994,0.32,0.5760000000000001,0.799,76.4581766196133,51.16861849330711,1.9999999824069583,0.0017593041702639312,completed,,303,The solver successfully reached the end of the integration interval.
2.2,340.0,2.0,35.099999999999994,0.32,0.7040000000000001,0.799,86.31255943516977,59.540127814779765,1.9999999812622948,0.0018737705249805003,completed,,269,The solver successfully reached the end of the integration interval.
2.6,340.0,2.0,35.099999999999994,0.32,0.8320000000000001,0.799,92.34064502114163,66.11394429740068,1.9999999799921302,0.0020007869752589613,completed,,260,The solver successfully reached the end of the integration interval.
2.9968749999999997,340.0,2.0,35.099999999999994,0.32,0.959,0.799,95.50838825856717,71.1125631384659,1.9999999786204024,0.002137959760148078,completed,,247,The solver successfully reached the end of the integration interval.
3.0,340.0,2.0,35.099999999999994,0.32,0.96,0.799,95.52549358532782,71.14694345600103,1.9999999786092109,0.0021390789188444614,completed,,247,The solver successfully reached the end of the integration interval.
3.4000000000000004,340.0,2.0,35.099999999999994,0.32,1.088,0.799,97.0674586312638,75.03430014000867,1.9999999771330297,0.0022866970393806696,completed,,224,The solver successfully reached the end of the integration interval.
3.8000000000000003,340.0,2.0,35.099999999999994,0.32,1.2160000000000002,0.799,97.81076113925491,78.09824998626314,1.9999999755820737,0.0024417926324531436,completed,,218,The solver successfully reached the end of the integration interval.
4.2,340.0,2.0,35.099999999999994,0.32,1.344,0.799,98.18862936640326,80.54801386479753,1.9999999739707803,0.0026029219734482467,completed,,208,The solver successfully reached the end of the integration interval.
4.6,340.0,2.0,35.099999999999994,0.32,1.472,0.799,98.39282366199339,82.52200275355139,1.9999999723097772,0.0027690222777891904,completed,,215,The solver successfully reached the end of the integration interval.
5.0,340.0,2.0,35.099999999999994,0.32,1.6,0.799,98.50563857835932,84.12119713397604,1.9999999706068772,0.002939312282251194,completed,,214,The solver successfully reached the end of the integration interval.
1.0,350.0,2.0,35.099999999999994,0.32,0.32,0.799,48.31804380124887,30.706589023105963,1.9999999841821505,0.0015817849489394575,completed,,322,The solver successfully reached the end of the integration interval.
1.4,350.0,2.0,35.099999999999994,0.32,0.44799999999999995,0.799,66.09062532696606,42.46524659720865,1.9999999832941606,0.0016705839370843023,completed,,316,The solver successfully reached the end of the integration interval.
1.8,350.0,2.0,35.099999999999994,0.32,0.5760000000000001,0.799,80.07424766723832,52.727606256275664,1.9999999822894137,0.0017710586253087968,completed,,310,The solver successfully reached the end of the integration interval.
2.2,350.0,2.0,35.099999999999994,0.32,0.7040000000000001,0.799,89.44951806557708,61.09804170969095,1.999999981149517,0.001885048288386315,completed,,294,The solver successfully reached the end of the integration interval.
2.6,350.0,2.0,35.099999999999994,0.32,0.8320000000000001,0.799,94.59550458465024,67.58301567708594,1.9999999798747867,0.0020125213195569813,completed,,272,The solver successfully reached the end of the integration interval.
2.9968749999999997,350.0,2.0,35.099999999999994,0.32,0.959,0.799,96.93904420721964,72.54388417420044,1.9999999784937361,0.0021506263874471188,completed,,247,The solver successfully reached the end of the integration interval.
3.0,350.0,2.0,35.099999999999994,0.32,0.96,0.799,96.95069756735217,72.57837352933103,1.999999978482464,0.0021517536079045385,completed,,247,The solver successfully reached the end of the integration interval.
3.4000000000000004,350.0,2.0,35.099999999999994,0.32,1.088,0.799,97.94858481440848,76.52703268017665,1.9999999769953638,0.002300463616847992,completed,,237,The solver successfully reached the end of the integration interval.
3.8000000000000003,350.0,2.0,35.099999999999994,0.32,1.2160000000000002,0.799,98.39826112256978,79.708334738825,1.999999975432714,0.0024567286018282175,completed,,231,The solver successfully reached the end of the integration interval.
4.2,350.0,2.0,35.099999999999994,0.32,1.344,0.799,98.6325029085098,82.28050401415656,1.9999999738085654,0.0026191434590145946,completed,,242,The solver successfully reached the end of the integration interval.
4.6,350.0,2.0,35.099999999999994,0.32,1.472,0.799,98.7730193554496,84.35581097603632,1.9999999721332153,0.0027866784657817334,completed,,237,The solver successfully reached the end of the integration interval.
5.0,350.0,2.0,35.099999999999994,0.32,1.6,0.799,98.86533482441412,86.02913490084254,1.9999999704144493,0.002958555065561086,completed,,244,The solver successfully reached the end of the integration interval.
1.0,370.0,2.0,35.099999999999994,0.32,0.32,0.799,53.40592422628286,32.651179117557106,1.999999983859609,0.00161403909442015,completed,,356,The solver successfully reached the end of the integration interval.
1.4,370.0,2.0,35.099999999999994,0.32,0.44799999999999995,0.799,72.21661205776046,44.916546653035624,1.9999999830097526,0.0016990247531794012,completed,,362,The solver successfully reached the end of the integration interval.
1.8,370.0,2.0,35.099999999999994,0.32,0.5760000000000001,0.799,85.90709312608372,55.35476912198251,1.9999999820231822,0.0017976817907765508,completed,,337,The solver successfully reached the end of the integration interval.
2.2,370.0,2.0,35.099999999999994,0.32,0.7040000000000001,0.799,93.66981437109322,63.62485704211062,1.9999999808794777,0.0019120522192679346,completed,,316,The solver successfully reached the end of the integration interval.
2.6,370.0,2.0,35.099999999999994,0.32,0.8320000000000001,0.799,96.91784993658774,70.0683666720744,1.9999999795886925,0.0020411307632457465,completed,,305,The solver successfully reached the end of the integration interval.
2.9968749999999997,370.0,2.0,35.099999999999994,0.32,0.959,0.799,98.03959393134615,75.27050253537654,1.9999999781907922,0.002180920768296346,completed,,292,The solver successfully reached the end of the integration interval.
3.0,370.0,2.0,35.099999999999994,0.32,0.96,0.799,98.0446914663055,75.30786499258596,1.9999999781793945,0.002182060561608523,completed,,292,The solver successfully reached the end of the integration interval.
3.4000000000000004,370.0,2.0,35.099999999999994,0.32,1.088,0.799,98.49077903756786,79.68335243263914,1.9999999766766203,0.002332337957341224,completed,,285,The solver successfully reached the end of the integration interval.
3.8000000000000003,370.0,2.0,35.099999999999994,0.32,1.2160000000000002,0.799,98.73830774243274,83.29644767986782,1.9999999750963726,0.0024903627345338464,completed,,291,The solver successfully reached the end of the integration interval.
4.2,370.0,2.0,35.099999999999994,0.32,1.344,0.799,98.91108208363946,86.20803260966606,1.9999999734498675,0.0026550132606644183,completed,,297,The solver successfully reached the end of the integration interval.
4.6,370.0,2.0,35.099999999999994,0.32,1.472,0.799,99.0427097457833,88.50524914028523,1.99999997174647,0.0028253530035726726,completed,,300,The solver successfully reached the end of the integration interval.
5.0,370.0,2.0,35.099999999999994,0.32,1.6,0.799,99.14582211156217,90.29504120641924,1.999999969994337,0.0030005662993062288,completed,,309,The solver successfully reached the end of the integration interval.
1.0,385.0,2.0,35.099999999999994,0.32,0.32,0.799,56.850709863972504,33.95569214805076,1.9999999836106948,0.0016389305237680674,completed,,391,The solver successfully reached the end of the integration interval.
1.4,385.0,2.0,35.099999999999994,0.32,0.44799999999999995,0.799,76.07840686180984,46.49717193932113,1.9999999827819093,0.001721809065202251,completed,,345,The solver successfully reached the end of the integration interval.
1.8,385.0,2.0,35.099999999999994,0.32,0.5760000000000001,0.799,89.05529368727275,56.966279670740846,1.9999999817994367,0.0018200563208665699,completed,,376,The solver successfully reached the end of the integration interval.
2.2,385.0,2.0,35.099999999999994,0.32,0.7040000000000001,0.799,95.36149938413787,65.18993028830829,1.999999980646394,0.0019353606039658189,completed,,352,The solver successfully reached the end of the integration interval.
2.6,385.0,2.0,35.099999999999994,0.32,0.8320000000000001,0.799,97.52963189983365,71.80846342742497,1.9999999793454502,0.0020654549880418926,completed,,341,The solver successfully reached the end of the integration interval.
2.9968749999999997,385.0,2.0,35.099999999999994,0.32,0.959,0.799,98.25215873680784,77.39616368374303,1.9999999779422575,0.002205774246249348,completed,,336,The solver successfully reached the end of the integration interval.
3.0,385.0,2.0,35.099999999999994,0.32,0.96,0.799,98.25583459918018,77.43690981543864,1.9999999779308282,0.0022069171827752143,completed,,336,The solver successfully reached the end of the integration interval.
3.4000000000000004,385.0,2.0,35.099999999999994,0.32,1.088,0.799,98.62310698755124,82.23628827699196,1.9999999764236662,0.0023576333769597113,completed,,328,The solver successfully reached the end of the integration interval.
3.8000000000000003,385.0,2.0,35.099999999999994,0.32,1.2160000000000002,0.799,98.88029755088526,86.19293399431139,1.999999974834944,0.002516505599487573,completed,,316,The solver successfully reached the end of the integration interval.
4.2,385.0,2.0,35.099999999999994,0.32,1.344,0.799,99.07876334076582,89.32194200790752,1.9999999731732643,0.0026826735702343285,completed,,341,The solver successfully reached the end of the integration interval.
4.6,385.0,2.0,35.099999999999994,0.32,1.472,0.799,99.23422861068009,91.70849364951542,1.999999971447628,0.0028552371950354427,completed,,324,The solver successfully reached the end of the integration interval.
5.0,385.0,2.0,35.099999999999994,0.32,1.6,0.799,99.35550050460074,93.48438496719633,1.9999999696671764,0.0030332823516801,completed,,291,The solver successfully reached the end of the integration interval.
1.0,400.0,2.0,35.099999999999994,0.32,0.32,0.799,59.93377935331859,35.13131336006305,1.999999983355818,0.001664418203290552,completed,,396,The solver successfully reached the end of the integration interval.
1.4,400.0,2.0,35.099999999999994,0.32,0.44799999999999995,0.799,79.28639209723302,47.87340258872576,1.999999982542233,0.0017457767098676413,completed,,349,The solver successfully reached the end of the integration interval.
1.8,400.0,2.0,35.099999999999994,0.32,0.5760000000000001,0.799,91.26296950909976,58.33010295882598,1.9999999815577607,0.0018442239379510283,completed,,345,The solver successfully reached the end of the integration interval.
2.2,400.0,2.0,35.099999999999994,0.32,0.7040000000000001,0.799,96.23796259173174,66.58692243486112,1.9999999803943542,0.001960564579349011,completed,,354,The solver successfully reached the end of the integration interval.
2.6,400.0,2.0,35.099999999999994,0.32,0.8320000000000001,0.799,97.76559595655718,73.49508689508951,1.9999999790881773,0.0020911822794005275,completed,,359,The solver successfully reached the end of the integration interval.
2.9968749999999997,400.0,2.0,35.099999999999994,0.32,0.959,0.799,98.36407229560427,79.49680490484846,1.9999999776853323,0.002231466758530587,completed,,358,The solver successfully reached the end of the integration interval.
3.0,400.0,2.0,35.099999999999994,0.32,0.96,0.799,98.36760664801164,79.54085318608215,1.9999999776739106,0.0022326089383568615,completed,,358,The solver successfully reached the end of the integration interval.
3.4000000000000004,400.0,2.0,35.099999999999994,0.32,1.088,0.799,98.75019471222262,84.73096264621965,1.9999999761659948,0.0023834005114622414,completed,,376,The solver successfully reached the end of the integration interval.
3.8000000000000003,400.0,2.0,35.099999999999994,0.32,1.2160000000000002,0.799,99.04141252426774,88.96516663032126,1.9999999745698254,0.0025430174719076604,completed,,340,The solver successfully reached the end of the integration interval.
4.2,400.0,2.0,35.099999999999994,0.32,1.344,0.799,99.26911568993168,92.21208421505308,1.999999972891231,0.0027108768990729004,completed,,320,The solver successfully reached the end of the integration interval.
4.6,400.0,2.0,35.099999999999994,0.32,1.472,0.799,99.44408263248863,94.5573008970879,1.9999999711391454,0.002886085450882092,completed,,320,The solver successfully reached the end of the integration interval.
5.0,400.0,2.0,35.099999999999994,0.32,1.6,0.799,99.57479371072819,96.17514214083356,1.9999999693245114,0.0030675488524138927,completed,,331,The solver successfully reached the end of the integration interval.
1.0,250.0,3.0,35.099999999999994,0.32,0.32,0.799,20.284777635475983,17.14317975588642,2.9999999904260646,0.0009573935531079769,completed,,111,The solver successfully reached the end of the integration interval.
1.4,250.0,3.0,35.099999999999994,0.32,0.44799999999999995,0.799,25.859597318424694,22.196431280712257,2.9999999895910627,0.001040893723256886,completed,,105,The solver successfully reached the end of the integration interval.
1.8,250.0,3.0,35.099999999999994,0.32,0.5760000000000001,0.799,29.89978877021347,26.074611054209846,2.9999999887182405,0.0011281759361736476,completed,,98,The solver successfully reached the end of the integration interval.
2.2,250.0,3.0,35.099999999999994,0.32,0.7040000000000001,0.799,32.74963346671347,28.981267928950516,2.9999999878156314,0.001218436867929995,completed,,99,The solver successfully reached the end of the integration interval.
2.6,250.0,3.0,35.099999999999994,0.32,0.8320000000000001,0.799,34.71843142294608,31.124335493891248,2.9999999868889087,0.0013111091102473438,completed,,96,The solver successfully reached the end of the integration interval.
2.9968749999999997,250.0,3.0,35.099999999999994,0.32,0.959,0.799,36.0392412074113,32.671522952010996,2.999999985949526,0.0014050474273972213,completed,,87,The solver successfully reached the end of the integration interval.
3.0,250.0,3.0,35.099999999999994,0.32,0.96,0.799,36.04763976136922,32.68180666761535,2.99999998594206,0.0014057939988560975,completed,,87,The solver successfully reached the end of the integration interval.
3.4000000000000004,250.0,3.0,35.099999999999994,0.32,1.088,0.799,36.914575950211585,33.79438626950393,2.999999984977928,0.0015022071893326938,completed,,97,The solver successfully reached the end of the integration interval.
3.8000000000000003,250.0,3.0,35.099999999999994,0.32,1.2160000000000002,0.799,37.4458835835477,34.56902507036902,2.999999983998558,0.0016001441981643438,completed,,88,The solver successfully reached the end of the integration interval.
4.2,250.0,3.0,35.099999999999994,0.32,1.344,0.799,37.73194049099154,35.08614466577396,2.99999998300545,0.0016994550242088735,completed,,90,The solver successfully reached the end of the integration interval.
4.6,250.0,3.0,35.099999999999994,0.32,1.472,0.799,37.837320974660535,35.405929787268605,2.9999999819997143,0.001800028549041599,completed,,90,The solver successfully reached the end of the integration interval.
5.0,250.0,3.0,35.099999999999994,0.32,1.6,0.799,37.808678838886316,35.57364749957993,2.9999999809821984,0.0019017801387235522,completed,,87,The solver successfully reached the end of the integration interval.
1.0,280.0,3.0,35.099999999999994,0.32,0.32,0.799,34.56828899013597,25.322136077329567,2.999999990280462,0.0009719537920318544,completed,,186,The solver successfully reached the end of the integration interval.
1.4,280.0,3.0,35.099999999999994,0.32,0.44799999999999995,0.799,47.25404547817551,34.86539653008084,2.9999999895774416,0.001042255840729922,completed,,166,The solver successfully reached the end of the integration interval.
1.8,280.0,3.0,35.099999999999994,0.32,0.5760000000000001,0.799,57.86952018849847,43.29812136961302,2.9999999888139266,0.0011186073534190655,completed,,159,The solver successfully reached the end of the integration interval.
2.2,280.0,3.0,35.099999999999994,0.32,0.7040000000000001,0.799,66.17585110358607,50.42010836708718,2.9999999879912775,0.001200872240588069,completed,,166,The solver successfully reached the end of the integration interval.
2.6,280.0,3.0,35.099999999999994,0.32,0.8320000000000001,0.799,72.22617050354948,56.164052028194554,2.9999999871140894,0.0012885910691693425,completed,,159,The solver successfully reached the end of the integration interval.
2.9968749999999997,280.0,3.0,35.099999999999994,0.32,0.959,0.799,76.29522157451461,60.57426704982283,2.999999986196526,0.0013803474139422178,completed,,175,The solver successfully reached the end of the integration interval.
3.0,280.0,3.0,35.099999999999994,0.32,0.96,0.799,76.32069995089606,60.604319194262324,2.9999999861891333,0.0013810866512358189,completed,,175,The solver successfully reached the end of the integration interval.
3.4000000000000004,280.0,3.0,35.099999999999994,0.32,1.088,0.799,78.8845444536835,63.918352484061245,2.999999985223912,0.0014776088064536452,completed,,175,The solver successfully reached the end of the integration interval.
3.8000000000000003,280.0,3.0,35.099999999999994,0.32,1.2160000000000002,0.799,80.33579762420383,66.32134318179693,2.999999984225419,0.0015774581115692854,completed,,184,The solver successfully reached the end of the integration interval.
4.2,280.0,3.0,35.099999999999994,0.32,1.344,0.799,81.01224713055723,68.01511282135722,2.999999983199492,0.0016800508019514382,completed,,125,The solver successfully reached the end of the integration interval.
4.6,280.0,3.0,35.099999999999994,0.32,1.472,0.799,81.15880759189619,69.16583134491157,2.9999999821506873,0.001784931286238134,completed,,119,The solver successfully reached the end of the integration interval.
5.0,280.0,3.0,35.099999999999994,0.32,1.6,0.799,80.94416346787128,69.9021043977432,2.9999999810824374,0.001891756255645305,completed,,115,The solver successfully reached the end of the integration interval.
1.0,300.0,3.0,35.099999999999994,0.32,0.32,0.799,42.07778787595194,28.663116622968275,2.999999990138997,0.000986100290901959,completed,,228,The solver successfully reached the end of the integration interval.
1.4,300.0,3.0,35.099999999999994,0.32,0.44799999999999995,0.799,57.859258081528495,39.67865992094436,2.999999989510972,0.0010489028063602746,completed,,246,The solver successfully reached the end of the integration interval.
1.8,300.0,3.0,35.099999999999994,0.32,0.5760000000000001,0.799,70.982422032537,49.468040968060905,2.9999999888154347,0.0011184565373696387,completed,,220,The solver successfully reached the end of the integration interval.
2.2,300.0,3.0,35.099999999999994,0.32,0.7040000000000001,0.799,80.8786409460818,57.68537514023816,2.999999988046913,0.0011953086941502988,completed,,192,The solver successfully reached the end of the integration interval.
2.6,300.0,3.0,35.099999999999994,0.32,0.8320000000000001,0.799,87.53627173283179,64.18788380057309,2.999999987206505,0.0012793494970537722,completed,,188,The solver successfully reached the end of the integration interval.
2.9968749999999997,300.0,3.0,35.099999999999994,0.32,0.959,0.799,91.5228767682228,69.07764586864032,2.9999999863088416,0.001369115838315338,completed,,183,The solver successfully reached the end of the integration interval.
3.0,300.0,3.0,35.099999999999994,0.32,0.96,0.799,91.54616783056957,69.11076584030106,2.9999999863015474,0.0013698452385142446,completed,,182,The solver successfully reached the end of the integration interval.
3.4000000000000004,300.0,3.0,35.099999999999994,0.32,1.088,0.799,93.76925162636715,72.7772144325866,2.9999999853427726,0.0014657227438874543,completed,,179,The solver successfully reached the end of the integration interval.
3.8000000000000003,300.0,3.0,35.099999999999994,0.32,1.2160000000000002,0.799,94.93359361452116,75.52537434371872,2.999999984340801,0.0015659198979847133,completed,,160,The solver successfully reached the end of the integration interval.
4.2,300.0,3.0,35.099999999999994,0.32,1.344,0.799,95.49827428221423,77.61471509108779,2.9999999833042583,0.001669574179686606,completed,,175,The solver successfully reached the end of the integration interval.
4.6,300.0,3.0,35.099999999999994,0.32,1.472,0.799,95.71389088223955,79.22151967272416,2.999999982239536,0.0017760464106686413,completed,,169,The solver successfully reached the end of the integration interval.
5.0,300.0,3.0,35.099999999999994,0.32,1.6,0.799,95.71163828086176,80.46331789476564,2.9999999811512277,0.0018848772160708904,completed,,175,The solver successfully reached the end of the integration interval.
1.0,310.0,3.0,35.099999999999994,0.32,0.32,0.799,45.493093365698485,30.04369029298723,2.9999999900558056,0.0009944194462150335,completed,,268,The solver successfully reached the end of the integration interval.
1.4,310.0,3.0,35.099999999999994,0.32,0.44799999999999995,0.799,62.450907357324795,41.56713075083191,2.9999999894570366,0.0010542963282205164,completed,,259,The solver successfully reached the end of the integration interval.
1.8,310.0,3.0,35.099999999999994,0.32,0.5760000000000001,0.799,76.26001370497256,51.72219118006718,2.9999999887860946,0.001121390552725643,completed,,246,The solver successfully reached the end of the integration interval.
2.2,310.0,3.0,35.099999999999994,0.32,0.7040000000000001,0.799,86.15588536762836,60.082290688121375,2.999999988034097,0.0011965903104282916,completed,,219,The solver successfully reached the end of the integration interval.
2.6,310.0,3.0,35.099999999999994,0.32,0.8320000000000001,0.799,92.20577405183596,66.51174569113279,2.9999999872011167,0.0012798883253708482,completed,,204,The solver successfully reached the end of the integration interval.
2.9968749999999997,310.0,3.0,35.099999999999994,0.32,0.959,0.799,95.36759307666289,71.23878135176739,2.999999986303699,0.0013696301029995084,completed,,187,The solver successfully reached the end of the integration interval.
3.0,310.0,3.0,35.099999999999994,0.32,0.96,0.799,95.38459636509451,71.27064918914682,2.999999986296387,0.0013703613076359034,completed,,187,The solver successfully reached the end of the integration interval.
3.4000000000000004,310.0,3.0,35.099999999999994,0.32,1.088,0.799,96.90951715801846,74.81040266649975,2.999999985333575,0.001466642483137548,completed,,199,The solver successfully reached the end of the integration interval.
3.8000000000000003,310.0,3.0,35.099999999999994,0.32,1.2160000000000002,0.799,97.62465488125959,77.51270893129504,2.9999999843253318,0.0015674668247811496,completed,,197,The solver successfully reached the end of the integration interval.
4.2,310.0,3.0,35.099999999999994,0.32,1.344,0.799,97.95673045052133,79.62595638958288,2.9999999832812336,0.001671876641921699,completed,,199,The solver successfully reached the end of the integration interval.
4.6,310.0,3.0,35.099999999999994,0.32,1.472,0.799,98.0947923558684,81.30607335087754,2.999999982208034,0.0017791966092772782,completed,,207,The solver successfully reached the end of the integration interval.
5.0,310.0,3.0,35.099999999999994,0.32,1.6,0.799,98.12129138924024,82.65637950553068,2.999999981110462,0.0018889537896029651,completed,,205,The solver successfully reached the end of the integration interval.
1.0,340.0,3.0,35.099999999999994,0.32,0.32,0.799,54.69670472549828,33.51172316094359,2.999999989773074,0.0010226925951428711,completed,,349,The solver successfully reached the end of the integration interval.
1.4,340.0,3.0,35.099999999999994,0.32,0.44799999999999995,0.799,74.02163593451603,46.03996896327116,2.9999999892355453,0.0010764454491436481,completed,,337,The solver successfully reached the end of the integration interval.
1.8,340.0,3.0,35.099999999999994,0.32,0.5760000000000001,0.799,87.94745679311607,56.55541405736335,2.9999999886035065,0.001139649364631623,completed,,312,The solver successfully reached the end of the integration interval.
2.2,340.0,3.0,35.099999999999994,0.32,0.7040000000000001,0.799,95.34953031294722,64.5470032295074,2.999999987860237,0.0012139762984588742,completed,,282,The solver successfully reached the end of the integration interval.
2.6,340.0,3.0,35.099999999999994,0.32,0.8320000000000001,0.799,97.97824670773774,70.4544150918442,2.999999987013925,0.001298607501666993,completed,,249,The solver successfully reached the end of the integration interval.
2.9968749999999997,340.0,3.0,35.099999999999994,0.32,0.959,0.799,98.70152501704362,75.07768080925932,2.9999999860961775,0.0013903822400607169,completed,,246,The solver successfully reached the end of the integration interval.
3.0,340.0,3.0,35.099999999999994,0.32,0.96,0.799,98.70445319378145,75.11050751778889,2.9999999860886986,0.001391130150295794,completed,,247,The solver successfully reached the end of the integration interval.
3.4000000000000004,340.0,3.0,35.099999999999994,0.32,1.088,0.799,98.94783190134788,78.91308381183187,2.9999999851044,0.0014895600033923984,completed,,251,The solver successfully reached the end of the integration interval.
3.8000000000000003,340.0,3.0,35.099999999999994,0.32,1.2160000000000002,0.799,99.07417457035542,81.98820085108053,2.9999999840731606,0.0015926839550957084,completed,,250,The solver successfully reached the end of the integration interval.
4.2,340.0,3.0,35.099999999999994,0.32,1.344,0.799,99.16002664428125,84.43501714315053,2.9999999830032857,0.0016996714402921498,completed,,267,The solver successfully reached the end of the integration interval.
4.6,340.0,3.0,35.099999999999994,0.32,1.472,0.799,99.22459123319668,86.36660224888601,2.999999981901151,0.0018098849104717374,completed,,274,The solver successfully reached the end of the integration interval.
5.0,340.0,3.0,35.099999999999994,0.32,1.6,0.799,99.27498554634155,87.89322317649317,2.9999999807717583,0.0019228241872042418,completed,,276,The solver successfully reached the end of the integration interval.
1.0,350.0,3.0,35.099999999999994,0.32,0.32,0.799,57.413354636441674,34.4969635888876,2.999999989670832,0.0010329168289899826,completed,,340,The solver successfully reached the end of the integration interval.
1.4,350.0,3.0,35.099999999999994,0.32,0.44799999999999995,0.799,77.16395456989507,47.23366903220773,2.999999989146604,0.001085339579731226,completed,,362,The solver successfully reached the end of the integration interval.
1.8,350.0,3.0,35.099999999999994,0.32,0.5760000000000001,0.799,90.53491336646428,57.70748979553025,2.9999999885178754,0.001148212468251586,completed,,339,The solver successfully reached the end of the integration interval.
2.2,350.0,3.0,35.099999999999994,0.32,0.7040000000000001,0.799,96.6379701795528,65.53590152405533,2.9999999877684056,0.0012231594300828874,completed,,291,The solver successfully reached the end of the integration interval.
2.6,350.0,3.0,35.099999999999994,0.32,0.8320000000000001,0.799,98.35750454229276,71.51136521979514,2.999999986914698,0.0013085302198305726,completed,,277,The solver successfully reached the end of the integration interval.
2.9968749999999997,350.0,3.0,35.099999999999994,0.32,0.959,0.799,98.79294689460212,76.41663248071701,2.999999985992556,0.0014007444260641932,completed,,264,The solver successfully reached the end of the integration interval.
3.0,350.0,3.0,35.099999999999994,0.32,0.96,0.799,98.79493280167371,76.4519645315257,2.9999999859850477,0.001401495246682316,completed,,264,The solver successfully reached the end of the integration interval.
3.4000000000000004,350.0,3.0,35.099999999999994,0.32,1.088,0.799,98.98575043667589,80.56361598156946,2.9999999849970544,0.0015002945438027382,completed,,268,The solver successfully reached the end of the integration interval.
3.8000000000000003,350.0,3.0,35.099999999999994,0.32,1.2160000000000002,0.799,99.11358275972842,83.88412327428829,2.9999999839605205,0.001603947952389717,completed,,281,The solver successfully reached the end of the integration interval.
4.2,350.0,3.0,35.099999999999994,0.32,1.344,0.799,99.2104257412738,86.4937824372079,2.9999999828829056,0.0017117094248533249,completed,,298,The solver successfully reached the end of the integration interval.
4.6,350.0,3.0,35.099999999999994,0.32,1.472,0.799,99.28612401105035,88.51440077825471,2.9999999817706877,0.0018229312263429165,completed,,291,The solver successfully reached the end of the integration interval.
5.0,350.0,3.0,35.099999999999994,0.32,1.6,0.799,99.34607240835136,90.07419156071018,2.9999999806293047,0.0019370695226825774,completed,,294,The solver successfully reached the end of the integration interval.
1.0,370.0,3.0,35.099999999999994,0.32,0.32,0.799,62.26619048658152,36.25013093271993,2.999999989457254,0.0010542745585553348,completed,,359,The solver successfully reached the end of the integration interval.
1.4,370.0,3.0,35.099999999999994,0.32,0.44799999999999995,0.799,82.34982907426257,49.26236493622043,2.999999988951202,0.0011048797750845551,completed,,366,The solver successfully reached the end of the integration interval.
1.8,370.0,3.0,35.099999999999994,0.32,0.5760000000000001,0.799,93.964903418562,59.55752332076124,2.9999999883191615,0.0011680838651955128,completed,,363,The solver successfully reached the end of the integration interval.
2.2,370.0,3.0,35.099999999999994,0.32,0.7040000000000001,0.799,97.72768638104878,67.30950870680506,2.999999987555014,0.0012444985914044082,completed,,346,The solver successfully reached the end of the integration interval.
2.6,370.0,3.0,35.099999999999994,0.32,0.8320000000000001,0.799,98.54220088789414,73.77647927062648,2.999999986694302,0.0013305697939358652,completed,,330,The solver successfully reached the end of the integration interval.
2.9968749999999997,370.0,3.0,35.099999999999994,0.32,0.959,0.799,98.85932776550769,79.37549081347967,2.999999985771911,0.0014228089130483568,completed,,312,The solver successfully reached the end of the integration interval.
3.0,370.0,3.0,35.099999999999994,0.32,0.96,0.799,98.86131010812443,79.41621530807893,2.9999999857644126,0.001423558744136244,completed,,312,The solver successfully reached the end of the integration interval.
3.4000000000000004,370.0,3.0,35.099999999999994,0.32,1.088,0.799,99.08010374370839,84.15743431954725,2.999999984774766,0.0015225234092213213,completed,,323,The solver successfully reached the end of the integration interval.
3.8000000000000003,370.0,3.0,35.099999999999994,0.32,1.2160000000000002,0.799,99.24791642341914,87.93490389091316,2.999999983730466,0.0016269534244202077,completed,,358,The solver successfully reached the end of the integration interval.
4.2,370.0,3.0,35.099999999999994,0.32,1.344,0.799,99.37849099138646,90.79870291850803,2.99999998263761,0.0017362390062771738,completed,,364,The solver successfully reached the end of the integration interval.
4.6,370.0,3.0,35.099999999999994,0.32,1.472,0.799,99.47958367428039,92.89453846062251,2.9999999815034277,0.0018496572156436741,completed,,362,The solver successfully reached the end of the integration interval.
5.0,370.0,3.0,35.099999999999994,0.32,1.6,0.799,99.55735095537123,94.40265747897993,2.999999980334895,0.001966510491911322,completed,,377,The solver successfully reached the end of the integration interval.
1.0,385.0,3.0,35.099999999999994,0.32,0.32,0.799,65.3738659852934,37.385759894504275,2.999999989289876,0.001071012404281646,completed,,384,The solver successfully reached the end of the integration interval.
1.4,385.0,3.0,35.099999999999994,0.32,0.44799999999999995,0.799,85.3009219956568,50.506501060446965,2.9999999887912323,0.0011208767537027597,completed,,373,The solver successfully reached the end of the integration interval.
1.8,385.0,3.0,35.099999999999994,0.32,0.5760000000000001,0.799,95.34258229403144,60.6694758471887,2.999999988151399,0.0011848601279780269,completed,,357,The solver successfully reached the end of the integration interval.
2.2,385.0,3.0,35.099999999999994,0.32,0.7040000000000001,0.799,97.950982222328,68.57034252566284,2.9999999873791037,0.001262089645024389,completed,,370,The solver successfully reached the end of the integration interval.
2.6,385.0,3.0,35.099999999999994,0.32,0.8320000000000001,0.799,98.58410732089011,75.48051138496419,2.999999986519394,0.001348060613963753,completed,,373,The solver successfully reached the end of the integration interval.
2.9968749999999997,385.0,3.0,35.099999999999994,0.32,0.959,0.799,98.92550356043455,81.55299234259023,2.999999985601024,0.0014398975763469934,completed,,342,The solver successfully reached the end of the integration interval.
3.0,385.0,3.0,35.099999999999994,0.32,0.96,0.799,98.92776705400654,81.5972739334657,2.9999999855935484,0.001440645137336105,completed,,342,The solver successfully reached the end of the integration interval.
3.4000000000000004,385.0,3.0,35.099999999999994,0.32,1.088,0.799,99.18174141141026,86.74406848050407,2.999999984604915,0.001539508521091193,completed,,350,The solver successfully reached the end of the integration interval.
3.8000000000000003,385.0,3.0,35.099999999999994,0.32,1.2160000000000002,0.799,99.37951336021477,90.77605565917678,2.9999999835549978,0.0016445002402178943,completed,,374,The solver successfully reached the end of the integration interval.
4.2,385.0,3.0,35.099999999999994,0.32,1.344,0.799,99.53208755631002,93.70082057082028,2.999999982448736,0.0017551264027133584,completed,,396,The solver successfully reached the end of the integration interval.
4.6,385.0,3.0,35.099999999999994,0.32,1.472,0.799,99.64608027046438,95.69066171301436,2.999999981294293,0.0018705707043409348,completed,,417,The solver successfully reached the end of the integration interval.
5.0,385.0,3.0,35.099999999999994,0.32,1.6,0.799,99.72872614964648,96.99444485668667,2.9999999801006414,0.0019899358740076423,completed,,334,The solver successfully reached the end of the integration interval.
1.0,400.0,3.0,35.099999999999994,0.32,0.32,0.799,68.028353343086,38.377066767169325,2.9999999891166715,0.0010883328504860401,completed,,413,The solver successfully reached the end of the integration interval.
1.4,400.0,3.0,35.099999999999994,0.32,0.44799999999999995,0.799,87.52972993104649,51.545197713975654,2.9999999886210613,0.0011378938797861338,completed,,379,The solver successfully reached the end of the integration interval.
1.8,400.0,3.0,35.099999999999994,0.32,0.5760000000000001,0.799,96.0771493715072,61.619787282311144,2.9999999879715706,0.0012028429191559553,completed,,388,The solver successfully reached the end of the integration interval.
2.2,400.0,3.0,35.099999999999994,0.32,0.7040000000000001,0.799,98.02575497234048,69.74341186717794,2.999999987194268,0.001280573196709156,completed,,394,The solver successfully reached the end of the integration interval.
2.6,400.0,3.0,35.099999999999994,0.32,0.8320000000000001,0.799,98.62539033562855,77.0467614367414,2.9999999863378406,0.001366215932648629,completed,,379,The solver successfully reached the end of the integration interval.
2.9968749999999997,400.0,3.0,35.099999999999994,0.32,0.959,0.799,98.99882527576929,83.52044036888302,2.999999985424251,0.001457574893720448,completed,,372,The solver successfully reached the end of the integration interval.
3.0,400.0,3.0,35.099999999999994,0.32,0.96,0.799,99.00134765678294,83.56773120236402,2.9999999854167987,0.0014583201264031231,completed,,372,The solver successfully reached the end of the integration interval.
3.4000000000000004,400.0,3.0,35.099999999999994,0.32,1.088,0.799,99.28693204506592,89.04722160299147,2.9999999844289955,0.0015571004478260875,completed,,374,The solver successfully reached the end of the integration interval.
3.8000000000000003,400.0,3.0,35.099999999999994,0.32,1.2160000000000002,0.799,99.51049630668447,93.2307703311719,2.9999999833716515,0.0016628348384983838,completed,,435,The solver successfully reached the end of the integration interval.
4.2,400.0,3.0,35.099999999999994,0.32,1.344,0.799,99.6777520803816,96.06056164858518,2.9999999822479113,0.0017752088606357574,completed,,378,The solver successfully reached the end of the integration interval.
4.6,400.0,3.0,35.099999999999994,0.32,1.472,0.799,99.79296958198508,97.7650224100659,2.9999999810674924,0.0018932507373392582,completed,,386,The solver successfully reached the end of the integration interval.
5.0,400.0,3.0,35.099999999999994,0.32,1.6,0.799,99.86665620971593,98.71626812621788,2.99999997984272,0.0020157279795967042,completed,,367,The solver successfully reached the end of the integration interval.
1.0,250.0,4.0,35.099999999999994,0.32,0.32,0.799,22.920476437876626,18.940494912028537,3.9999999928479415,0.0007152058533392847,completed,,106,The solver successfully reached the end of the integration interval.
1.4,250.0,4.0,35.099999999999994,0.32,0.44799999999999995,0.799,28.95005937967472,24.387178809963128,3.9999999922262313,0.0007773768738843501,completed,,114,The solver successfully reached the end of the integration interval.
1.8,250.0,4.0,35.099999999999994,0.32,0.5760000000000001,0.799,33.30200006220584,28.580384051392482,3.9999999915761433,0.0008423856925219297,completed,,93,The solver successfully reached the end of the integration interval.
2.2,250.0,4.0,35.099999999999994,0.32,0.7040000000000001,0.799,36.396981682950134,31.761859893690126,3.9999999909038824,0.0009096117573790252,completed,,89,The solver successfully reached the end of the integration interval.
2.6,250.0,4.0,35.099999999999994,0.32,0.8320000000000001,0.799,38.57658613230661,34.15520310507195,3.9999999902135874,0.0009786412701942027,completed,,90,The solver successfully reached the end of the integration interval.
2.9968749999999997,250.0,4.0,35.099999999999994,0.32,0.959,0.799,40.083797171289014,35.93094979294802,3.9999999895136757,0.0010486324317753315,completed,,93,The solver successfully reached the end of the integration interval.
3.0,250.0,4.0,35.099999999999994,0.32,0.96,0.799,40.093583306921566,35.94295672708951,3.9999999895081104,0.0010491889552213252,completed,,93,The solver successfully reached the end of the integration interval.
3.4000000000000004,250.0,4.0,35.099999999999994,0.32,1.088,0.799,41.128287486608514,37.26615874638639,3.999999988789471,0.001121052890084684,completed,,90,The solver successfully reached the end of the integration interval.
3.8000000000000003,250.0,4.0,35.099999999999994,0.32,1.2160000000000002,0.799,41.8086647724648,38.23175511639628,3.999999988059139,0.0011940861004404724,completed,,95,The solver successfully reached the end of the integration interval.
4.2,250.0,4.0,35.099999999999994,0.32,1.344,0.799,42.22596605328891,38.92041884182948,3.999999987318206,0.001268179388716817,completed,,103,The solver successfully reached the end of the integration interval.
4.6,250.0,4.0,35.099999999999994,0.32,1.472,0.799,42.44601513292499,39.393207564932695,3.9999999865675,0.0013432499836198986,completed,,106,The solver successfully reached the end of the integration interval.
5.0,250.0,4.0,35.099999999999994,0.32,1.6,0.799,42.51682642678239,39.69658494274281,3.999999985807655,0.0014192344970069826,completed,,109,The solver successfully reached the end of the integration interval.
1.0,280.0,4.0,35.099999999999994,0.32,0.32,0.799,39.96174884210152,28.022756717435833,3.9999999927890126,0.0007210987387225032,completed,,183,The solver successfully reached the end of the integration interval.
1.4,280.0,4.0,35.099999999999994,0.32,0.44799999999999995,0.799,54.53935317164923,38.57359531749349,3.9999999922882252,0.0007711774669587612,completed,,171,The solver successfully reached the end of the integration interval.
1.8,280.0,4.0,35.099999999999994,0.32,0.5760000000000001,0.799,66.61908904397077,47.89754275384206,3.999999991738946,0.0008261054172180593,completed,,171,The solver successfully reached the end of the integration interval.
2.2,280.0,4.0,35.099999999999994,0.32,0.7040000000000001,0.799,75.79962172327505,55.705082678019515,3.9999999911411748,0.0008858825312927365,completed,,166,The solver successfully reached the end of the integration interval.
2.6,280.0,4.0,35.099999999999994,0.32,0.8320000000000001,0.799,82.12250293568731,61.882667053101535,3.999999990498,0.000950200017541647,completed,,159,The solver successfully reached the end of the integration interval.
2.9968749999999997,280.0,4.0,35.099999999999994,0.32,0.959,0.799,86.04565984134281,66.51375289946824,3.999999989820608,0.0010179391829296947,completed,,172,The solver successfully reached the end of the integration interval.
3.0,280.0,4.0,35.099999999999994,0.32,0.96,0.799,86.06901829237954,66.54495628609685,3.9999999898151373,0.0010184862767346203,completed,,172,The solver successfully reached the end of the integration interval.
3.4000000000000004,280.0,4.0,35.099999999999994,0.32,1.088,0.799,88.31424260966799,69.96428223557949,3.9999999890993587,0.0010900641209445894,completed,,157,The solver successfully reached the end of the integration interval.
3.8000000000000003,280.0,4.0,35.099999999999994,0.32,1.2160000000000002,0.799,89.45355251711,72.43993406871093,3.9999999883569592,0.0011643040925264359,completed,,154,The solver successfully reached the end of the integration interval.
4.2,280.0,4.0,35.099999999999994,0.32,1.344,0.799,89.89926408849823,74.2188402502252,3.9999999875930006,0.0012406999594531953,completed,,145,The solver successfully reached the end of the integration interval.
4.6,280.0,4.0,35.099999999999994,0.32,1.472,0.799,89.90583707405787,75.48080114357441,3.9999999868112583,0.001318874186836183,completed,,140,The solver successfully reached the end of the integration interval.
5.0,280.0,4.0,35.099999999999994,0.32,1.6,0.799,89.62635437372741,76.35254129057788,3.999999986014469,0.001398553082253784,completed,,139,The solver successfully reached the end of the integration interval.
1.0,300.0,4.0,35.099999999999994,0.32,0.32,0.799,48.10725564890308,31.34802760950302,3.999999992698901,0.0007301098667085171,completed,,233,The solver successfully reached the end of the integration interval.
1.4,300.0,4.0,35.099999999999994,0.32,0.44799999999999995,0.799,65.77078232862983,43.25837767945791,3.9999999922607663,0.0007739233551546931,completed,,250,The solver successfully reached the end of the integration interval.
1.8,300.0,4.0,35.099999999999994,0.32,0.5760000000000001,0.799,79.85663788769529,53.64764624523652,3.999999991765843,0.0008234156994149089,completed,,248,The solver successfully reached the end of the integration interval.
2.2,300.0,4.0,35.099999999999994,0.32,0.7040000000000001,0.799,89.40970282271704,61.988533019994804,3.99999999120705,0.0008792949956841767,completed,,208,The solver successfully reached the end of the integration interval.
2.6,300.0,4.0,35.099999999999994,0.32,0.8320000000000001,0.799,94.6504112894516,68.16174412036442,3.999999990585206,0.0009414794039912522,completed,,200,The solver successfully reached the end of the integration interval.
2.9968749999999997,300.0,4.0,35.099999999999994,0.32,0.959,0.799,97.00994893883849,72.564988077807,3.999999989914944,0.0010085055837407708,completed,,199,The solver successfully reached the end of the integration interval.
3.0,300.0,4.0,35.099999999999994,0.32,0.96,0.799,97.02157835720156,72.59444758669731,3.999999989909487,0.0010090512805618346,completed,,199,The solver successfully reached the end of the integration interval.
3.4000000000000004,300.0,4.0,35.099999999999994,0.32,1.088,0.799,98.00393147868742,75.86430864084974,3.999999989191974,0.0010808025836013258,completed,,197,The solver successfully reached the end of the integration interval.
3.8000000000000003,300.0,4.0,35.099999999999994,0.32,1.2160000000000002,0.799,98.41111187864433,78.3702427635723,3.9999999884426507,0.001155734935309738,completed,,190,The solver successfully reached the end of the integration interval.
4.2,300.0,4.0,35.099999999999994,0.32,1.344,0.799,98.57383142564552,80.34191755355083,3.9999999876684633,0.0012331536854617298,completed,,192,The solver successfully reached the end of the integration interval.
4.6,300.0,4.0,35.099999999999994,0.32,1.472,0.799,98.61618115801707,81.91903129689354,3.9999999868740863,0.0013125913683325052,completed,,196,The solver successfully reached the end of the integration interval.
5.0,300.0,4.0,35.099999999999994,0.32,1.6,0.799,98.58625176619107,83.19415550688912,3.9999999860627176,0.0013937282492406666,completed,,221,The solver successfully reached the end of the integration interval.
1.0,310.0,4.0,35.099999999999994,0.32,0.32,0.799,51.681538897006305,32.69001980328425,3.999999992641023,0.0007358976872637868,completed,,275,The solver successfully reached the end of the integration interval.
1.4,310.0,4.0,35.099999999999994,0.32,0.44799999999999995,0.799,70.38847745758693,45.02665726852612,3.9999999922255545,0.0007774445693939924,completed,,265,The solver successfully reached the end of the integration interval.
1.8,310.0,4.0,35.099999999999994,0.32,0.5760000000000001,0.799,84.69139417099301,55.58980391575912,3.9999999917473112,0.000825268856715411,completed,,222,The solver successfully reached the end of the integration interval.
2.2,310.0,4.0,35.099999999999994,0.32,0.7040000000000001,0.799,93.3758676792696,63.75448841968636,3.999999991195791,0.0008804209064692259,completed,,214,The solver successfully reached the end of the integration interval.
2.6,310.0,4.0,35.099999999999994,0.32,0.8320000000000001,0.799,97.21759524928402,69.58644859689956,3.999999990572894,0.0009427106124348938,completed,,205,The solver successfully reached the end of the integration interval.
2.9968749999999997,310.0,4.0,35.099999999999994,0.32,0.959,0.799,98.5216793126163,73.78615078663114,3.999999989897857,0.0010102143278345466,completed,,215,The solver successfully reached the end of the integration interval.
3.0,310.0,4.0,35.099999999999994,0.32,0.96,0.799,98.52718873301515,73.81480492445188,3.999999989892354,0.0010107645648531616,completed,,215,The solver successfully reached the end of the integration interval.
3.4000000000000004,310.0,4.0,35.099999999999994,0.32,1.088,0.799,98.95761881783167,77.0560005683746,3.999999989169142,0.0010830857791006565,completed,,224,The solver successfully reached the end of the integration interval.
3.8000000000000003,310.0,4.0,35.099999999999994,0.32,1.2160000000000002,0.799,99.12252055696736,79.61346067626125,3.9999999884137902,0.0011586209875531495,completed,,229,The solver successfully reached the end of the integration interval.
4.2,310.0,4.0,35.099999999999994,0.32,1.344,0.799,99.19732284130467,81.65509129773334,3.9999999876331636,0.001236683630850166,completed,,230,The solver successfully reached the end of the integration interval.
4.6,310.0,4.0,35.099999999999994,0.32,1.472,0.799,99.23261257925793,83.3007198159603,3.9999999868318716,0.0013168128207325935,completed,,232,The solver successfully reached the end of the integration interval.
5.0,310.0,4.0,35.099999999999994,0.32,1.6,0.799,99.24457073968122,84.64150650370405,3.999999986013127,0.0013986873091198504,completed,,237,The solver successfully reached the end of the integration interval.
1.0,340.0,4.0,35.099999999999994,0.32,0.32,0.799,60.9024721002867,35.98348350523548,3.999999992434894,0.0007565105916000903,completed,,344,The solver successfully reached the end of the integration interval.
1.4,340.0,4.0,35.099999999999994,0.32,0.44799999999999995,0.799,81.27919451181603,49.04961135716033,3.999999992061893,0.0007938107009977102,completed,,316,The solver successfully reached the end of the integration interval.
1.8,340.0,4.0,35.099999999999994,0.32,0.5760000000000001,0.799,93.81302269244708,59.392908736587046,3.9999999915998616,0.0008400138467550278,completed,,323,The solver successfully reached the end of the integration interval.
2.2,340.0,4.0,35.099999999999994,0.32,0.7040000000000001,0.799,98.09493763001754,66.79237650517244,3.999999991037279,0.0008962720748968422,completed,,264,The solver successfully reached the end of the integration interval.
2.6,340.0,4.0,35.099999999999994,0.32,0.8320000000000001,0.799,98.87695603414758,72.58857990571627,3.999999990397377,0.0009602623176760972,completed,,270,The solver successfully reached the end of the integration interval.
2.9968749999999997,340.0,4.0,35.099999999999994,0.32,0.959,0.799,99.08055040773883,77.44357957966153,3.999999989710056,0.0010289943893440068,completed,,274,The solver successfully reached the end of the integration interval.
3.0,340.0,4.0,35.099999999999994,0.32,0.96,0.799,99.08168952485543,77.47840543768702,3.999999989704467,0.0010295532993040979,completed,,274,The solver successfully reached the end of the integration interval.
3.4000000000000004,340.0,4.0,35.099999999999994,0.32,1.088,0.799,99.20320783778557,81.4903942373882,3.999999988969584,0.0011030416353605688,completed,,301,The solver successfully reached the end of the integration interval.
3.8000000000000003,340.0,4.0,35.099999999999994,0.32,1.2160000000000002,0.799,99.29302985194215,84.65475020477187,3.9999999881992605,0.001180073944851756,completed,,314,The solver successfully reached the end of the integration interval.
4.2,340.0,4.0,35.099999999999994,0.32,1.344,0.799,99.36222131571526,87.08882050742385,3.999999987399239,0.0012600760674104095,completed,,321,The solver successfully reached the end of the integration interval.
4.6,340.0,4.0,35.099999999999994,0.32,1.472,0.799,99.4165073312398,88.94535109077172,3.9999999865745672,0.0013425432844087481,completed,,318,The solver successfully reached the end of the integration interval.
5.0,340.0,4.0,35.099999999999994,0.32,1.6,0.799,99.45974152965117,90.36738706396574,3.9999999857293385,0.0014270661631599069,completed,,327,The solver successfully reached the end of the integration interval.
1.0,350.0,4.0,35.099999999999994,0.32,0.32,0.799,63.49668177373374,36.89289285351597,3.999999992358454,0.0007641545962542295,completed,,340,The solver successfully reached the end of the integration interval.
1.4,350.0,4.0,35.099999999999994,0.32,0.44799999999999995,0.799,83.99865690505801,50.07266980774789,3.9999999919931217,0.0008006878197193146,completed,,344,The solver successfully reached the end of the integration interval.
1.8,350.0,4.0,35.099999999999994,0.32,0.5760000000000001,0.799,95.34993714730814,60.2354653175025,3.9999999915284357,0.0008471564506180584,completed,,285,The solver successfully reached the end of the integration interval.
2.2,350.0,4.0,35.099999999999994,0.32,0.7040000000000001,0.799,98.38911159364037,67.6126905771825,3.9999999909591097,0.0009040890145115554,completed,,305,The solver successfully reached the end of the integration interval.
2.6,350.0,4.0,35.099999999999994,0.32,0.8320000000000001,0.799,98.89312688428295,73.74463288296104,3.9999999903173618,0.000968263833783567,completed,,288,The solver successfully reached the end of the integration interval.
2.9968749999999997,350.0,4.0,35.099999999999994,0.32,0.959,0.799,99.09416548751278,78.98791795504657,3.9999999896305405,0.0010369459632784128,completed,,288,The solver successfully reached the end of the integration interval.
3.0,350.0,4.0,35.099999999999994,0.32,0.96,0.799,99.09544962836198,79.02562980615228,3.9999999896249565,0.0010375043493695557,completed,,288,The solver successfully reached the end of the integration interval.
3.4000000000000004,350.0,4.0,35.099999999999994,0.32,1.088,0.799,99.2370730712055,83.36636590568308,3.999999988889316,0.001111068413592875,completed,,322,The solver successfully reached the end of the integration interval.
3.8000000000000003,350.0,4.0,35.099999999999994,0.32,1.2160000000000002,0.799,99.34446703822029,86.76009072725492,3.9999999881155515,0.0011884448467753828,completed,,329,The solver successfully reached the end of the integration interval.
4.2,350.0,4.0,35.099999999999994,0.32,1.344,0.799,99.4273402272804,89.31991944704362,3.999999987309269,0.0012690731091424823,completed,,337,The solver successfully reached the end of the integration interval.
4.6,350.0,4.0,35.099999999999994,0.32,1.472,0.799,99.49181093999046,91.21831471783409,3.9999999864760216,0.0013523978414013982,completed,,344,The solver successfully reached the end of the integration interval.
5.0,350.0,4.0,35.099999999999994,0.32,1.6,0.799,99.54236353401146,92.62559062660577,3.9999999856205197,0.0014379480271600187,completed,,357,The solver successfully reached the end of the integration interval.
1.0,370.0,4.0,35.099999999999994,0.32,0.32,0.799,67.96895409561048,38.47323487780805,3.9999999921968983,0.0007803101907484233,completed,,393,The solver successfully reached the end of the integration interval.
1.4,370.0,4.0,35.099999999999994,0.32,0.44799999999999995,0.799,88.16969791785475,51.74942439456191,3.999999991839774,0.0008160225697793067,completed,,357,The solver successfully reached the end of the integration interval.
1.8,370.0,4.0,35.099999999999994,0.32,0.5760000000000001,0.799,96.93139819694355,61.61515637772692,3.999999991364315,0.000863568508066237,completed,,372,The solver successfully reached the end of the integration interval.
2.2,370.0,4.0,35.099999999999994,0.32,0.7040000000000001,0.799,98.52398485729282,69.28632899154192,3.9999999907865,0.0009213500306941569,completed,,356,The solver successfully reached the end of the integration interval.
2.6,370.0,4.0,35.099999999999994,0.32,0.8320000000000001,0.799,98.9179203421243,76.12137015970059,3.9999999901475465,0.000985245336778462,completed,,325,The solver successfully reached the end of the integration interval.
2.9968749999999997,370.0,4.0,35.099999999999994,0.32,0.959,0.799,99.16224160196917,82.0730738011204,3.999999989465631,0.001053436892107129,completed,,315,The solver successfully reached the end of the integration interval.
3.0,370.0,4.0,35.099999999999994,0.32,0.96,0.799,99.1638815971278,82.11605780951396,3.999999989460076,0.0010539924260228872,completed,,314,The solver successfully reached the end of the integration interval.
3.4000000000000004,370.0,4.0,35.099999999999994,0.32,1.088,0.799,99.3478215351992,87.05344831307728,3.9999999887252273,0.0011274772696197033,completed,,358,The solver successfully reached the end of the integration interval.
3.8000000000000003,370.0,4.0,35.099999999999994,0.32,1.2160000000000002,0.799,99.49004674863428,90.82375330176247,3.9999999879451344,0.0012054865364916623,completed,,388,The solver successfully reached the end of the integration interval.
4.2,370.0,4.0,35.099999999999994,0.32,1.344,0.799,99.59900897065522,93.5073443212726,3.9999999871250567,0.001287494320422411,completed,,383,The solver successfully reached the end of the integration interval.
4.6,370.0,4.0,35.099999999999994,0.32,1.472,0.799,99.68070084463056,95.32996825079077,3.999999986271963,0.0013728037010878325,completed,,388,The solver successfully reached the end of the integration interval.
5.0,370.0,4.0,35.099999999999994,0.32,1.6,0.799,99.7410349554499,96.54660897163971,3.9999999853924852,0.0014607514603994787,completed,,386,The solver successfully reached the end of the integration interval.
1.0,385.0,4.0,35.099999999999994,0.32,0.32,0.799,70.71849270780427,39.467756157807145,3.9999999920690286,0.000793097133282572,completed,,412,The solver successfully reached the end of the integration interval.
1.4,385.0,4.0,35.099999999999994,0.32,0.44799999999999995,0.799,90.31679146362075,52.73708539645544,3.999999991713177,0.0008286822703666985,completed,,374,The solver successfully reached the end of the integration interval.
1.8,385.0,4.0,35.099999999999994,0.32,0.5760000000000001,0.799,97.37436506910826,62.492298336178706,3.9999999912283446,0.0008771655266173184,completed,,392,The solver successfully reached the end of the integration interval.
2.2,385.0,4.0,35.099999999999994,0.32,0.7040000000000001,0.799,98.53975709592304,70.47637659303606,3.9999999906483334,0.0009351666667498648,completed,,400,The solver successfully reached the end of the integration interval.
2.6,385.0,4.0,35.099999999999994,0.32,0.8320000000000001,0.799,98.95147094793114,77.75223618276968,3.99999999001375,0.0009986250079236925,completed,,354,The solver successfully reached the end of the integration interval.
2.9968749999999997,385.0,4.0,35.099999999999994,0.32,0.959,0.799,99.22665757467635,84.1472695317562,3.9999999893365388,0.001066346128936857,completed,,358,The solver successfully reached the end of the integration interval.
3.0,385.0,4.0,35.099999999999994,0.32,0.96,0.799,99.22852948765097,84.19358120945972,3.999999989331013,0.0010668986942619085,completed,,358,The solver successfully reached the end of the integration interval.
3.4000000000000004,385.0,4.0,35.099999999999994,0.32,1.088,0.799,99.44054688561481,89.49606172570017,3.999999988597109,0.001140289125032723,completed,,398,The solver successfully reached the end of the integration interval.
3.8000000000000003,385.0,4.0,35.099999999999994,0.32,1.2160000000000002,0.799,99.60552696546621,93.42929061136363,3.9999999878111248,0.0012188875116407871,completed,,402,The solver successfully reached the end of the integration interval.
4.2,385.0,4.0,35.099999999999994,0.32,1.344,0.799,99.72805883682742,96.0271275941449,3.999999986977655,0.001302234479226172,completed,,405,The solver successfully reached the end of the integration interval.
4.6,385.0,4.0,35.099999999999994,0.32,1.472,0.799,99.81315672445297,97.59277655065463,3.999999986105398,0.0013894601725041866,completed,,426,The solver successfully reached the end of the integration interval.
5.0,385.0,4.0,35.099999999999994,0.32,1.6,0.799,99.86945943013083,98.49634934568753,3.999999985203405,0.0014796595205552876,completed,,433,The solver successfully reached the end of the integration interval.
1.0,400.0,4.0,35.099999999999994,0.32,0.32,0.799,72.9949718522735,40.315891867741676,3.999999991935994,0.0008064006105996668,completed,,443,The solver successfully reached the end of the integration interval.
1.4,400.0,4.0,35.099999999999994,0.32,0.44799999999999995,0.799,91.7986758189677,53.539108289798186,3.9999999915783464,0.0008421653765253723,completed,,384,The solver successfully reached the end of the integration interval.
1.8,400.0,4.0,35.099999999999994,0.32,0.5760000000000001,0.799,97.54967621341511,63.26354178671881,3.999999991084633,0.0008915367070585489,completed,,410,The solver successfully reached the end of the integration interval.
2.2,400.0,4.0,35.099999999999994,0.32,0.7040000000000001,0.799,98.54845837866692,71.5347417506327,3.999999990504012,0.0009495987906120718,completed,,403,The solver successfully reached the end of the integration interval.
2.6,400.0,4.0,35.099999999999994,0.32,0.8320000000000001,0.799,98.98569235214497,79.17146462978263,3.9999999898736243,0.0010126375709660351,completed,,393,The solver successfully reached the end of the integration interval.
2.9968749999999997,400.0,4.0,35.099999999999994,0.32,0.959,0.799,99.28761159578731,85.93761376496609,3.9999999892006506,0.0010799349402077496,completed,,395,The solver successfully reached the end of the integration interval.
3.0,400.0,4.0,35.099999999999994,0.32,0.96,0.799,99.28968971970464,85.98670586954721,3.999999989195145,0.0010804854682646692,completed,,395,The solver successfully reached the end of the integration interval.
3.4000000000000004,400.0,4.0,35.099999999999994,0.32,1.088,0.799,99.52690185258612,91.57674189272345,3.999999988461317,0.001153868273831904,completed,,431,The solver successfully reached the end of the integration interval.
3.8000000000000003,400.0,4.0,35.099999999999994,0.32,1.2160000000000002,0.799,99.71026727556054,95.54488223742673,3.9999999876669734,0.0012333026388660073,completed,,454,The solver successfully reached the end of the integration interval.
4.2,400.0,4.0,35.099999999999994,0.32,1.344,0.799,99.83689107920121,97.86892156657109,3.9999999868155918,0.0013184408308006823,completed,,440,The solver successfully reached the end of the integration interval.
4.6,400.0,4.0,35.099999999999994,0.32,1.472,0.799,99.91199803743321,99.0133439316162,3.999999985918939,0.0014081061235629022,completed,,389,The solver successfully reached the end of the integration interval.
5.0,400.0,4.0,35.099999999999994,0.32,1.6,0.799,99.95203797067299,99.52865765247743,3.999999984989975,0.0015010024653747678,completed,,396,The solver successfully reached the end of the integration interval.
1.0,250.0,5.0,35.099999999999994,0.32,0.32,0.799,24.67985648337819,20.090757818984876,4.999999994290356,0.0005709644174203277,completed,,111,The solver successfully reached the end of the integration interval.
1.4,250.0,5.0,35.099999999999994,0.32,0.44799999999999995,0.799,30.89791927497234,25.72154581755236,4.999999993794334,0.000620566657744348,completed,,103,The solver successfully reached the end of the integration interval.
1.8,250.0,5.0,35.099999999999994,0.32,0.5760000000000001,0.799,35.39077287930925,30.075341999995764,4.9999999932762345,0.0006723765400238335,completed,,94,The solver successfully reached the end of the integration interval.
2.2,250.0,5.0,35.099999999999994,0.32,0.7040000000000001,0.799,38.631981575766346,33.424031799857865,4.999999992740935,0.0007259065168909729,completed,,93,The solver successfully reached the end of the integration interval.
2.6,250.0,5.0,35.099999999999994,0.32,0.8320000000000001,0.799,40.96986087083932,35.99439868325793,4.999999992191533,0.0007808466325514019,completed,,91,The solver successfully reached the end of the integration interval.
2.9968749999999997,250.0,5.0,35.099999999999994,0.32,0.959,0.799,42.638587799484846,37.949274831951655,4.999999991634543,0.0008365457179024816,completed,,93,The solver successfully reached the end of the integration interval.
3.0,250.0,5.0,35.099999999999994,0.32,0.96,0.799,42.649641351471935,37.96268735077643,4.999999991630116,0.0008369884453713894,completed,,93,The solver successfully reached the end of the integration interval.
3.4000000000000004,250.0,5.0,35.099999999999994,0.32,1.088,0.799,43.84366843332172,39.46311755834228,4.999999991058168,0.0008941832347773015,completed,,93,The solver successfully reached the end of the integration interval.
3.8000000000000003,250.0,5.0,35.099999999999994,0.32,1.2160000000000002,0.799,44.6744171902777,40.59763320414879,4.999999990476782,0.0009523218031972647,completed,,113,The solver successfully reached the end of the integration interval.
4.2,250.0,5.0,35.099999999999994,0.32,1.344,0.799,45.23028178481316,41.444022121737476,4.999999989886784,0.0010113216121681035,completed,,114,The solver successfully reached the end of the integration interval.
4.6,250.0,5.0,35.099999999999994,0.32,1.472,0.799,45.5759567875874,42.06198367269737,4.999999989288812,0.0010711188078857958,completed,,111,The solver successfully reached the end of the integration interval.
5.0,250.0,5.0,35.099999999999994,0.32,1.6,0.799,45.75949614009057,42.497711153700195,4.999999988683359,0.001131664088461548,completed,,111,The solver successfully reached the end of the integration interval.
1.0,280.0,5.0,35.099999999999994,0.32,0.32,0.799,44.2073587165652,29.992844483449808,4.99999999427624,0.0005723760114051402,completed,,187,The solver successfully reached the end of the integration interval.
1.4,280.0,5.0,35.099999999999994,0.32,0.44799999999999995,0.799,60.20706478383183,41.25306764783486,4.99999999389042,0.0006109580281190574,completed,,168,The solver successfully reached the end of the integration interval.
1.8,280.0,5.0,35.099999999999994,0.32,0.5760000000000001,0.799,73.25843970790733,51.15551571518986,4.999999993463889,0.0006536111468449235,completed,,161,The solver successfully reached the end of the integration interval.
2.2,280.0,5.0,35.099999999999994,0.32,0.7040000000000001,0.799,82.75395796686807,59.305121308202594,4.999999992995743,0.0007004257058724761,completed,,160,The solver successfully reached the end of the integration interval.
2.6,280.0,5.0,35.099999999999994,0.32,0.8320000000000001,0.799,88.76555440145569,65.55542667277477,4.999999992488221,0.000751177838537842,completed,,157,The solver successfully reached the end of the integration interval.
2.9968749999999997,280.0,5.0,35.099999999999994,0.32,0.959,0.799,92.07925306056836,70.09094518329516,4.999999991951012,0.0008048988529480994,completed,,154,The solver successfully reached the end of the integration interval.
3.0,280.0,5.0,35.099999999999994,0.32,0.96,0.799,92.09761459973706,70.12113062826297,4.9999999919466624,0.0008053337223827839,completed,,154,The solver successfully reached the end of the integration interval.
3.4000000000000004,280.0,5.0,35.099999999999994,0.32,1.088,0.799,93.76137308867034,73.41653424614837,4.999999991377621,0.000862237939145416,completed,,154,The solver successfully reached the end of the integration interval.
3.8000000000000003,280.0,5.0,35.099999999999994,0.32,1.2160000000000002,0.799,94.49669992415596,75.82111158380698,4.999999990786897,0.000921310274861753,completed,,164,The solver successfully reached the end of the integration interval.
4.2,280.0,5.0,35.099999999999994,0.32,1.344,0.799,94.71777101339438,77.59883996268294,4.999999990178855,0.0009821145213209093,completed,,161,The solver successfully reached the end of the integration interval.
4.6,280.0,5.0,35.099999999999994,0.32,1.472,0.799,94.63579212111746,78.91935323245457,4.99999998955659,0.0010443409555591643,completed,,160,The solver successfully reached the end of the integration interval.
5.0,280.0,5.0,35.099999999999994,0.32,1.6,0.799,94.3601995987285,79.89349502254451,4.999999988922271,0.0011077729286625981,completed,,150,The solver successfully reached the end of the integration interval.
1.0,300.0,5.0,35.099999999999994,0.32,0.32,0.799,52.779616400011975,33.296831851588685,4.999999994214251,0.0005785748362541199,completed,,226,The solver successfully reached the end of the integration interval.
1.4,300.0,5.0,35.099999999999994,0.32,0.44799999999999995,0.799,71.73492122752508,45.79768074328306,4.999999993881973,0.0006118027376942337,completed,,236,The solver successfully reached the end of the integration interval.
1.8,300.0,5.0,35.099999999999994,0.32,0.5760000000000001,0.799,86.05249249662823,56.43429402492065,4.9999999934990775,0.0006500922027043998,completed,,232,The solver successfully reached the end of the integration interval.
2.2,300.0,5.0,35.099999999999994,0.32,0.7040000000000001,0.799,94.38752794650428,64.50193085039729,4.999999993057401,0.0006942599429748952,completed,,274,The solver successfully reached the end of the integration interval.
2.6,300.0,5.0,35.099999999999994,0.32,0.8320000000000001,0.799,97.76457727542257,70.12402463930648,4.999999992559313,0.0007440687040798366,completed,,206,The solver successfully reached the end of the integration interval.
2.9968749999999997,300.0,5.0,35.099999999999994,0.32,0.959,0.799,98.80084584781244,74.12825876752088,4.999999992021313,0.0007978687062859535,completed,,257,The solver successfully reached the end of the integration interval.
3.0,300.0,5.0,35.099999999999994,0.32,0.96,0.799,98.80503104834668,74.15552440452942,4.999999992016938,0.0007983061950653791,completed,,257,The solver successfully reached the end of the integration interval.
3.4000000000000004,300.0,5.0,35.099999999999994,0.32,1.088,0.799,99.12558947363351,77.23478433806447,4.99999999144241,0.0008557590190321207,completed,,237,The solver successfully reached the end of the integration interval.
3.8000000000000003,300.0,5.0,35.099999999999994,0.32,1.2160000000000002,0.799,99.24284236643702,79.65817519030433,4.999999990843851,0.0009156148298643529,completed,,237,The solver successfully reached the end of the integration interval.
4.2,300.0,5.0,35.099999999999994,0.32,1.344,0.799,99.2905571251756,81.59316597063693,4.999999990226405,0.0009773595375008881,completed,,236,The solver successfully reached the end of the integration interval.
4.6,300.0,5.0,35.099999999999994,0.32,1.472,0.799,99.30530798867323,83.15785204533651,4.999999989593475,0.0010406525107100606,completed,,228,The solver successfully reached the end of the integration interval.
5.0,300.0,5.0,35.099999999999994,0.32,1.6,0.799,99.29815518024974,84.43893555731083,4.999999988947405,0.0011052595218643546,completed,,219,The solver successfully reached the end of the integration interval.
1.0,310.0,5.0,35.099999999999994,0.32,0.32,0.799,56.4188488208885,34.60192599742493,4.9999999941705955,0.0005829404108226299,completed,,259,The solver successfully reached the end of the integration interval.
1.4,310.0,5.0,35.099999999999994,0.32,0.44799999999999995,0.799,76.24653667666585,47.45172868391286,4.9999999938564645,0.0006143535720184445,completed,,276,The solver successfully reached the end of the integration interval.
1.8,310.0,5.0,35.099999999999994,0.32,0.5760000000000001,0.799,90.23021746075408,58.06873400285174,4.9999999934845745,0.0006515425629913807,completed,,234,The solver successfully reached the end of the integration interval.
2.2,310.0,5.0,35.099999999999994,0.32,0.7040000000000001,0.799,96.9254925270906,65.72728328457194,4.999999993043992,0.0006956008146516979,completed,,221,The solver successfully reached the end of the integration interval.
2.6,310.0,5.0,35.099999999999994,0.32,0.8320000000000001,0.799,98.80075719384693,71.06054493037125,4.999999992541534,0.0007458465988747776,completed,,223,The solver successfully reached the end of the integration interval.
2.9968749999999997,310.0,5.0,35.099999999999994,0.32,0.959,0.799,99.19623017103049,75.10347080202614,4.999999991998922,0.0008001077803783119,completed,,255,The solver successfully reached the end of the integration interval.
3.0,310.0,5.0,35.099999999999994,0.32,0.96,0.799,99.19766815115344,75.13175537436669,4.99999999199451,0.000800548994448036,completed,,255,The solver successfully reached the end of the integration interval.
3.4000000000000004,310.0,5.0,35.099999999999994,0.32,1.088,0.799,99.3122910975738,78.36333046418373,4.999999991415626,0.0008584374445490539,completed,,269,The solver successfully reached the end of the integration interval.
3.8000000000000003,310.0,5.0,35.099999999999994,0.32,1.2160000000000002,0.799,99.36790630172348,80.92192221995448,4.999999990812341,0.0009187659015879035,completed,,272,The solver successfully reached the end of the integration interval.
4.2,310.0,5.0,35.099999999999994,0.32,1.344,0.799,99.40409022156776,82.94804302120765,4.999999990189545,0.0009810454794205725,completed,,263,The solver successfully reached the end of the integration interval.
4.6,310.0,5.0,35.099999999999994,0.32,1.472,0.799,99.43019188566407,84.56659213626725,4.9999999895506715,0.0010449328692629933,completed,,266,The solver successfully reached the end of the integration interval.
5.0,310.0,5.0,35.099999999999994,0.32,1.6,0.799,99.4491559498307,85.87713248353197,4.99999998889818,0.0011101820273324847,completed,,263,The solver successfully reached the end of the integration interval.
1.0,340.0,5.0,35.099999999999994,0.32,0.32,0.799,65.4458092427321,37.7294482841414,4.999999994008343,0.0005991657380945981,completed,,335,The solver successfully reached the end of the integration interval.
1.4,340.0,5.0,35.099999999999994,0.32,0.44799999999999995,0.799,86.21660221728969,51.06178646834346,4.999999993724656,0.0006275343475863338,completed,,317,The solver successfully reached the end of the integration interval.
1.8,340.0,5.0,35.099999999999994,0.32,0.5760000000000001,0.799,96.68869868646027,61.012465096555204,4.999999993355109,0.0006644890527240932,completed,,290,The solver successfully reached the end of the integration interval.
2.2,340.0,5.0,35.099999999999994,0.32,0.7040000000000001,0.799,98.79120940528996,68.14560727706527,4.999999992898808,0.0007101192022673786,completed,,286,The solver successfully reached the end of the integration interval.
2.6,340.0,5.0,35.099999999999994,0.32,0.8320000000000001,0.799,99.09289786139482,74.18838950001036,4.999999992387223,0.0007612776826135814,completed,,287,The solver successfully reached the end of the integration interval.
2.9968749999999997,340.0,5.0,35.099999999999994,0.32,0.959,0.799,99.24052393759249,79.30114799318558,4.9999999918407525,0.000815924780908972,completed,,330,The solver successfully reached the end of the integration interval.
3.0,340.0,5.0,35.099999999999994,0.32,0.96,0.799,99.24148912313974,79.33755264256175,4.999999991836308,0.0008163691964000463,completed,,330,The solver successfully reached the end of the integration interval.
3.4000000000000004,340.0,5.0,35.099999999999994,0.32,1.088,0.799,99.34773793379667,83.4855389899682,4.999999991251297,0.0008748702821321785,completed,,337,The solver successfully reached the end of the integration interval.
3.8000000000000003,340.0,5.0,35.099999999999994,0.32,1.2160000000000002,0.799,99.42760400878193,86.66942080498305,4.999999990636745,0.000936325523070991,completed,,353,The solver successfully reached the end of the integration interval.
4.2,340.0,5.0,35.099999999999994,0.32,1.344,0.799,99.48896565556939,89.04546691375104,4.999999989997586,0.0010002413764595985,completed,,290,The solver successfully reached the end of the integration interval.
4.6,340.0,5.0,35.099999999999994,0.32,1.472,0.799,99.53689206291432,90.80592605927409,4.999999989338316,0.0010661683627404273,completed,,346,The solver successfully reached the end of the integration interval.
5.0,340.0,5.0,35.099999999999994,0.32,1.6,0.799,99.57490323140848,92.1205516073275,4.999999988662517,0.0011337482719682157,completed,,348,The solver successfully reached the end of the integration interval.
1.0,350.0,5.0,35.099999999999994,0.32,0.32,0.799,67.88248655039925,38.56949240140031,4.999999993946899,0.0006053100805729628,completed,,354,The solver successfully reached the end of the integration interval.
1.4,350.0,5.0,35.099999999999994,0.32,0.44799999999999995,0.799,88.49929830982332,51.93655850244182,4.99999999366753,0.0006332469638437033,completed,,338,The solver successfully reached the end of the integration interval.
1.8,350.0,5.0,35.099999999999994,0.32,0.5760000000000001,0.799,97.43809507360818,61.66943348097181,4.999999993292942,0.0006707058055326343,completed,,326,The solver successfully reached the end of the integration interval.
2.2,350.0,5.0,35.099999999999994,0.32,0.7040000000000001,0.799,98.81908598881007,68.98766499064844,4.99999999283295,0.0007167050498537719,completed,,308,The solver successfully reached the end of the integration interval.
2.6,350.0,5.0,35.099999999999994,0.32,0.8320000000000001,0.799,99.09661006096377,75.43171461732778,4.9999999923227785,0.000767722143791616,completed,,306,The solver successfully reached the end of the integration interval.
2.9968749999999997,350.0,5.0,35.099999999999994,0.32,0.959,0.799,99.26641831078389,80.93313176553212,4.999999991778195,0.0008221804746426642,completed,,342,The solver successfully reached the end of the integration interval.
3.0,350.0,5.0,35.099999999999994,0.32,0.96,0.799,99.26754711206497,80.97239362075742,4.999999991773763,0.0008226236677728593,completed,,342,The solver successfully reached the end of the integration interval.
3.4000000000000004,350.0,5.0,35.099999999999994,0.32,1.088,0.799,99.39272336176134,85.44077245138207,4.999999991188673,0.0008811326697468758,completed,,352,The solver successfully reached the end of the integration interval.
3.8000000000000003,350.0,5.0,35.099999999999994,0.32,1.2160000000000002,0.799,99.48775318710588,88.83007270708828,4.999999990571186,0.000942881393712014,completed,,359,The solver successfully reached the end of the integration interval.
4.2,350.0,5.0,35.099999999999994,0.32,1.344,0.799,99.56067378718545,91.2933771352434,4.999999989926392,0.0010073607554659247,completed,,360,The solver successfully reached the end of the integration interval.
4.6,350.0,5.0,35.099999999999994,0.32,1.472,0.799,99.61689242058853,93.0524960643511,4.999999989259429,0.0010740570724010468,completed,,348,The solver successfully reached the end of the integration interval.
5.0,350.0,5.0,35.099999999999994,0.32,1.6,0.799,99.66052587199029,94.31277928410086,4.999999988574538,0.0011425462434999645,completed,,372,The solver successfully reached the end of the integration interval.
1.0,370.0,5.0,35.099999999999994,0.32,0.32,0.799,71.96758500734765,40.00000310044268,4.999999993815925,0.0006184075027704239,completed,,417,The solver successfully reached the end of the integration interval.
1.4,370.0,5.0,35.099999999999994,0.32,0.44799999999999995,0.799,91.74713072278881,53.32704484733988,4.999999993539259,0.0006460741278715432,completed,,384,The solver successfully reached the end of the integration interval.
1.8,370.0,5.0,35.099999999999994,0.32,0.5760000000000001,0.799,98.01103646465738,62.83138547282311,4.999999993153108,0.0006846892065368593,completed,,395,The solver successfully reached the end of the integration interval.
2.2,370.0,5.0,35.099999999999994,0.32,0.7040000000000001,0.799,98.82130825828877,70.65650447312116,4.999999992691015,0.0007308985805138946,completed,,352,The solver successfully reached the end of the integration interval.
2.6,370.0,5.0,35.099999999999994,0.32,0.8320000000000001,0.799,99.13135995027697,77.78983708667312,4.999999992186459,0.0007813540869392455,completed,,327,The solver successfully reached the end of the integration interval.
2.9968749999999997,370.0,5.0,35.099999999999994,0.32,0.959,0.799,99.34157352998582,83.976699908029,4.999999991647351,0.0008352649165317416,completed,,348,The solver successfully reached the end of the integration interval.
3.0,370.0,5.0,35.099999999999994,0.32,0.96,0.799,99.34299901831699,84.02108245744866,4.999999991642945,0.0008357054321095347,completed,,348,The solver successfully reached the end of the integration interval.
3.4000000000000004,370.0,5.0,35.099999999999994,0.32,1.088,0.799,99.50362890536965,89.05495464703304,4.999999991058767,0.0008941232808865607,completed,,385,The solver successfully reached the end of the integration interval.
3.8000000000000003,370.0,5.0,35.099999999999994,0.32,1.2160000000000002,0.799,99.62765980320043,92.74236602306158,4.999999990435121,0.0009564879001118243,completed,,392,The solver successfully reached the end of the integration interval.
4.2,370.0,5.0,35.099999999999994,0.32,1.344,0.799,99.72071429947682,95.20865646070735,4.9999999897771845,0.0010222815326415002,completed,,401,The solver successfully reached the end of the integration interval.
4.6,370.0,5.0,35.099999999999994,0.32,1.472,0.799,99.78799465605255,96.76881567247935,4.999999989091893,0.0010908106924034655,completed,,398,The solver successfully reached the end of the integration interval.
5.0,370.0,5.0,35.099999999999994,0.32,1.6,0.799,99.83562477954176,97.74186070322337,4.99999998838551,0.0011614489485509694,completed,,387,The solver successfully reached the end of the integration interval.
1.0,385.0,5.0,35.099999999999994,0.32,0.32,0.799,74.40421609637578,40.879946878357885,4.999999993711635,0.0006288365111686289,completed,,425,The solver successfully reached the end of the integration interval.
1.4,385.0,5.0,35.099999999999994,0.32,0.44799999999999995,0.799,93.25613523518066,54.12343013145821,4.999999993433267,0.0006566732772625983,completed,,377,The solver successfully reached the end of the integration interval.
1.8,385.0,5.0,35.099999999999994,0.32,0.5760000000000001,0.799,98.1149815081832,63.60447058916775,4.999999993039354,0.0006960646132938564,completed,,385,The solver successfully reached the end of the integration interval.
2.2,385.0,5.0,35.099999999999994,0.32,0.7040000000000001,0.799,98.82635384677747,71.77104643925823,4.999999992577912,0.0007422087946906686,completed,,367,The solver successfully reached the end of the integration interval.
2.6,385.0,5.0,35.099999999999994,0.32,0.8320000000000001,0.799,99.16403773267388,79.31307251338184,4.999999992077826,0.0007922173826955259,completed,,356,The solver successfully reached the end of the integration interval.
2.9968749999999997,385.0,5.0,35.099999999999994,0.32,0.959,0.799,99.39951426657392,85.92393469159255,4.999999991542918,0.0008457081858068705,completed,,413,The solver successfully reached the end of the integration interval.
3.0,385.0,5.0,35.099999999999994,0.32,0.96,0.799,99.40113339363195,85.97150205039011,4.999999991538535,0.0008461464894935489,completed,,413,The solver successfully reached the end of the integration interval.
3.4000000000000004,385.0,5.0,35.099999999999994,0.32,1.088,0.799,99.58538887083608,91.33841906589485,4.999999990954807,0.0009045192855410278,completed,,409,The solver successfully reached the end of the integration interval.
3.8000000000000003,385.0,5.0,35.099999999999994,0.32,1.2160000000000002,0.799,99.72739518791184,95.10298535664943,4.999999990324879,0.0009675121400505304,completed,,423,The solver successfully reached the end of the integration interval.
4.2,385.0,5.0,35.099999999999994,0.32,1.344,0.799,99.82781599207419,97.36041995083707,4.999999989653708,0.001034629181958735,completed,,426,The solver successfully reached the end of the integration interval.
4.6,385.0,5.0,35.099999999999994,0.32,1.472,0.799,99.89206537883804,98.56812811716335,4.9999999889505755,0.001104942406527698,completed,,439,The solver successfully reached the end of the integration interval.
5.0,385.0,5.0,35.099999999999994,0.32,1.6,0.799,99.93080142182373,99.18855238058919,4.99999998822424,0.0011775760212913156,completed,,446,The solver successfully reached the end of the integration interval.
1.0,400.0,5.0,35.099999999999994,0.32,0.32,0.799,76.37851647807756,41.61781358080565,4.999999993602855,0.0006397145334631205,completed,,411,The solver successfully reached the end of the integration interval.
1.4,400.0,5.0,35.099999999999994,0.32,0.44799999999999995,0.799,94.20963880357587,54.760995840911384,4.999999993320689,0.0006679311627522111,completed,,407,The solver successfully reached the end of the integration interval.
1.8,400.0,5.0,35.099999999999994,0.32,0.5760000000000001,0.799,98.13837665666159,64.28186580564292,4.999999992920146,0.0007079854258336127,completed,,426,The solver successfully reached the end of the integration interval.
2.2,400.0,5.0,35.099999999999994,0.32,0.7040000000000001,0.799,98.83126161016001,72.7267895669325,4.999999992459492,0.0007540507358498871,completed,,415,The solver successfully reached the end of the integration interval.
2.6,400.0,5.0,35.099999999999994,0.32,0.8320000000000001,0.799,99.19256639244732,80.60078188953341,4.999999991963047,0.0008036953513510525,completed,,399,The solver successfully reached the end of the integration interval.
2.9968749999999997,400.0,5.0,35.099999999999994,0.32,0.959,0.799,99.45042382917623,87.56413274904584,4.999999991431619,0.0008568380726501346,completed,,440,The solver successfully reached the end of the integration interval.
3.0,400.0,5.0,35.099999999999994,0.32,0.96,0.799,99.4522183910107,87.61433355720769,4.999999991427259,0.0008572740480303764,completed,,438,The solver successfully reached the end of the integration interval.
3.4000000000000004,400.0,5.0,35.099999999999994,0.32,1.088,0.799,99.65782030484502,93.23239553003975,4.999999990842955,0.0009157045278698206,completed,,451,The solver successfully reached the end of the integration interval.
3.8000000000000003,400.0,5.0,35.099999999999994,0.32,1.2160000000000002,0.799,99.81289088621365,96.9251453795709,4.999999990204069,0.0009795931400731206,completed,,477,The solver successfully reached the end of the integration interval.
4.2,400.0,5.0,35.099999999999994,0.32,1.344,0.799,99.90982801643081,98.78111913273445,4.999999989515349,0.0010484651429578662,completed,,394,The solver successfully reached the end of the integration interval.
4.6,400.0,5.0,35.099999999999994,0.32,1.472,0.799,99.95868770539722,99.52982096546043,4.999999988790189,0.0011209811200387776,completed,,404,The solver successfully reached the end of the integration interval.
5.0,400.0,5.0,35.099999999999994,0.32,1.6,0.799,99.98056266643648,99.80793246996171,4.999999988041009,0.001195899152662605,completed,,406,The solver successfully reached the end of the integration interval.
1.0,250.0,7.0,35.099999999999994,0.32,0.32,0.799,26.53519787409339,21.262340498154504,6.999999995926936,0.0004073063610121608,completed,,100,The solver successfully reached the end of the integration interval.
1.4,250.0,7.0,35.099999999999994,0.32,0.44799999999999995,0.799,32.71198882101928,26.93278351034457,6.999999995572422,0.00044275785330682993,completed,,92,The solver successfully reached the end of the integration interval.
1.8,250.0,7.0,35.099999999999994,0.32,0.5760000000000001,0.799,37.25212557269124,31.380228008191203,6.999999995203495,0.00047965056728571653,completed,,92,The solver successfully reached the end of the integration interval.
2.2,250.0,7.0,35.099999999999994,0.32,0.7040000000000001,0.799,40.657869640229904,34.90373564174103,6.99999999482327,0.0005176729755476117,completed,,92,The solver successfully reached the end of the integration interval.
2.6,250.0,7.0,35.099999999999994,0.32,0.8320000000000001,0.799,43.24114275961007,37.71128172053601,6.999999994433596,0.000556640443392098,completed,,99,The solver successfully reached the end of the integration interval.
2.9968749999999997,250.0,7.0,35.099999999999994,0.32,0.959,0.799,45.19396982382199,39.93703860429173,6.999999994038815,0.0005961185088381171,completed,,102,The solver successfully reached the end of the integration interval.
3.0,250.0,7.0,35.099999999999994,0.32,0.96,0.799,45.20733792461404,39.952663435728,6.999999994035673,0.000596432713791728,completed,,102,The solver successfully reached the end of the integration interval.
3.4000000000000004,250.0,7.0,35.099999999999994,0.32,1.088,0.799,46.69999692476192,41.74037890456914,6.999999993630376,0.0006369623588398099,completed,,105,The solver successfully reached the end of the integration interval.
3.8000000000000003,250.0,7.0,35.099999999999994,0.32,1.2160000000000002,0.799,47.82384798838705,43.161446992778394,6.999999993218355,0.0006781644187867641,completed,,125,The solver successfully reached the end of the integration interval.
4.2,250.0,7.0,35.099999999999994,0.32,1.344,0.799,48.657441747724285,44.28437565014078,6.999999992800123,0.0007199876708909869,completed,,126,The solver successfully reached the end of the integration interval.
4.6,250.0,7.0,35.099999999999994,0.32,1.472,0.799,49.26078306849139,45.16368403665942,6.999999992376081,0.0007623919518664479,completed,,127,The solver successfully reached the end of the integration interval.
5.0,250.0,7.0,35.099999999999994,0.32,1.6,0.799,49.680276242237824,45.843057943734394,6.999999991946558,0.0008053441997617483,completed,,129,The solver successfully reached the end of the integration interval.
1.0,280.0,7.0,35.099999999999994,0.32,0.32,0.799,50.59937159961512,32.743163847312346,6.999999995954393,0.0004045607056468725,completed,,171,The solver successfully reached the end of the integration interval.
1.4,280.0,7.0,35.099999999999994,0.32,0.44799999999999995,0.799,68.58734446904806,44.93778952150074,6.9999999956923045,0.000430769519880414,completed,,173,The solver successfully reached the end of the integration interval.
1.8,280.0,7.0,35.099999999999994,0.32,0.5760000000000001,0.799,82.61146116598054,55.45996816927542,6.9999999953988485,0.00046011514496058226,completed,,172,The solver successfully reached the end of the integration interval.
2.2,280.0,7.0,35.099999999999994,0.32,0.7040000000000001,0.799,91.54220268605098,63.66038118019145,6.999999995071891,0.0004928108537569642,completed,,186,The solver successfully reached the end of the integration interval.
2.6,280.0,7.0,35.099999999999994,0.32,0.8320000000000001,0.799,95.88073398725983,69.4612648036282,6.999999994713156,0.000528684351593256,completed,,191,The solver successfully reached the end of the integration interval.
2.9968749999999997,280.0,7.0,35.099999999999994,0.32,0.959,0.799,97.57488093716056,73.47211113103195,6.999999994331532,0.000566846807487309,completed,,206,The solver successfully reached the end of the integration interval.
3.0,280.0,7.0,35.099999999999994,0.32,0.96,0.799,97.58263244548597,73.49874072893,6.999999994328444,0.000567155540920794,completed,,206,The solver successfully reached the end of the integration interval.
3.4000000000000004,280.0,7.0,35.099999999999994,0.32,1.088,0.799,98.20027477129808,76.44526818238828,6.999999993924122,0.0006075877463445067,completed,,207,The solver successfully reached the end of the integration interval.
3.8000000000000003,280.0,7.0,35.099999999999994,0.32,1.2160000000000002,0.799,98.40002855274825,78.6929940594153,6.999999993504871,0.0006495128618553281,completed,,208,The solver successfully reached the end of the integration interval.
4.2,280.0,7.0,35.099999999999994,0.32,1.344,0.799,98.41260045958244,80.45283514692767,6.999999993073776,0.0006926223868504167,completed,,195,The solver successfully reached the end of the integration interval.
4.6,280.0,7.0,35.099999999999994,0.32,1.472,0.799,98.31937060343121,81.84983946854923,6.999999992632865,0.00073671352583915,completed,,174,The solver successfully reached the end of the integration interval.
5.0,280.0,7.0,35.099999999999994,0.32,1.6,0.799,98.15243522019587,82.96501208324571,6.999999992183519,0.0007816480938345194,completed,,171,The solver successfully reached the end of the integration interval.
1.0,300.0,7.0,35.099999999999994,0.32,0.32,0.799,59.67324336593094,36.0061503723713,6.999999995921657,0.00040783430449664593,completed,,241,The solver successfully reached the end of the integration interval.
1.4,300.0,7.0,35.099999999999994,0.32,0.44799999999999995,0.799,80.16511362011556,49.203172850226366,6.999999995700797,0.0004299202701076865,completed,,238,The solver successfully reached the end of the integration interval.
1.8,300.0,7.0,35.099999999999994,0.32,0.5760000000000001,0.799,93.53119577721681,59.740256405115,6.999999995435589,0.0004564410774037242,completed,,247,The solver successfully reached the end of the integration interval.
2.2,300.0,7.0,35.099999999999994,0.32,0.7040000000000001,0.799,98.42938081305176,66.87223141694616,6.999999995117967,0.00048820325173437595,completed,,250,The solver successfully reached the end of the integration interval.
2.6,300.0,7.0,35.099999999999994,0.32,0.8320000000000001,0.799,99.27864285311044,71.86314543873188,6.999999994757372,0.0005242627812549472,completed,,274,The solver successfully reached the end of the integration interval.
2.9968749999999997,300.0,7.0,35.099999999999994,0.32,0.959,0.799,99.41500366453495,75.73987446695195,6.999999994371125,0.0005628875223919749,completed,,284,The solver successfully reached the end of the integration interval.
3.0,300.0,7.0,35.099999999999994,0.32,0.96,0.799,99.41554076452793,75.76695565982425,6.999999994367996,0.0005632004467770457,completed,,284,The solver successfully reached the end of the integration interval.
3.4000000000000004,300.0,7.0,35.099999999999994,0.32,1.088,0.799,99.46417168047842,78.84196763417,6.9999999939579345,0.0006042065797373652,completed,,295,The solver successfully reached the end of the integration interval.
3.8000000000000003,300.0,7.0,35.099999999999994,0.32,1.2160000000000002,0.799,99.49448463810742,81.2507286514136,6.999999993531881,0.0006468119099736214,completed,,288,The solver successfully reached the end of the integration interval.
4.2,300.0,7.0,35.099999999999994,0.32,1.344,0.799,99.51721369823848,83.1519519070794,6.999999993093002,0.0006906997878104448,completed,,284,The solver successfully reached the end of the integration interval.
4.6,300.0,7.0,35.099999999999994,0.32,1.472,0.799,99.53508376978459,84.67600557475275,6.999999992643519,0.0007356480928137898,completed,,292,The solver successfully reached the end of the integration interval.
5.0,300.0,7.0,35.099999999999994,0.32,1.6,0.799,99.54888516793112,85.91935883656599,6.999999992184965,0.0007815035060048103,completed,,278,The solver successfully reached the end of the integration interval.
1.0,310.0,7.0,35.099999999999994,0.32,0.32,0.799,63.29458348575897,37.24074142892796,6.99999999589322,0.00041067798156291246,completed,,285,The solver successfully reached the end of the integration interval.
1.4,310.0,7.0,35.099999999999994,0.32,0.44799999999999995,0.799,84.27117052539027,50.64309026169226,6.999999995684784,0.000431521562859416,completed,,284,The solver successfully reached the end of the integration interval.
1.8,310.0,7.0,35.099999999999994,0.32,0.5760000000000001,0.799,96.16196382216009,60.81853908670936,6.999999995423269,0.00045767310075461864,completed,,300,The solver successfully reached the end of the integration interval.
2.2,310.0,7.0,35.099999999999994,0.32,0.7040000000000001,0.799,99.03059509762859,67.57568832665943,6.999999995101961,0.0004898039624094963,completed,,289,The solver successfully reached the end of the integration interval.
2.6,310.0,7.0,35.099999999999994,0.32,0.8320000000000001,0.799,99.32879108426869,72.78904795278422,6.999999994738618,0.0005261382320895791,completed,,294,The solver successfully reached the end of the integration interval.
2.9968749999999997,310.0,7.0,35.099999999999994,0.32,0.959,0.799,99.40314281589804,77.00191159664442,6.999999994350702,0.0005649297963827848,completed,,323,The solver successfully reached the end of the integration interval.
3.0,310.0,7.0,35.099999999999994,0.32,0.96,0.799,99.40357942161239,77.031386981835,6.999999994347552,0.0005652448162436485,completed,,323,The solver successfully reached the end of the integration interval.
3.4000000000000004,310.0,7.0,35.099999999999994,0.32,1.088,0.799,99.45044089311659,80.3612586567601,6.999999993935168,0.0006064831977710128,completed,,339,The solver successfully reached the end of the integration interval.
3.8000000000000003,310.0,7.0,35.099999999999994,0.32,1.2160000000000002,0.799,99.48536806022948,82.92490475089258,6.999999993505754,0.0006494246190413833,completed,,338,The solver successfully reached the end of the integration interval.
4.2,310.0,7.0,35.099999999999994,0.32,1.344,0.799,99.51314273234344,84.90276725564875,6.999999993062615,0.0006937384605407715,completed,,331,The solver successfully reached the end of the integration interval.
4.6,310.0,7.0,35.099999999999994,0.32,1.472,0.799,99.53618484983933,86.45060489178658,6.999999992608204,0.0007391795516014099,completed,,326,The solver successfully reached the end of the integration interval.
5.0,310.0,7.0,35.099999999999994,0.32,1.6,0.799,99.55582239238932,87.68494465056712,6.999999992144285,0.0007855715230107307,completed,,313,The solver successfully reached the end of the integration interval.
1.0,340.0,7.0,35.099999999999994,0.32,0.32,0.799,71.69334051934861,40.064518333403115,6.9999999957790635,0.0004220936680212617,completed,,333,The solver successfully reached the end of the integration interval.
1.4,340.0,7.0,35.099999999999994,0.32,0.44799999999999995,0.799,92.20738377120173,53.52858517674329,6.99999999558696,0.00044130394235253334,completed,,329,The solver successfully reached the end of the integration interval.
1.8,340.0,7.0,35.099999999999994,0.32,0.5760000000000001,0.799,98.58282356683794,62.734910427463156,6.999999995315787,0.00046842126175761223,completed,,322,The solver successfully reached the end of the integration interval.
2.2,340.0,7.0,35.099999999999994,0.32,0.7040000000000001,0.799,99.13266874973898,70.0389425709878,6.999999994986724,0.0005013275658711791,completed,,307,The solver successfully reached the end of the integration interval.
2.6,340.0,7.0,35.099999999999994,0.32,0.8320000000000001,0.799,99.31530615932782,76.55349639175209,6.9999999946257585,0.0005374241154640913,completed,,354,The solver successfully reached the end of the integration interval.
2.9968749999999997,340.0,7.0,35.099999999999994,0.32,0.959,0.799,99.43535905933828,81.98758666486889,6.999999994239971,0.0005760028725489974,completed,,366,The solver successfully reached the end of the integration interval.
3.0,340.0,7.0,35.099999999999994,0.32,0.96,0.799,99.43615188443313,82.02573788220595,6.999999994236827,0.000576317310333252,completed,,366,The solver successfully reached the end of the integration interval.
3.4000000000000004,340.0,7.0,35.099999999999994,0.32,1.088,0.799,99.52345359157198,86.29340873164176,6.999999993821593,0.0006178406765684485,completed,,381,The solver successfully reached the end of the integration interval.
3.8000000000000003,340.0,7.0,35.099999999999994,0.32,1.2160000000000002,0.799,99.58908898045425,89.42329934336733,6.999999993383559,0.0006616440368816257,completed,,375,The solver successfully reached the end of the integration interval.
4.2,340.0,7.0,35.099999999999994,0.32,1.344,0.799,99.63952870736142,91.64651774934669,6.999999992927037,0.0007072963053360581,completed,,318,The solver successfully reached the end of the integration interval.
4.6,340.0,7.0,35.099999999999994,0.32,1.472,0.799,99.67890174085862,93.22105453727072,6.999999992455865,0.0007544135442003608,completed,,364,The solver successfully reached the end of the integration interval.
5.0,340.0,7.0,35.099999999999994,0.32,1.6,0.799,99.71007092616962,94.35310513224617,6.999999991972939,0.0008027061121538281,completed,,363,The solver successfully reached the end of the integration interval.
1.0,350.0,7.0,35.099999999999994,0.32,0.32,0.799,73.81560347133733,40.78694540855457,6.999999995734386,0.00042656133882701397,completed,,358,The solver successfully reached the end of the integration interval.
1.4,350.0,7.0,35.099999999999994,0.32,0.44799999999999995,0.799,93.70535920703199,54.16887214328619,6.999999995543076,0.0004456923343241215,completed,,358,The solver successfully reached the end of the integration interval.
1.8,350.0,7.0,35.099999999999994,0.32,0.5760000000000001,0.799,98.674087509981,63.2814996747151,6.99999999526718,0.00047328206710517406,completed,,333,The solver successfully reached the end of the integration interval.
2.2,350.0,7.0,35.099999999999994,0.32,0.7040000000000001,0.799,99.12874529982525,70.91390451316981,6.99999999493864,0.0005061359843239188,completed,,315,The solver successfully reached the end of the integration interval.
2.6,350.0,7.0,35.099999999999994,0.32,0.8320000000000001,0.799,99.33237069740926,77.81137135463216,6.999999994580398,0.000541960122063756,completed,,370,The solver successfully reached the end of the integration interval.
2.9968749999999997,350.0,7.0,35.099999999999994,0.32,0.959,0.799,99.46951266446648,83.6283948283403,6.999999994196737,0.0005803263047710061,completed,,372,The solver successfully reached the end of the integration interval.
3.0,350.0,7.0,35.099999999999994,0.32,0.96,0.799,99.47043054772999,83.66937454665475,6.9999999941935975,0.0005806402768939734,completed,,372,The solver successfully reached the end of the integration interval.
3.4000000000000004,350.0,7.0,35.099999999999994,0.32,1.088,0.799,99.57257974799128,88.24286049769425,6.999999993778426,0.0006221574731171131,completed,,333,The solver successfully reached the end of the integration interval.
3.8000000000000003,350.0,7.0,35.099999999999994,0.32,1.2160000000000002,0.799,99.65028650632568,91.53082131625663,6.999999993337781,0.000666221952997148,completed,,379,The solver successfully reached the end of the integration interval.
4.2,350.0,7.0,35.099999999999994,0.32,1.344,0.799,99.70950929518824,93.77196175801971,6.999999992876347,0.0007123652612790465,completed,,373,The solver successfully reached the end of the integration interval.
4.6,350.0,7.0,35.099999999999994,0.32,1.472,0.799,99.75456492708878,95.27627131375267,6.999999992398685,0.0007601315155625343,completed,,370,The solver successfully reached the end of the integration interval.
5.0,350.0,7.0,35.099999999999994,0.32,1.6,0.799,99.7889702158627,96.29788418696921,6.999999991908322,0.000809167861007154,completed,,395,The solver successfully reached the end of the integration interval.
1.0,370.0,7.0,35.099999999999994,0.32,0.32,0.799,77.23487196832696,41.979902103061654,6.999999995638169,0.00043618306517601013,completed,,375,The solver successfully reached the end of the integration interval.
1.4,370.0,7.0,35.099999999999994,0.32,0.44799999999999995,0.799,95.51953455777313,55.15070033139761,6.999999995444513,0.0004555486375465989,completed,,396,The solver successfully reached the end of the integration interval.
1.8,370.0,7.0,35.099999999999994,0.32,0.5760000000000001,0.799,98.69595870961756,64.30354861683244,6.999999995161092,0.000483890762552619,completed,,400,The solver successfully reached the end of the integration interval.
2.2,370.0,7.0,35.099999999999994,0.32,0.7040000000000001,0.799,99.1350942853296,72.47311954941324,6.9999999948350675,0.0005164932226762176,completed,,339,The solver successfully reached the end of the integration interval.
2.6,370.0,7.0,35.099999999999994,0.32,0.8320000000000001,0.799,99.37283567536682,79.99972724496995,6.999999994482416,0.0005517583340406418,completed,,371,The solver successfully reached the end of the integration interval.
2.9968749999999997,370.0,7.0,35.099999999999994,0.32,0.959,0.799,99.54004207083236,86.4798373937652,6.99999999410348,0.0005896519869565964,completed,,385,The solver successfully reached the end of the integration interval.
3.0,370.0,7.0,35.099999999999994,0.32,0.96,0.799,99.54119005641502,86.52577249588825,6.999999994100383,0.000589961651712656,completed,,386,The solver successfully reached the end of the integration interval.
3.4000000000000004,370.0,7.0,35.099999999999994,0.32,1.088,0.799,99.67127976776376,91.61326776413475,6.999999993685549,0.000631445087492466,completed,,401,The solver successfully reached the end of the integration interval.
3.8000000000000003,370.0,7.0,35.099999999999994,0.32,1.2160000000000002,0.799,99.77075160050542,95.05365814222424,6.999999993238686,0.0006761314580217004,completed,,413,The solver successfully reached the end of the integration interval.
4.2,370.0,7.0,35.099999999999994,0.32,1.344,0.799,99.84193412677631,97.10228464398223,6.999999992765173,0.0007234826916828752,completed,,426,The solver successfully reached the end of the integration interval.
4.6,370.0,7.0,35.099999999999994,0.32,1.472,0.799,99.88981105123379,98.24692852867216,6.999999992271768,0.0007728232303634286,completed,,427,The solver successfully reached the end of the integration interval.
5.0,370.0,7.0,35.099999999999994,0.32,1.6,0.799,99.92115476690348,98.88544415576611,6.999999991763841,0.0008236159337684512,completed,,422,The solver successfully reached the end of the integration interval.
1.0,385.0,7.0,35.099999999999994,0.32,0.32,0.799,79.19289910378868,42.690597659696515,6.999999995561115,0.0004438884789124131,completed,,405,The solver successfully reached the end of the integration interval.
1.4,385.0,7.0,35.099999999999994,0.32,0.44799999999999995,0.799,96.2003291878825,55.70360156396966,6.999999995363642,0.0004636357771232724,completed,,387,The solver successfully reached the end of the integration interval.
1.8,385.0,7.0,35.099999999999994,0.32,0.5760000000000001,0.799,98.68441695387573,64.96463157270517,6.999999995076139,0.0004923861706629395,completed,,421,The solver successfully reached the end of the integration interval.
2.2,385.0,7.0,35.099999999999994,0.32,0.7040000000000001,0.799,99.1417081845498,73.43670272109148,6.9999999947517795,0.0005248220404610038,completed,,364,The solver successfully reached the end of the integration interval.
2.6,385.0,7.0,35.099999999999994,0.32,0.8320000000000001,0.799,99.39977153385054,81.3306027875601,6.999999994402637,0.0005597362760454416,completed,,419,The solver successfully reached the end of the integration interval.
2.9968749999999997,385.0,7.0,35.099999999999994,0.32,0.959,0.799,99.58632847393784,88.2134458851067,6.9999999940269,0.0005973100196570158,completed,,423,The solver successfully reached the end of the integration interval.
3.0,385.0,7.0,35.099999999999994,0.32,0.96,0.799,99.58762923635841,88.26239217555019,6.999999994023819,0.0005976181710138917,completed,,423,The solver successfully reached the end of the integration interval.
3.4000000000000004,385.0,7.0,35.099999999999994,0.32,1.088,0.799,99.73629039183092,93.63055746302024,6.999999993608649,0.000639135017991066,completed,,438,The solver successfully reached the end of the integration interval.
3.8000000000000003,385.0,7.0,35.099999999999994,0.32,1.2160000000000002,0.799,99.84731060198865,96.99860646967241,6.9999999931551296,0.0006844870513305068,completed,,450,The solver successfully reached the end of the integration interval.
4.2,385.0,7.0,35.099999999999994,0.32,1.344,0.799,99.91764713670717,98.67468750971322,6.999999992669357,0.000733064254745841,completed,,462,The solver successfully reached the end of the integration interval.
4.6,385.0,7.0,35.099999999999994,0.32,1.472,0.799,99.95598840634602,99.40129994685189,6.999999992160986,0.0007839014288038015,completed,,475,The solver successfully reached the end of the integration interval.
5.0,385.0,7.0,35.099999999999994,0.32,1.6,0.799,99.97561849961956,99.71027569961143,6.999999991637467,0.0008362532826140523,completed,,398,The solver successfully reached the end of the integration interval.
1.0,400.0,7.0,35.099999999999994,0.32,0.32,0.799,80.73697539929535,43.273694524209496,6.999999995480697,0.00045193033292889595,completed,,417,The solver successfully reached the end of the integration interval.
1.4,400.0,7.0,35.099999999999994,0.32,0.44799999999999995,0.799,96.56128292119114,56.14627931248643,6.99999999527851,0.0004721489967778325,completed,,439,The solver successfully reached the end of the integration interval.
1.8,400.0,7.0,35.099999999999994,0.32,0.5760000000000001,0.799,98.66753483424539,65.5236303763299,6.999999994987562,0.0005012437468394637,completed,,467,The solver successfully reached the end of the integration interval.
2.2,400.0,7.0,35.099999999999994,0.32,0.7040000000000001,0.799,99.14422518982445,74.23328277697209,6.999999994664138,0.0005335862515494227,completed,,415,The solver successfully reached the end of the integration interval.
2.6,400.0,7.0,35.099999999999994,0.32,0.8320000000000001,0.799,99.4201377691765,82.42214064151429,6.999999994317549,0.0005682450719177723,completed,,466,The solver successfully reached the end of the integration interval.
2.9968749999999997,400.0,7.0,35.099999999999994,0.32,0.959,0.799,99.62426846928462,89.63597569387034,6.999999993944279,0.0006055721314623952,completed,,461,The solver successfully reached the end of the integration interval.
3.0,400.0,7.0,35.099999999999994,0.32,0.96,0.799,99.62570987590081,89.68737901469596,6.999999993941192,0.0006058807484805584,completed,,460,The solver successfully reached the end of the integration interval.
3.4000000000000004,400.0,7.0,35.099999999999994,0.32,1.088,0.799,99.79111520176296,95.2476161243244,6.999999993524686,0.0006475313566625118,completed,,481,The solver successfully reached the end of the integration interval.
3.8000000000000003,400.0,7.0,35.099999999999994,0.32,1.2160000000000002,0.799,99.90770400296329,98.36908299401387,6.99999999306188,0.0006938120350241661,completed,,426,The solver successfully reached the end of the integration interval.
4.2,400.0,7.0,35.099999999999994,0.32,1.344,0.799,99.96633258606825,99.53216821909085,6.999999992560512,0.0007439488545060158,completed,,444,The solver successfully reached the end of the integration interval.
4.6,400.0,7.0,35.099999999999994,0.32,1.472,0.799,99.98819660235428,99.86468074044143,6.999999992034948,0.0007965051336213946,completed,,457,The solver successfully reached the end of the integration interval.
5.0,400.0,7.0,35.099999999999994,0.32,1.6,0.799,99.99557688410057,99.9564202083118,6.999999991494888,0.0008505112491548061,completed,,431,The solver successfully reached the end of the integration interval.
1.0,250.0,9.0,35.099999999999994,0.32,0.32,0.799,27.057430889432382,21.58462567296268,8.999999996830345,0.00031696539372205734,completed,,92,The solver successfully reached the end of the integration interval.
1.4,250.0,9.0,35.099999999999994,0.32,0.44799999999999995,0.799,32.97629879212933,27.106791946139776,8.999999996553667,0.00034463335759937763,completed,,89,The solver successfully reached the end of the integration interval.
1.8,250.0,9.0,35.099999999999994,0.32,0.5760000000000001,0.799,37.45870110117185,31.52348915604499,8.999999996266833,0.0003733165794983506,completed,,95,The solver successfully reached the end of the integration interval.
2.2,250.0,9.0,35.099999999999994,0.32,0.7040000000000001,0.799,40.96052030344225,35.122615281417005,8.999999995971944,0.00040280562825500965,completed,,95,The solver successfully reached the end of the integration interval.
2.6,250.0,9.0,35.099999999999994,0.32,0.8320000000000001,0.799,43.734355398377,38.080460603250145,8.999999995670162,0.00043298385571688414,completed,,98,The solver successfully reached the end of the integration interval.
2.9968749999999997,250.0,9.0,35.099999999999994,0.32,0.959,0.799,45.92606103040991,40.50083583153865,8.999999995364686,0.0004635314689949155,completed,,103,The solver successfully reached the end of the integration interval.
3.0,250.0,9.0,35.099999999999994,0.32,0.96,0.799,45.94142238717166,40.518111792581465,8.99999999536226,0.0004637740785256028,completed,,103,The solver successfully reached the end of the integration interval.
3.4000000000000004,250.0,9.0,35.099999999999994,0.32,1.088,0.799,47.69601151668044,42.52640108274196,8.999999995048785,0.0004951214650645852,completed,,103,The solver successfully reached the end of the integration interval.
3.8000000000000003,250.0,9.0,35.099999999999994,0.32,1.2160000000000002,0.799,49.08466226166633,44.17726623169291,8.999999994730162,0.0005269837565720081,completed,,100,The solver successfully reached the end of the integration interval.
4.2,250.0,9.0,35.099999999999994,0.32,1.344,0.799,50.17519110885432,45.52927093235556,8.999999994406728,0.0005593271926045418,completed,,98,The solver successfully reached the end of the integration interval.
4.6,250.0,9.0,35.099999999999994,0.32,1.472,0.799,51.0217362863172,46.630731677527734,8.999999994078765,0.0005921234842389822,completed,,99,The solver successfully reached the end of the integration interval.
5.0,250.0,9.0,35.099999999999994,0.32,1.6,0.799,51.66785821331546,47.52169492716005,8.999999993746496,0.0006253505125641823,completed,,93,The solver successfully reached the end of the integration interval.
1.0,280.0,9.0,35.099999999999994,0.32,0.32,0.799,55.2802891778019,34.62178374715735,8.999999996874232,0.0003125768853351474,completed,,178,The solver successfully reached the end of the integration interval.
1.4,280.0,9.0,35.099999999999994,0.32,0.44799999999999995,0.799,74.56685680651395,47.398697412202644,8.999999996676477,0.00033235223963856697,completed,,188,The solver successfully reached the end of the integration interval.
1.8,280.0,9.0,35.099999999999994,0.32,0.5760000000000001,0.799,88.70218669621602,58.12160336055604,8.999999996452669,0.0003547330852597952,completed,,211,The solver successfully reached the end of the integration interval.
2.2,280.0,9.0,35.099999999999994,0.32,0.7040000000000001,0.799,96.06411567303037,65.89809977754952,8.999999996199943,0.0003800058038905263,completed,,214,The solver successfully reached the end of the integration interval.
2.6,280.0,9.0,35.099999999999994,0.32,0.8320000000000001,0.799,98.48087079256574,71.06637691388516,8.999999995920662,0.00040793372318148613,completed,,218,The solver successfully reached the end of the integration interval.
2.9968749999999997,280.0,9.0,35.099999999999994,0.32,0.959,0.799,99.10294287884832,74.70714775623954,8.99999999562385,0.0004376148572191596,completed,,244,The solver successfully reached the end of the integration interval.
3.0,280.0,9.0,35.099999999999994,0.32,0.96,0.799,99.10531302140403,74.73190270395436,8.999999995621458,0.0004378542071208358,completed,,244,The solver successfully reached the end of the integration interval.
3.4000000000000004,280.0,9.0,35.099999999999994,0.32,1.088,0.799,99.27845047131578,77.52363657207613,8.999999995307862,0.00046921381726861,completed,,249,The solver successfully reached the end of the integration interval.
3.8000000000000003,280.0,9.0,35.099999999999994,0.32,1.2160000000000002,0.799,99.3226547688846,79.72061274772403,8.999999994983297,0.0005016704089939594,completed,,237,The solver successfully reached the end of the integration interval.
4.2,280.0,9.0,35.099999999999994,0.32,1.344,0.799,99.31241813996145,81.48353179318941,8.99999999464991,0.0005350089631974697,completed,,210,The solver successfully reached the end of the integration interval.
4.6,280.0,9.0,35.099999999999994,0.32,1.472,0.799,99.26725922518797,82.91858643882837,8.999999994309125,0.000569087453186512,completed,,207,The solver successfully reached the end of the integration interval.
5.0,280.0,9.0,35.099999999999994,0.32,1.6,0.799,99.19262730062157,84.09869681479664,8.999999993961902,0.000603809836320579,completed,,221,The solver successfully reached the end of the integration interval.
1.0,300.0,9.0,35.099999999999994,0.32,0.32,0.799,64.59083209161481,37.84457656819955,8.999999996856086,0.000314391334541142,completed,,248,The solver successfully reached the end of the integration interval.
1.4,300.0,9.0,35.099999999999994,0.32,0.44799999999999995,0.799,85.79227329943035,51.3876006373587,8.999999996691654,0.0003308345330879092,completed,,271,The solver successfully reached the end of the integration interval.
1.8,300.0,9.0,35.099999999999994,0.32,0.5760000000000001,0.799,97.10434149663502,61.42090481684831,8.999999996485792,0.00035142083652317524,completed,,275,The solver successfully reached the end of the integration interval.
2.2,300.0,9.0,35.099999999999994,0.32,0.7040000000000001,0.799,99.27129722580425,67.91349887664666,8.999999996234115,0.00037658854853361845,completed,,290,The solver successfully reached the end of the integration interval.
2.6,300.0,9.0,35.099999999999994,0.32,0.8320000000000001,0.799,99.4451700761739,72.93881503841536,8.999999995951725,0.00040482741314917803,completed,,314,The solver successfully reached the end of the integration interval.
2.9968749999999997,300.0,9.0,35.099999999999994,0.32,0.959,0.799,99.49306566360622,76.92455508816037,8.999999995651462,0.0004348538350313902,completed,,340,The solver successfully reached the end of the integration interval.
3.0,300.0,9.0,35.099999999999994,0.32,0.96,0.799,99.49335457183194,76.95217773416134,8.999999995649034,0.00043509656097739935,completed,,340,The solver successfully reached the end of the integration interval.
3.4000000000000004,300.0,9.0,35.099999999999994,0.32,1.088,0.799,99.52470785130005,80.05785170556396,8.99999999533086,0.0004669140325859189,completed,,338,The solver successfully reached the end of the integration interval.
3.8000000000000003,300.0,9.0,35.099999999999994,0.32,1.2160000000000002,0.799,99.54886879611637,82.4458377921285,8.99999999500046,0.0004999539814889431,completed,,340,The solver successfully reached the end of the integration interval.
4.2,300.0,9.0,35.099999999999994,0.32,1.344,0.799,99.5689764651618,84.30481911476333,8.999999994660259,0.0005339740309864283,completed,,314,The solver successfully reached the end of the integration interval.
4.6,300.0,9.0,35.099999999999994,0.32,1.472,0.799,99.58641198193561,85.78082848640611,8.999999994311926,0.0005688074743375182,completed,,284,The solver successfully reached the end of the integration interval.
5.0,300.0,9.0,35.099999999999994,0.32,1.6,0.799,99.60178483185507,86.97724561094049,8.999999993956664,0.0006043337052688003,completed,,310,The solver successfully reached the end of the integration interval.
1.0,310.0,9.0,35.099999999999994,0.32,0.32,0.799,68.09984089985407,39.01160483538076,8.999999996835545,0.00031644548289477825,completed,,275,The solver successfully reached the end of the integration interval.
1.4,310.0,9.0,35.099999999999994,0.32,0.44799999999999995,0.799,89.38047988029874,52.628689578776786,8.999999996680087,0.0003319913521409035,completed,,285,The solver successfully reached the end of the integration interval.
1.8,310.0,9.0,35.099999999999994,0.32,0.5760000000000001,0.799,98.38476537388586,62.11836894457817,8.999999996474033,0.0003525967476889491,completed,,293,The solver successfully reached the end of the integration interval.
2.2,310.0,9.0,35.099999999999994,0.32,0.7040000000000001,0.799,99.32274821953536,68.65312098733192,8.99999999621951,0.00037804897874593735,completed,,337,The solver successfully reached the end of the integration interval.
2.6,310.0,9.0,35.099999999999994,0.32,0.8320000000000001,0.799,99.42527850303749,74.12132099682252,8.999999995936781,0.0004063218366354704,completed,,333,The solver successfully reached the end of the integration interval.
2.9968749999999997,310.0,9.0,35.099999999999994,0.32,0.959,0.799,99.4821256029598,78.48773994685111,8.999999995636024,0.00043639761861413717,completed,,345,The solver successfully reached the end of the integration interval.
3.0,310.0,9.0,35.099999999999994,0.32,0.96,0.799,99.48248929535252,78.51789651617766,8.999999995633594,0.00043664057739079,completed,,346,The solver successfully reached the end of the integration interval.
3.4000000000000004,310.0,9.0,35.099999999999994,0.32,1.088,0.799,99.52189290072548,81.88350250967325,8.999999995313711,0.00046862883027642965,completed,,358,The solver successfully reached the end of the integration interval.
3.8000000000000003,310.0,9.0,35.099999999999994,0.32,1.2160000000000002,0.799,99.55150887566772,84.41617971862821,8.999999994980486,0.0005019513191655278,completed,,292,The solver successfully reached the end of the integration interval.
4.2,310.0,9.0,35.099999999999994,0.32,1.344,0.799,99.57539053450371,86.33567248924815,8.999999994636594,0.0005363405216485262,completed,,368,The solver successfully reached the end of the integration interval.
4.6,310.0,9.0,35.099999999999994,0.32,1.472,0.799,99.59557484489491,87.81809605993101,8.999999994283998,0.0005716001614928246,completed,,371,The solver successfully reached the end of the integration interval.
5.0,310.0,9.0,35.099999999999994,0.32,1.6,0.799,99.61312438509498,88.98856117919665,8.999999993924087,0.0006075913552194834,completed,,354,The solver successfully reached the end of the integration interval.
1.0,340.0,9.0,35.099999999999994,0.32,0.32,0.799,75.8087357122566,41.571429533374236,8.999999996747139,0.0003252861788496375,completed,,341,The solver successfully reached the end of the integration interval.
1.4,340.0,9.0,35.099999999999994,0.32,0.44799999999999995,0.799,95.36894844969785,54.91870296560184,8.99999999660035,0.00033996510319411755,completed,,325,The solver successfully reached the end of the integration interval.
1.8,340.0,9.0,35.099999999999994,0.32,0.5760000000000001,0.799,98.99433660582689,63.74678616673827,8.999999996383607,0.00036163930781185627,completed,,350,The solver successfully reached the end of the integration interval.
2.2,340.0,9.0,35.099999999999994,0.32,0.7040000000000001,0.799,99.293469067591,71.36642007168534,8.999999996129052,0.00038709479849785566,completed,,367,The solver successfully reached the end of the integration interval.
2.6,340.0,9.0,35.099999999999994,0.32,0.8320000000000001,0.799,99.44667750378379,78.18045215339873,8.999999995851669,0.00041483319364488125,completed,,378,The solver successfully reached the end of the integration interval.
2.9968749999999997,340.0,9.0,35.099999999999994,0.32,0.959,0.799,99.54801058401141,83.79656037048488,8.999999995553942,0.0004446058301255107,completed,,384,The solver successfully reached the end of the integration interval.
3.0,340.0,9.0,35.099999999999994,0.32,0.96,0.799,99.54868092724999,83.83554565195959,8.999999995551512,0.0004448487889021635,completed,,384,The solver successfully reached the end of the integration interval.
3.4000000000000004,340.0,9.0,35.099999999999994,0.32,1.088,0.799,99.62272348851495,88.1306370873917,8.999999995229478,0.00047705217730253935,completed,,335,The solver successfully reached the end of the integration interval.
3.8000000000000003,340.0,9.0,35.099999999999994,0.32,1.2160000000000002,0.799,99.6788666345953,91.16565578672089,8.99999999488876,0.0005111240316182375,completed,,349,The solver successfully reached the end of the integration interval.
4.2,340.0,9.0,35.099999999999994,0.32,1.344,0.799,99.72238027682802,93.24109700803108,8.999999994533285,0.000546671450138092,completed,,340,The solver successfully reached the end of the integration interval.
4.6,340.0,9.0,35.099999999999994,0.32,1.472,0.799,99.756525662468,94.66373292488946,8.999999994166362,0.0005833636969327927,completed,,333,The solver successfully reached the end of the integration interval.
5.0,340.0,9.0,35.099999999999994,0.32,1.6,0.799,99.78359154398548,95.65978168774113,8.999999993790428,0.0006209572311490774,completed,,326,The solver successfully reached the end of the integration interval.
1.0,350.0,9.0,35.099999999999994,0.32,0.32,0.799,77.66359169759629,42.201431302314276,8.999999996711724,0.0003288276493549347,completed,,366,The solver successfully reached the end of the integration interval.
1.4,350.0,9.0,35.099999999999994,0.32,0.44799999999999995,0.799,96.26670561529485,55.39773351812973,8.999999996564178,0.00034358224365860224,completed,,380,The solver successfully reached the end of the integration interval.
1.8,350.0,9.0,35.099999999999994,0.32,0.5760000000000001,0.799,98.98756025825305,64.27549414388979,8.999999996344549,0.00036554504185914993,completed,,339,The solver successfully reached the end of the integration interval.
2.2,350.0,9.0,35.099999999999994,0.32,0.7040000000000001,0.799,99.29732720526168,72.20659881858116,8.999999996091528,0.00039084721356630325,completed,,355,The solver successfully reached the end of the integration interval.
2.6,350.0,9.0,35.099999999999994,0.32,0.8320000000000001,0.799,99.46669623218362,79.38787324347459,8.999999995816705,0.0004183296114206314,completed,,401,The solver successfully reached the end of the integration interval.
2.9968749999999997,350.0,9.0,35.099999999999994,0.32,0.959,0.799,99.58208985074512,85.38730917441819,8.999999995520872,0.00044791284017264843,completed,,384,The solver successfully reached the end of the integration interval.
3.0,350.0,9.0,35.099999999999994,0.32,0.96,0.799,99.58286631562629,85.42911218249549,8.999999995518452,0.0004481547512114048,completed,,384,The solver successfully reached the end of the integration interval.
3.4000000000000004,350.0,9.0,35.099999999999994,0.32,1.088,0.799,99.66964604395929,90.01561014550255,8.999999995196365,0.0004803634947165847,completed,,354,The solver successfully reached the end of the integration interval.
3.8000000000000003,350.0,9.0,35.099999999999994,0.32,1.2160000000000002,0.799,99.7360082630257,93.16442810115183,8.999999994853184,0.0005146815674379468,completed,,352,The solver successfully reached the end of the integration interval.
4.2,350.0,9.0,35.099999999999994,0.32,1.344,0.799,99.78647072095711,95.20221684906997,8.999999994493308,0.0005506692687049508,completed,,355,The solver successfully reached the end of the integration interval.
4.6,350.0,9.0,35.099999999999994,0.32,1.472,0.799,99.82451815802601,96.50734611362591,8.999999994120794,0.0005879206582903862,completed,,391,The solver successfully reached the end of the integration interval.
5.0,350.0,9.0,35.099999999999994,0.32,1.6,0.799,99.85319487854099,97.35970369681252,8.999999993738575,0.0006261424859985709,completed,,401,The solver successfully reached the end of the integration interval.
1.0,370.0,9.0,35.099999999999994,0.32,0.32,0.799,80.5744525189948,43.219941499576734,8.99999999663502,0.00033649790566414595,completed,,392,The solver successfully reached the end of the integration interval.
1.4,370.0,9.0,35.099999999999994,0.32,0.44799999999999995,0.799,97.18152971590848,56.13459787786179,8.999999996483512,0.0003516488941386342,completed,,420,The solver successfully reached the end of the integration interval.
1.8,370.0,9.0,35.099999999999994,0.32,0.5760000000000001,0.799,98.96798565349675,65.21385238235207,8.999999996259934,0.00037400657311081886,completed,,372,The solver successfully reached the end of the integration interval.
2.2,370.0,9.0,35.099999999999994,0.32,0.7040000000000001,0.799,99.30863598721234,73.62526130293053,8.999999996009787,0.00039902119897305965,completed,,364,The solver successfully reached the end of the integration interval.
2.6,370.0,9.0,35.099999999999994,0.32,0.8320000000000001,0.799,99.50444838563268,81.40203937240841,8.999999995739682,0.00042603176552802324,completed,,390,The solver successfully reached the end of the integration interval.
2.9968749999999997,370.0,9.0,35.099999999999994,0.32,0.959,0.799,99.64487323885558,88.05536282733789,8.9999999954478,0.0004552201135084033,completed,,397,The solver successfully reached the end of the integration interval.
3.0,370.0,9.0,35.099999999999994,0.32,0.96,0.799,99.6458455714227,88.10202155640457,8.999999995445402,0.0004554599290713668,completed,,397,The solver successfully reached the end of the integration interval.
3.4000000000000004,370.0,9.0,35.099999999999994,0.32,1.088,0.799,99.75640352699193,93.15732485435086,8.999999995123142,0.00048768578562885523,completed,,433,The solver successfully reached the end of the integration interval.
3.8000000000000003,370.0,9.0,35.099999999999994,0.32,1.2160000000000002,0.799,99.83990126267096,96.33443300930574,8.9999999947738,0.0005226200446486473,completed,,438,The solver successfully reached the end of the integration interval.
4.2,370.0,9.0,35.099999999999994,0.32,1.344,0.799,99.89703885284213,98.04717392106326,8.999999994402943,0.0005597056588158011,completed,,441,The solver successfully reached the end of the integration interval.
4.6,370.0,9.0,35.099999999999994,0.32,1.472,0.799,99.93314097744624,98.9151819199116,8.999999994016834,0.0005983166629448533,completed,,450,The solver successfully reached the end of the integration interval.
5.0,370.0,9.0,35.099999999999994,0.32,1.6,0.799,99.95529652766439,99.36049381420979,8.99999999361998,0.0006380019476637244,completed,,436,The solver successfully reached the end of the integration interval.
1.0,385.0,9.0,35.099999999999994,0.32,0.32,0.799,82.19928233024059,43.8143535182606,8.999999996573528,0.00034264707937836647,completed,,398,The solver successfully reached the end of the integration interval.
1.4,385.0,9.0,35.099999999999994,0.32,0.44799999999999995,0.799,97.45571932822786,56.557261825909166,8.99999999641797,0.00035820307675749063,completed,,398,The solver successfully reached the end of the integration interval.
1.8,385.0,9.0,35.099999999999994,0.32,0.5760000000000001,0.799,98.95395842758606,65.79296057592529,8.999999996192278,0.00038077228236943483,completed,,389,The solver successfully reached the end of the integration interval.
2.2,385.0,9.0,35.099999999999994,0.32,0.7040000000000001,0.799,99.31456277159386,74.47096204626962,8.999999995943547,0.00040564523078501225,completed,,401,The solver successfully reached the end of the integration interval.
2.6,385.0,9.0,35.099999999999994,0.32,0.8320000000000001,0.799,99.52668478039844,82.59026778730507,8.999999995676188,0.0004323812900111079,completed,,440,The solver successfully reached the end of the integration interval.
2.9968749999999997,385.0,9.0,35.099999999999994,0.32,0.959,0.799,99.6833493359549,89.63557299146484,8.999999995386828,0.0004613172495737672,completed,,437,The solver successfully reached the end of the integration interval.
3.0,385.0,9.0,35.099999999999994,0.32,0.96,0.799,99.68445198688352,89.68514254561428,8.99999999538443,0.00046155706513673067,completed,,437,The solver successfully reached the end of the integration interval.
3.4000000000000004,385.0,9.0,35.099999999999994,0.32,1.088,0.799,99.81062967194333,94.9780447905521,8.999999995061396,0.0004938604542985559,completed,,471,The solver successfully reached the end of the integration interval.
3.8000000000000003,385.0,9.0,35.099999999999994,0.32,1.2160000000000002,0.799,99.90145464660306,97.96719369774685,8.999999994705439,0.0005294560687616467,completed,,474,The solver successfully reached the end of the integration interval.
4.2,385.0,9.0,35.099999999999994,0.32,1.344,0.799,99.95327839848783,99.23217674593907,8.999999994323634,0.0005676366854459047,completed,,486,The solver successfully reached the end of the integration interval.
4.6,385.0,9.0,35.099999999999994,0.32,1.472,0.799,99.97799489167043,99.69799309414446,8.999999993925076,0.0006074922857806087,completed,,438,The solver successfully reached the end of the integration interval.
5.0,385.0,9.0,35.099999999999994,0.32,1.6,0.799,99.98914549851561,99.87052516379848,8.999999993515777,0.0006484222831204534,completed,,430,The solver successfully reached the end of the integration interval.
1.0,400.0,9.0,35.099999999999994,0.32,0.32,0.799,83.46028735125269,44.295725143712936,8.99999999650943,0.00034905702341347933,completed,,410,The solver successfully reached the end of the integration interval.
1.4,400.0,9.0,35.099999999999994,0.32,0.44799999999999995,0.799,97.57327154332486,56.89974959203492,8.999999996349494,0.00036505062598735094,completed,,454,The solver successfully reached the end of the integration interval.
1.8,400.0,9.0,35.099999999999994,0.32,0.5760000000000001,0.799,98.93710082153831,66.27136471581024,8.999999996121801,0.00038781994953751564,completed,,461,The solver successfully reached the end of the integration interval.
2.2,400.0,9.0,35.099999999999994,0.32,0.7040000000000001,0.799,99.31540414175961,75.15719233194442,8.999999995873685,0.00041263154707849026,completed,,433,The solver successfully reached the end of the integration interval.
2.6,400.0,9.0,35.099999999999994,0.32,0.8320000000000001,0.799,99.54223967973462,83.54828730116094,8.999999995608214,0.0004391786642372608,completed,,467,The solver successfully reached the end of the integration interval.
2.9968749999999997,400.0,9.0,35.099999999999994,0.32,0.959,0.799,99.71382048115679,90.9136370768587,8.999999995320742,0.0004679257981479168,completed,,479,The solver successfully reached the end of the integration interval.
3.0,400.0,9.0,35.099999999999994,0.32,0.96,0.799,99.71504417730537,90.9655698618837,8.999999995318358,0.00046816410031169653,completed,,479,The solver successfully reached the end of the integration interval.
3.4000000000000004,400.0,9.0,35.099999999999994,0.32,1.088,0.799,99.85518745075663,96.40270407267828,8.99999999499357,0.0005006430437788367,completed,,439,The solver successfully reached the end of the integration interval.
3.8000000000000003,400.0,9.0,35.099999999999994,0.32,1.2160000000000002,0.799,99.94673161989095,99.0260464134377,8.999999994628674,0.0005371327279135585,completed,,466,The solver successfully reached the end of the integration interval.
4.2,400.0,9.0,35.099999999999994,0.32,1.344,0.799,99.98437448952632,99.78106546219804,8.999999994233574,0.0005766425747424364,completed,,474,The solver successfully reached the end of the integration interval.
4.6,400.0,9.0,35.099999999999994,0.32,1.472,0.799,99.99548384670963,99.94830516962708,8.999999993821515,0.000617848476395011,completed,,469,The solver successfully reached the end of the integration interval.
5.0,400.0,9.0,35.099999999999994,0.32,1.6,0.799,99.99855522119981,99.98590499806555,8.999999993399582,0.0006600418128073215,completed,,452,The solver successfully reached the end of the integration interval.
1.0,250.0,12.0,35.099999999999994,0.32,0.32,0.799,26.612829064515243,21.310461474220226,11.999999997617975,0.0002382025122642517,completed,,89,The solver successfully reached the end of the integration interval.
1.4,250.0,12.0,35.099999999999994,0.32,0.44799999999999995,0.799,32.115154953896365,26.537621975428344,11.999999997409233,0.00025907671079039574,completed,,87,The solver successfully reached the end of the integration interval.
1.8,250.0,12.0,35.099999999999994,0.32,0.5760000000000001,0.799,36.48367416115261,30.84462750713252,11.999999997193818,0.00028061820194125175,completed,,93,The solver successfully reached the end of the integration interval.
2.2,250.0,12.0,35.099999999999994,0.32,0.7040000000000001,0.799,40.0668902956323,34.474729186166684,11.999999996972987,0.0003027012571692467,completed,,102,The solver successfully reached the end of the integration interval.
2.6,250.0,12.0,35.099999999999994,0.32,0.8320000000000001,0.799,43.04217995202393,37.56199756376392,11.999999996747405,0.00032525951974093914,completed,,108,The solver successfully reached the end of the integration interval.
2.9968749999999997,250.0,12.0,35.099999999999994,0.32,0.959,0.799,45.50335436625648,40.17561092075873,11.99999999651937,0.00034806295298039913,completed,,101,The solver successfully reached the end of the integration interval.
3.0,250.0,12.0,35.099999999999994,0.32,0.96,0.799,45.521016998877684,40.19459495738003,11.999999996517559,0.00034824409522116184,completed,,101,The solver successfully reached the end of the integration interval.
3.4000000000000004,250.0,12.0,35.099999999999994,0.32,1.088,0.799,47.5842878692269,42.4384430468444,11.99999999628371,0.00037162890657782555,completed,,112,The solver successfully reached the end of the integration interval.
3.8000000000000003,250.0,12.0,35.099999999999994,0.32,1.2160000000000002,0.799,49.296231595866985,44.34713919686792,11.999999996046148,0.0003953853156417608,completed,,97,The solver successfully reached the end of the integration interval.
4.2,250.0,12.0,35.099999999999994,0.32,1.344,0.799,50.70994023227554,45.96599435796532,11.999999995805045,0.00041949562728405,completed,,98,The solver successfully reached the end of the integration interval.
4.6,250.0,12.0,35.099999999999994,0.32,1.472,0.799,51.87027161896244,47.334147632567394,11.99999999556056,0.00044394400902092457,completed,,101,The solver successfully reached the end of the integration interval.
5.0,250.0,12.0,35.099999999999994,0.32,1.6,0.799,52.8153481711302,48.48557207625976,11.999999995312866,0.00046871346421539783,completed,,104,The solver successfully reached the end of the integration interval.
1.0,280.0,12.0,35.099999999999994,0.32,0.32,0.799,60.43737332108415,36.58635228246666,11.999999997669962,0.0002330038696527481,completed,,190,The solver successfully reached the end of the integration interval.
1.4,280.0,12.0,35.099999999999994,0.32,0.44799999999999995,0.799,80.93555799581922,49.896750874579986,11.999999997525359,0.00024746404960751534,completed,,186,The solver successfully reached the end of the integration interval.
1.8,280.0,12.0,35.099999999999994,0.32,0.5760000000000001,0.799,94.21335082068882,60.483154944926945,11.999999997359316,0.00026406836695969105,completed,,194,The solver successfully reached the end of the integration interval.
2.2,280.0,12.0,35.099999999999994,0.32,0.7040000000000001,0.799,98.71446500546082,67.39217408279158,11.99999999716881,0.00028311903588473797,completed,,214,The solver successfully reached the end of the integration interval.
2.6,280.0,12.0,35.099999999999994,0.32,0.8320000000000001,0.799,99.42887206110952,72.03868050551841,11.999999996958222,0.0003041778691112995,completed,,237,The solver successfully reached the end of the integration interval.
2.9968749999999997,280.0,12.0,35.099999999999994,0.32,0.959,0.799,99.54367460518432,75.53609657480906,11.999999996735747,0.00032642530277371407,completed,,264,The solver successfully reached the end of the integration interval.
3.0,280.0,12.0,35.099999999999994,0.32,0.96,0.799,99.54409159518993,75.56029614517391,11.999999996733955,0.00032660458236932755,completed,,264,The solver successfully reached the end of the integration interval.
3.4000000000000004,280.0,12.0,35.099999999999994,0.32,1.088,0.799,99.57711034403731,78.3070695300938,11.999999996499692,0.00035003083758056164,completed,,277,The solver successfully reached the end of the integration interval.
3.8000000000000003,280.0,12.0,35.099999999999994,0.32,1.2160000000000002,0.799,99.59025881845226,80.48453933949813,11.99999999625768,0.0003742319531738758,completed,,268,The solver successfully reached the end of the integration interval.
4.2,280.0,12.0,35.099999999999994,0.32,1.344,0.799,99.5932679757005,82.24253815781165,11.999999996009299,0.00039907009340822697,completed,,266,The solver successfully reached the end of the integration interval.
4.6,280.0,12.0,35.099999999999994,0.32,1.472,0.799,99.58738747496525,83.68647561637566,11.999999995755472,0.0004244528245180845,completed,,219,The solver successfully reached the end of the integration interval.
5.0,280.0,12.0,35.099999999999994,0.32,1.6,0.799,99.57189964295716,84.88961768751952,11.999999995496934,0.00045030657202005386,completed,,259,The solver successfully reached the end of the integration interval.
1.0,300.0,12.0,35.099999999999994,0.32,0.32,0.799,69.8525447401269,39.74699486450216,11.999999997663272,0.00023367279209196568,completed,,257,The solver successfully reached the end of the integration interval.
1.4,300.0,12.0,35.099999999999994,0.32,0.44799999999999995,0.799,91.25049329798026,53.47207251499728,11.999999997544258,0.0002455741632729769,completed,,271,The solver successfully reached the end of the integration interval.
1.8,300.0,12.0,35.099999999999994,0.32,0.5760000000000001,0.799,98.96262286006464,62.61535599073527,11.999999997386581,0.00026134192012250423,completed,,292,The solver successfully reached the end of the integration interval.
2.2,300.0,12.0,35.099999999999994,0.32,0.7040000000000001,0.799,99.45631168191099,68.97350004031473,11.99999999719437,0.0002805630210787058,completed,,341,The solver successfully reached the end of the integration interval.
2.6,300.0,12.0,35.099999999999994,0.32,0.8320000000000001,0.799,99.51901852025539,74.2320782812003,11.999999996982563,0.0003017436247318983,completed,,372,The solver successfully reached the end of the integration interval.
2.9968749999999997,300.0,12.0,35.099999999999994,0.32,0.959,0.799,99.55476355439374,78.31368588605532,11.999999996758001,0.0003241999074816704,completed,,365,The solver successfully reached the end of the integration interval.
3.0,300.0,12.0,35.099999999999994,0.32,0.96,0.799,99.55499046324343,78.34158095965476,11.999999996756191,0.00032438081689178944,completed,,365,The solver successfully reached the end of the integration interval.
3.4000000000000004,300.0,12.0,35.099999999999994,0.32,1.088,0.799,99.57986962796262,81.44338400824397,11.999999996518257,0.0003481742460280657,completed,,364,The solver successfully reached the end of the integration interval.
3.8000000000000003,300.0,12.0,35.099999999999994,0.32,1.2160000000000002,0.799,99.59960868259994,83.78538778209081,11.999999996271224,0.00037287757731974125,completed,,354,The solver successfully reached the end of the integration interval.
4.2,300.0,12.0,35.099999999999994,0.32,1.344,0.799,99.61669321286008,85.58662897917824,11.99999999601691,0.00039830897003412247,completed,,368,The solver successfully reached the end of the integration interval.
4.6,300.0,12.0,35.099999999999994,0.32,1.472,0.799,99.63209227638993,87.00499454995479,11.99999999575655,0.0004243450239300728,completed,,353,The solver successfully reached the end of the integration interval.
5.0,300.0,12.0,35.099999999999994,0.32,1.6,0.799,99.64618672669488,88.14762099716444,11.999999995491093,0.0004508907441049814,completed,,283,The solver successfully reached the end of the integration interval.
1.0,310.0,12.0,35.099999999999994,0.32,0.32,0.799,73.13481997799104,40.81983707773682,11.999999997649226,0.00023507745936512947,completed,,283,The solver successfully reached the end of the integration interval.
1.4,310.0,12.0,35.099999999999994,0.32,0.44799999999999995,0.799,94.01396364769165,54.44455454495174,11.999999997535983,0.00024640164338052273,completed,,311,The solver successfully reached the end of the integration interval.
1.8,310.0,12.0,35.099999999999994,0.32,0.5760000000000001,0.799,99.2144696129813,63.13590254798942,11.999999997376227,0.000262377317994833,completed,,332,The solver successfully reached the end of the integration interval.
2.2,310.0,12.0,35.099999999999994,0.32,0.7040000000000001,0.799,99.43839736297862,69.9126507119356,11.999999997183739,0.00028162612579762936,completed,,378,The solver successfully reached the end of the integration interval.
2.6,310.0,12.0,35.099999999999994,0.32,0.8320000000000001,0.799,99.51554663624813,75.66286442177595,11.999999996972738,0.00030272617004811764,completed,,318,The solver successfully reached the end of the integration interval.
2.9968749999999997,310.0,12.0,35.099999999999994,0.32,0.959,0.799,99.56141609322768,80.1421042091482,11.999999996748096,0.00032519036903977394,completed,,348,The solver successfully reached the end of the integration interval.
3.0,310.0,12.0,35.099999999999994,0.32,0.96,0.799,99.56170506444863,80.17259602739483,11.999999996746274,0.0003253726754337549,completed,,353,The solver successfully reached the end of the integration interval.
3.4000000000000004,310.0,12.0,35.099999999999994,0.32,1.088,0.799,99.5929864983683,83.53322205620661,11.999999996506974,0.00034930254332721233,completed,,361,The solver successfully reached the end of the integration interval.
3.8000000000000003,310.0,12.0,35.099999999999994,0.32,1.2160000000000002,0.799,99.61701566933276,86.00679699149444,11.999999996257543,0.0003742456901818514,completed,,373,The solver successfully reached the end of the integration interval.
4.2,310.0,12.0,35.099999999999994,0.32,1.344,0.799,99.63711398429109,87.85193088680508,11.999999996000117,0.00039998837746679783,completed,,374,The solver successfully reached the end of the integration interval.
4.6,310.0,12.0,35.099999999999994,0.32,1.472,0.799,99.65466021697485,89.26078511480203,11.999999995736239,0.0004263760056346655,completed,,372,The solver successfully reached the end of the integration interval.
5.0,310.0,12.0,35.099999999999994,0.32,1.6,0.799,99.67027250526728,90.36341039445772,11.999999995466931,0.00045330682769417763,completed,,364,The solver successfully reached the end of the integration interval.
1.0,340.0,12.0,35.099999999999994,0.32,0.32,0.799,79.90681582304434,43.05388558506413,11.999999997582897,0.0002417103387415409,completed,,357,The solver successfully reached the end of the integration interval.
1.4,340.0,12.0,35.099999999999994,0.32,0.44799999999999995,0.799,97.59135523342425,56.075769177810464,11.99999999747233,0.00025276700034737587,completed,,340,The solver successfully reached the end of the integration interval.
1.8,340.0,12.0,35.099999999999994,0.32,0.5760000000000001,0.799,99.21772448825159,64.77750891129203,11.999999997305972,0.00026940274983644485,completed,,322,The solver successfully reached the end of the integration interval.
2.2,340.0,12.0,35.099999999999994,0.32,0.7040000000000001,0.799,99.44108407439994,72.72894748412905,11.999999997117442,0.00028825574554502964,completed,,390,The solver successfully reached the end of the integration interval.
2.6,340.0,12.0,35.099999999999994,0.32,0.8320000000000001,0.799,99.56450629250487,79.82735371198665,11.999999996912072,0.00030879280529916286,completed,,399,The solver successfully reached the end of the integration interval.
2.9968749999999997,340.0,12.0,35.099999999999994,0.32,0.959,0.799,99.64630114336404,85.59510055040633,11.999999996690285,0.0003309715539216995,completed,,390,The solver successfully reached the end of the integration interval.
3.0,340.0,12.0,35.099999999999994,0.32,0.96,0.799,99.64684448103215,85.63456764242659,11.999999996688471,0.0003311529289931059,completed,,390,The solver successfully reached the end of the integration interval.
3.4000000000000004,340.0,12.0,35.099999999999994,0.32,1.088,0.799,99.70735844658947,89.9019683954236,11.999999996447244,0.0003552755806595087,completed,,406,The solver successfully reached the end of the integration interval.
3.8000000000000003,340.0,12.0,35.099999999999994,0.32,1.2160000000000002,0.799,99.75429518808106,92.78878168567738,11.999999996191379,0.0003808620385825634,completed,,408,The solver successfully reached the end of the integration interval.
4.2,340.0,12.0,35.099999999999994,0.32,1.344,0.799,99.79142456179726,94.68367423916474,11.999999995924249,0.00040757516399025917,completed,,397,The solver successfully reached the end of the integration interval.
4.6,340.0,12.0,35.099999999999994,0.32,1.472,0.799,99.82087724943099,95.93971929836843,11.999999995648633,0.00043513672426342964,completed,,387,The solver successfully reached the end of the integration interval.
5.0,340.0,12.0,35.099999999999994,0.32,1.6,0.799,99.84426497147003,96.79534638060808,11.999999995366348,0.0004633651115000248,completed,,383,The solver successfully reached the end of the integration interval.
1.0,350.0,12.0,35.099999999999994,0.32,0.32,0.799,81.45286646445923,43.58041400579274,11.999999997555662,0.0002444337587803602,completed,,343,The solver successfully reached the end of the integration interval.
1.4,350.0,12.0,35.099999999999994,0.32,0.44799999999999995,0.799,97.94403707707325,56.4172186173838,11.999999997443577,0.0002556422259658575,completed,,397,The solver successfully reached the end of the integration interval.
1.8,350.0,12.0,35.099999999999994,0.32,0.5760000000000001,0.799,99.20920275669107,65.26833724033864,11.999999997276138,0.00027238624170422554,completed,,338,The solver successfully reached the end of the integration interval.
2.2,350.0,12.0,35.099999999999994,0.32,0.7040000000000001,0.799,99.44852146818913,73.49594400643763,11.99999999708917,0.0002910830080509186,completed,,397,The solver successfully reached the end of the integration interval.
2.6,350.0,12.0,35.099999999999994,0.32,0.8320000000000001,0.799,99.58432599829055,80.95063645309814,11.999999996885933,0.00031140679493546486,completed,,411,The solver successfully reached the end of the integration interval.
2.9968749999999997,350.0,12.0,35.099999999999994,0.32,0.959,0.799,99.67782347190696,87.10450273746582,11.999999996665693,0.0003334307111799717,completed,,404,The solver successfully reached the end of the integration interval.
3.0,350.0,12.0,35.099999999999994,0.32,0.96,0.799,99.67845687488007,87.14676528666867,11.99999999666389,0.0003336109220981598,completed,,404,The solver successfully reached the end of the integration interval.
3.4000000000000004,350.0,12.0,35.099999999999994,0.32,1.088,0.799,99.74979474297052,91.6834921173587,11.999999996422442,0.0003577556926757097,completed,,408,The solver successfully reached the end of the integration interval.
3.8000000000000003,350.0,12.0,35.099999999999994,0.32,1.2160000000000002,0.799,99.80512191026119,94.62789799337689,11.999999996164302,0.0003835698589682579,completed,,407,The solver successfully reached the end of the integration interval.
4.2,350.0,12.0,35.099999999999994,0.32,1.344,0.799,99.84735242414777,96.42604110097564,11.999999995893383,0.0004106617998331785,completed,,374,The solver successfully reached the end of the integration interval.
4.6,350.0,12.0,35.099999999999994,0.32,1.472,0.799,99.87892950732312,97.5217553138419,11.999999995613127,0.00043868739157915115,completed,,367,The solver successfully reached the end of the integration interval.
5.0,350.0,12.0,35.099999999999994,0.32,1.6,0.799,99.90234040002356,98.20806195824309,11.999999995325814,0.00046741869300603867,completed,,400,The solver successfully reached the end of the integration interval.
1.0,370.0,12.0,35.099999999999994,0.32,0.32,0.799,83.81746034014452,44.413848950366976,11.999999997496477,0.0002503523137420416,completed,,390,The solver successfully reached the end of the integration interval.
1.4,370.0,12.0,35.099999999999994,0.32,0.44799999999999995,0.799,98.21669676190619,56.965100001460996,11.99999999738017,0.00026198290288448334,completed,,383,The solver successfully reached the end of the integration interval.
1.8,370.0,12.0,35.099999999999994,0.32,0.5760000000000001,0.799,99.19588035885913,66.09034409712713,11.999999997211368,0.0002788631245493889,completed,,349,The solver successfully reached the end of the integration interval.
2.2,370.0,12.0,35.099999999999994,0.32,0.7040000000000001,0.799,99.46064823176613,74.73960925441125,11.99999999702672,0.00029732799157500267,completed,,398,The solver successfully reached the end of the integration interval.
2.6,370.0,12.0,35.099999999999994,0.32,0.8320000000000001,0.799,99.61721676102152,82.76069336769386,11.999999996827253,0.00031727482564747334,completed,,411,The solver successfully reached the end of the integration interval.
2.9968749999999997,370.0,12.0,35.099999999999994,0.32,0.959,0.799,99.73156587336675,89.56397125350276,11.99999999661008,0.00033899187110364437,completed,,428,The solver successfully reached the end of the integration interval.
3.0,370.0,12.0,35.099999999999994,0.32,0.96,0.799,99.7323649490136,89.6109870331932,11.999999996608295,0.0003391704522073269,completed,,428,The solver successfully reached the end of the integration interval.
3.4000000000000004,370.0,12.0,35.099999999999994,0.32,1.088,0.799,99.82361245292668,94.55706216059872,11.999999996366189,0.00036338111385703087,completed,,460,The solver successfully reached the end of the integration interval.
3.8000000000000003,370.0,12.0,35.099999999999994,0.32,1.2160000000000002,0.799,99.89154005590599,97.38752287340048,11.999999996102185,0.0003897815477102995,completed,,463,The solver successfully reached the end of the integration interval.
4.2,370.0,12.0,35.099999999999994,0.32,1.344,0.799,99.9356557593826,98.74786894060757,11.999999995821824,0.00041781761683523655,completed,,466,The solver successfully reached the end of the integration interval.
4.6,370.0,12.0,35.099999999999994,0.32,1.472,0.799,99.96160707278926,99.36863179589969,11.9999999955305,0.0004469500854611397,completed,,466,The solver successfully reached the end of the integration interval.
5.0,370.0,12.0,35.099999999999994,0.32,1.6,0.799,99.97638393370396,99.65960961406219,11.999999995231626,0.00047683739103376865,completed,,473,The solver successfully reached the end of the integration interval.
1.0,385.0,12.0,35.099999999999994,0.32,0.32,0.799,85.10597121297523,44.890852400659654,11.999999997449041,0.0002550957724452019,completed,,409,The solver successfully reached the end of the integration interval.
1.4,385.0,12.0,35.099999999999994,0.32,0.44799999999999995,0.799,98.26655196673373,57.28894226098839,11.999999997329265,0.00026707351207733154,completed,,409,The solver successfully reached the end of the integration interval.
1.8,385.0,12.0,35.099999999999994,0.32,0.5760000000000001,0.799,99.18483996813742,66.57900161179022,11.999999997159485,0.0002840515226125717,completed,,382,The solver successfully reached the end of the integration interval.
2.2,385.0,12.0,35.099999999999994,0.32,0.7040000000000001,0.799,99.46533502380647,75.46007664586519,11.999999996975824,0.00030241766944527626,completed,,447,The solver successfully reached the end of the integration interval.
2.6,385.0,12.0,35.099999999999994,0.32,0.8320000000000001,0.799,99.63496282501222,83.80048078954255,11.999999996778381,0.00032216194085776806,completed,,445,The solver successfully reached the end of the integration interval.
2.9968749999999997,385.0,12.0,35.099999999999994,0.32,0.959,0.799,99.76285296598363,90.98902835168018,11.999999996563117,0.0003436882980167866,completed,,433,The solver successfully reached the end of the integration interval.
3.0,385.0,12.0,35.099999999999994,0.32,0.96,0.799,99.76376227423319,91.03887135682626,11.999999996561321,0.0003438678104430437,completed,,432,The solver successfully reached the end of the integration interval.
3.4000000000000004,385.0,12.0,35.099999999999994,0.32,1.088,0.799,99.86785595086484,96.1696192217814,11.999999996318053,0.00036819465458393097,completed,,502,The solver successfully reached the end of the integration interval.
3.8000000000000003,385.0,12.0,35.099999999999994,0.32,1.2160000000000002,0.799,99.93912096088576,98.69625197949593,11.99999999604792,0.0003952078986912966,completed,,512,The solver successfully reached the end of the integration interval.
4.2,385.0,12.0,35.099999999999994,0.32,1.344,0.799,99.97500116304212,99.58365483509115,11.99999999575847,0.00042415293864905834,completed,,458,The solver successfully reached the end of the integration interval.
4.6,385.0,12.0,35.099999999999994,0.32,1.472,0.799,99.98978501020937,99.85914475267191,11.999999995457495,0.00045425049029290676,completed,,458,The solver successfully reached the end of the integration interval.
5.0,385.0,12.0,35.099999999999994,0.32,1.6,0.799,99.99559776821437,99.94741292011958,11.99999999514922,0.00048507796600461006,completed,,453,The solver successfully reached the end of the integration interval.
1.0,400.0,12.0,35.099999999999994,0.32,0.32,0.799,86.09166150360046,45.27264699259296,11.999999997399769,0.0002600231673568487,completed,,428,The solver successfully reached the end of the integration interval.
1.4,400.0,12.0,35.099999999999994,0.32,0.44799999999999995,0.799,98.26872699353727,57.55336502557411,11.999999997276436,0.00027235643938183784,completed,,463,The solver successfully reached the end of the integration interval.
1.8,400.0,12.0,35.099999999999994,0.32,0.5760000000000001,0.799,99.16992465025133,66.97504542499779,11.999999997105503,0.0002894497010856867,completed,,422,The solver successfully reached the end of the integration interval.
2.2,400.0,12.0,35.099999999999994,0.32,0.7040000000000001,0.799,99.46480947815537,76.03459839304979,11.9999999969221,0.00030779000371694565,completed,,498,The solver successfully reached the end of the integration interval.
2.6,400.0,12.0,35.099999999999994,0.32,0.8320000000000001,0.799,99.64647258550029,84.62464212921344,11.99999999672597,0.00032740295864641666,completed,,429,The solver successfully reached the end of the integration interval.
2.9968749999999997,400.0,12.0,35.099999999999994,0.32,0.959,0.799,99.78693632099981,92.12653458987934,11.999999996512113,0.00034878868609666824,completed,,423,The solver successfully reached the end of the integration interval.
3.0,400.0,12.0,35.099999999999994,0.32,0.96,0.799,99.78794904506626,92.1786752083033,11.999999996510322,0.00034896773286163807,completed,,423,The solver successfully reached the end of the integration interval.
3.4000000000000004,400.0,12.0,35.099999999999994,0.32,1.088,0.799,99.90334240345024,97.39601421855443,11.999999996265078,0.00037349225021898746,completed,,502,The solver successfully reached the end of the integration interval.
3.8000000000000003,400.0,12.0,35.099999999999994,0.32,1.2160000000000002,0.799,99.97117699530033,99.46074529842815,11.999999995986949,0.00040130503475666046,completed,,492,The solver successfully reached the end of the integration interval.
4.2,400.0,12.0,35.099999999999994,0.32,1.344,0.799,99.99326669725227,99.90536771590808,11.999999995687102,0.0004312898963689804,completed,,505,The solver successfully reached the end of the integration interval.
4.6,400.0,12.0,35.099999999999994,0.32,1.472,0.799,99.99840193212628,99.98181071481159,11.99999999537612,0.0004623879212886095,completed,,503,The solver successfully reached the end of the integration interval.
5.0,400.0,12.0,35.099999999999994,0.32,1.6,0.799,99.99956197804582,99.9958108574941,11.999999995058682,0.0004941318184137344,completed,,494,The solver successfully reached the end of the integration interval.
1.0,250.0,15.0,35.099999999999994,0.32,0.32,0.799,25.579642092776776,20.66416940169343,14.999999998089907,0.0001910093706101179,completed,,85,The solver successfully reached the end of the integration interval.
1.4,250.0,15.0,35.099999999999994,0.32,0.44799999999999995,0.799,30.74673018592468,25.61925455956635,14.999999997921991,0.00020780088379979134,completed,,87,The solver successfully reached the end of the integration interval.
1.8,250.0,15.0,35.099999999999994,0.32,0.5760000000000001,0.799,35.00312691360476,29.800393763168252,14.999999997749256,0.00022507435642182827,completed,,88,The solver successfully reached the end of the integration interval.
2.2,250.0,15.0,35.099999999999994,0.32,0.7040000000000001,0.799,38.6119543875699,33.4093039461262,14.999999997572559,0.0002427441067993641,completed,,96,The solver successfully reached the end of the integration interval.
2.6,250.0,15.0,35.099999999999994,0.32,0.8320000000000001,0.799,41.703303407563816,36.551859843275594,14.999999997392331,0.0002607668284326792,completed,,99,The solver successfully reached the end of the integration interval.
2.9968749999999997,250.0,15.0,35.099999999999994,0.32,0.959,0.799,44.338937200794064,39.27537412223607,14.999999997210333,0.00027896673418581486,completed,,102,The solver successfully reached the end of the integration interval.
3.0,250.0,15.0,35.099999999999994,0.32,0.96,0.799,44.35814916123986,39.295397255250094,14.999999997208873,0.00027911271899938583,completed,,103,The solver successfully reached the end of the integration interval.
3.4000000000000004,250.0,15.0,35.099999999999994,0.32,1.088,0.799,46.63560941869214,41.68942806214625,14.999999997022378,0.00029776222072541714,completed,,105,The solver successfully reached the end of the integration interval.
3.8000000000000003,250.0,15.0,35.099999999999994,0.32,1.2160000000000002,0.799,48.58384454853268,43.774489115545265,14.999999996833024,0.0003166976384818554,completed,,115,The solver successfully reached the end of the integration interval.
4.2,250.0,15.0,35.099999999999994,0.32,1.344,0.799,50.243926645953565,45.58546993939833,14.999999996640888,0.00033591128885746,completed,,94,The solver successfully reached the end of the integration interval.
4.6,250.0,15.0,35.099999999999994,0.32,1.472,0.799,51.65221116090244,47.15360211710032,14.999999996446139,0.0003553861752152443,completed,,100,The solver successfully reached the end of the integration interval.
5.0,250.0,15.0,35.099999999999994,0.32,1.6,0.799,52.840645243154384,48.50678035966159,14.999999996248807,0.0003751192707568407,completed,,102,The solver successfully reached the end of the integration interval.
1.0,280.0,15.0,35.099999999999994,0.32,0.32,0.799,64.21869672716602,37.97059660606905,14.999999998142535,0.00018574646674096584,completed,,186,The solver successfully reached the end of the integration interval.
1.4,280.0,15.0,35.099999999999994,0.32,0.44799999999999995,0.799,85.39786647122621,51.58735450654842,14.9999999980282,0.00019718008115887642,completed,,194,The solver successfully reached the end of the integration interval.
1.8,280.0,15.0,35.099999999999994,0.32,0.5760000000000001,0.799,97.09384168791046,61.75666347076684,14.999999997895213,0.0002104786690324545,completed,,203,The solver successfully reached the end of the integration interval.
2.2,280.0,15.0,35.099999999999994,0.32,0.7040000000000001,0.799,99.39281867768162,68.03336028210944,14.999999997741346,0.00022586528211832047,completed,,248,The solver successfully reached the end of the integration interval.
2.6,280.0,15.0,35.099999999999994,0.32,0.8320000000000001,0.799,99.57839809872293,72.57624328155109,14.999999997572422,0.00024275784380733967,completed,,292,The solver successfully reached the end of the integration interval.
2.9968749999999997,280.0,15.0,35.099999999999994,0.32,0.959,0.799,99.61067453236595,76.06683097897374,14.999999997394788,0.00026052119210362434,completed,,279,The solver successfully reached the end of the integration interval.
3.0,280.0,15.0,35.099999999999994,0.32,0.96,0.799,99.61083480352008,76.09095817797966,14.999999997393356,0.0002606643829494715,completed,,311,The solver successfully reached the end of the integration interval.
3.4000000000000004,280.0,15.0,35.099999999999994,0.32,1.088,0.799,99.62734971774651,78.82534221806851,14.999999997206682,0.0002793318126350641,completed,,285,The solver successfully reached the end of the integration interval.
3.8000000000000003,280.0,15.0,35.099999999999994,0.32,1.2160000000000002,0.799,99.63959487269442,80.98785355563656,14.999999997013965,0.00029860343784093857,completed,,294,The solver successfully reached the end of the integration interval.
4.2,280.0,15.0,35.099999999999994,0.32,1.344,0.799,99.64898326720876,82.73321942389532,14.99999999681626,0.00031837401911616325,completed,,286,The solver successfully reached the end of the integration interval.
4.6,280.0,15.0,35.099999999999994,0.32,1.472,0.799,99.65519753451254,84.16878972303208,14.99999999661425,0.00033857510425150394,completed,,281,The solver successfully reached the end of the integration interval.
5.0,280.0,15.0,35.099999999999994,0.32,1.6,0.799,99.65747055886237,85.36864059762392,14.99999999640847,0.00035915314219892025,completed,,281,The solver successfully reached the end of the integration interval.
1.0,300.0,15.0,35.099999999999994,0.32,0.32,0.799,73.59488668548472,41.069287705899214,14.999999998141943,0.00018580560572445393,completed,,264,The solver successfully reached the end of the integration interval.
1.4,300.0,15.0,35.099999999999994,0.32,0.44799999999999995,0.799,94.57604470895959,54.75570231432787,14.999999998048063,0.00019519380293786526,completed,,285,The solver successfully reached the end of the integration interval.
1.8,300.0,15.0,35.099999999999994,0.32,0.5760000000000001,0.799,99.36108660286777,63.26846234415885,14.99999999791856,0.00020814407616853714,completed,,316,The solver successfully reached the end of the integration interval.
2.2,300.0,15.0,35.099999999999994,0.32,0.7040000000000001,0.799,99.51693085593172,69.82305450593827,14.999999997763952,0.00022360472939908504,completed,,373,The solver successfully reached the end of the integration interval.
2.6,300.0,15.0,35.099999999999994,0.32,0.8320000000000001,0.799,99.56824477816974,75.22996288469247,14.999999997594909,0.0002405091654509306,completed,,389,The solver successfully reached the end of the integration interval.
2.9968749999999997,300.0,15.0,35.099999999999994,0.32,0.959,0.799,99.59713548065527,79.34420826626366,14.999999997415687,0.0002584313042461872,completed,,382,The solver successfully reached the end of the integration interval.
3.0,300.0,15.0,35.099999999999994,0.32,0.96,0.799,99.59731703625192,79.37206410106444,14.999999997414227,0.0002585772890597582,completed,,382,The solver successfully reached the end of the integration interval.
3.4000000000000004,300.0,15.0,35.099999999999994,0.32,1.088,0.799,99.61745023820502,82.44918280590687,14.99999999722424,0.0002775760367512703,completed,,377,The solver successfully reached the end of the integration interval.
3.8000000000000003,300.0,15.0,35.099999999999994,0.32,1.2160000000000002,0.799,99.63414930433714,84.7495688698031,14.999999997027043,0.0002972956281155348,completed,,319,The solver successfully reached the end of the integration interval.
4.2,300.0,15.0,35.099999999999994,0.32,1.344,0.799,99.64928413107448,86.50827477166763,14.999999996824062,0.00031759380362927914,completed,,368,The solver successfully reached the end of the integration interval.
4.6,300.0,15.0,35.099999999999994,0.32,1.472,0.799,99.66337521989885,87.88739636602367,14.999999996616282,0.0003383718430995941,completed,,380,The solver successfully reached the end of the integration interval.
5.0,300.0,15.0,35.099999999999994,0.32,1.6,0.799,99.67654033257676,88.99454063224293,14.99999999640445,0.00035955500788986683,completed,,359,The solver successfully reached the end of the integration interval.
1.0,310.0,15.0,35.099999999999994,0.32,0.32,0.799,76.64397809903647,42.05869505523757,14.999999998131557,0.00018684426322579384,completed,,298,The solver successfully reached the end of the integration interval.
1.4,310.0,15.0,35.099999999999994,0.32,0.44799999999999995,0.799,96.5599056193291,55.502766489691766,14.999999998041524,0.00019584759138524532,completed,,328,The solver successfully reached the end of the integration interval.
1.8,310.0,15.0,35.099999999999994,0.32,0.5760000000000001,0.799,99.37535850508422,63.83063385601439,14.999999997910217,0.00020897830836474895,completed,,365,The solver successfully reached the end of the integration interval.
2.2,310.0,15.0,35.099999999999994,0.32,0.7040000000000001,0.799,99.51136742479977,70.87698312469264,14.999999997756477,0.00022435234859585762,completed,,400,The solver successfully reached the end of the integration interval.
2.6,310.0,15.0,35.099999999999994,0.32,0.8320000000000001,0.799,99.57631074945513,76.79179547351228,14.999999997588423,0.00024115759879350662,completed,,380,The solver successfully reached the end of the integration interval.
2.9968749999999997,310.0,15.0,35.099999999999994,0.32,0.959,0.799,99.61329643114153,81.31643980517896,14.999999997409152,0.0002590848598629236,completed,,397,The solver successfully reached the end of the integration interval.
3.0,310.0,15.0,35.099999999999994,0.32,0.96,0.799,99.6135279491383,81.34692898332673,14.999999997407715,0.00025922851637005806,completed,,397,The solver successfully reached the end of the integration interval.
3.4000000000000004,310.0,15.0,35.099999999999994,0.32,1.088,0.799,99.63891512521555,84.68035909025751,14.999999997216515,0.00027834856882691383,completed,,398,The solver successfully reached the end of the integration interval.
3.8000000000000003,310.0,15.0,35.099999999999994,0.32,1.2160000000000002,0.799,99.65934242794395,87.10195169788413,14.999999997017202,0.0002982798032462597,completed,,376,The solver successfully reached the end of the integration interval.
4.2,310.0,15.0,35.099999999999994,0.32,1.344,0.799,99.67726103384186,88.89300413560598,14.999999996811564,0.0003188436385244131,completed,,373,The solver successfully reached the end of the integration interval.
4.6,310.0,15.0,35.099999999999994,0.32,1.472,0.799,99.6934299658898,90.2523226086914,14.999999996600765,0.0003399234265089035,completed,,388,The solver successfully reached the end of the integration interval.
5.0,310.0,15.0,35.099999999999994,0.32,1.6,0.799,99.70809963157159,91.31080208951474,14.99999999638565,0.00036143488250672817,completed,,374,The solver successfully reached the end of the integration interval.
1.0,340.0,15.0,35.099999999999994,0.32,0.32,0.799,82.64454425944675,44.03628827735721,14.999999998078389,0.0001921611838042736,completed,,362,The solver successfully reached the end of the integration interval.
1.4,340.0,15.0,35.099999999999994,0.32,0.44799999999999995,0.799,98.47909646905738,56.724441840426856,14.999999997988299,0.00020117009989917278,completed,,342,The solver successfully reached the end of the integration interval.
1.8,340.0,15.0,35.099999999999994,0.32,0.5760000000000001,0.799,99.34643500668638,65.48497237773651,14.99999999785405,0.00021459488198161125,completed,,365,The solver successfully reached the end of the integration interval.
2.2,340.0,15.0,35.099999999999994,0.32,0.7040000000000001,0.799,99.53241655021424,73.65109007524183,14.999999997704808,0.00022951909340918064,completed,,401,The solver successfully reached the end of the integration interval.
2.6,340.0,15.0,35.099999999999994,0.32,0.8320000000000001,0.799,99.63543265059408,80.9309605360155,14.999999997541874,0.00024581258185207844,completed,,355,The solver successfully reached the end of the integration interval.
2.9968749999999997,340.0,15.0,35.099999999999994,0.32,0.959,0.799,99.7036520460293,86.77425427944704,14.999999997365041,0.0002634958364069462,completed,,426,The solver successfully reached the end of the integration interval.
3.0,340.0,15.0,35.099999999999994,0.32,0.96,0.799,99.70410756850828,86.81375336144707,14.999999997363586,0.00026364135555922985,completed,,426,The solver successfully reached the end of the integration interval.
3.4000000000000004,340.0,15.0,35.099999999999994,0.32,1.088,0.799,99.75546779763744,91.02201851416594,14.999999997170576,0.0002829423174262047,completed,,367,The solver successfully reached the end of the integration interval.
3.8000000000000003,340.0,15.0,35.099999999999994,0.32,1.2160000000000002,0.799,99.79657916520426,93.77982191823602,14.999999996965563,0.00030344375409185886,completed,,412,The solver successfully reached the end of the integration interval.
4.2,340.0,15.0,35.099999999999994,0.32,1.344,0.799,99.82989804138388,95.54161074314474,14.999999996751564,0.00032484368421137333,completed,,418,The solver successfully reached the end of the integration interval.
4.6,340.0,15.0,35.099999999999994,0.32,1.472,0.799,99.85659965548409,96.68409750167044,14.999999996530823,0.00034691765904426575,completed,,411,The solver successfully reached the end of the integration interval.
5.0,340.0,15.0,35.099999999999994,0.32,1.6,0.799,99.87779929145604,97.44771877054629,14.999999996304853,0.0003695148043334484,completed,,362,The solver successfully reached the end of the integration interval.
1.0,350.0,15.0,35.099999999999994,0.32,0.32,0.799,83.9647157864259,44.488048634373776,14.999999998056188,0.00019438122399151325,completed,,324,The solver successfully reached the end of the integration interval.
1.4,350.0,15.0,35.099999999999994,0.32,0.44799999999999995,0.799,98.59321998296755,57.00142222847017,14.999999997964508,0.00020354916341602802,completed,,368,The solver successfully reached the end of the integration interval.
1.8,350.0,15.0,35.099999999999994,0.32,0.5760000000000001,0.799,99.3421110520703,65.9328930227384,14.99999999782999,0.00021700095385313034,completed,,386,The solver successfully reached the end of the integration interval.
2.2,350.0,15.0,35.099999999999994,0.32,0.7040000000000001,0.799,99.54062858490367,74.3538478391132,14.999999997682055,0.0002317945472896099,completed,,412,The solver successfully reached the end of the integration interval.
2.6,350.0,15.0,35.099999999999994,0.32,0.8320000000000001,0.799,99.65416260323614,81.9851092067232,14.999999997520947,0.0002479052636772394,completed,,409,The solver successfully reached the end of the integration interval.
2.9968749999999997,350.0,15.0,35.099999999999994,0.32,0.959,0.799,99.73271316760162,88.21755429503634,14.999999997345384,0.0002654616255313158,completed,,430,The solver successfully reached the end of the integration interval.
3.0,350.0,15.0,35.099999999999994,0.32,0.96,0.799,99.7332485980993,88.2598154806529,14.999999997343938,0.00026560621336102486,completed,,430,The solver successfully reached the end of the integration interval.
3.4000000000000004,350.0,15.0,35.099999999999994,0.32,1.088,0.799,99.79417383400656,92.7161827624757,14.999999997150592,0.00028494070284068584,completed,,389,The solver successfully reached the end of the integration interval.
3.8000000000000003,350.0,15.0,35.099999999999994,0.32,1.2160000000000002,0.799,99.84246154409882,95.48827286328276,14.999999996943485,0.00030565145425498486,completed,,378,The solver successfully reached the end of the integration interval.
4.2,350.0,15.0,35.099999999999994,0.32,1.344,0.799,99.87967712168694,97.11543028753859,14.999999996726189,0.0003273810725659132,completed,,418,The solver successfully reached the end of the integration interval.
4.6,350.0,15.0,35.099999999999994,0.32,1.472,0.799,99.90736576107999,98.07431306305715,14.999999996501513,0.0003498487640172243,completed,,379,The solver successfully reached the end of the integration interval.
5.0,350.0,15.0,35.099999999999994,0.32,1.6,0.799,99.92760084050684,98.65731962469447,14.999999996271308,0.0003728691954165697,completed,,411,The solver successfully reached the end of the integration interval.
1.0,370.0,15.0,35.099999999999994,0.32,0.32,0.799,85.95015558070124,45.19328693712344,14.999999998007842,0.0001992157194763422,completed,,379,The solver successfully reached the end of the integration interval.
1.4,370.0,15.0,35.099999999999994,0.32,0.44799999999999995,0.799,98.65026326060949,57.45764886200304,14.999999997912465,0.00020875362679362297,completed,,396,The solver successfully reached the end of the integration interval.
1.8,370.0,15.0,35.099999999999994,0.32,0.5760000000000001,0.799,99.3331338973465,66.66164339021425,14.999999997777463,0.00022225361317396164,completed,,379,The solver successfully reached the end of the integration interval.
2.2,370.0,15.0,35.099999999999994,0.32,0.7040000000000001,0.799,99.55220543245402,75.46779259688475,14.999999997631448,0.00023685512132942677,completed,,422,The solver successfully reached the end of the integration interval.
2.6,370.0,15.0,35.099999999999994,0.32,0.8320000000000001,0.799,99.68346870716816,83.64880572828183,14.999999997473372,0.00025266269221901894,completed,,424,The solver successfully reached the end of the integration interval.
2.9968749999999997,370.0,15.0,35.099999999999994,0.32,0.959,0.799,99.78038293192107,90.53161281919083,14.999999997300328,0.00026996713131666183,completed,,439,The solver successfully reached the end of the integration interval.
3.0,370.0,15.0,35.099999999999994,0.32,0.96,0.799,99.78106501839933,90.578549414787,14.999999997298872,0.00027011288329958916,completed,,439,The solver successfully reached the end of the integration interval.
3.4000000000000004,370.0,15.0,35.099999999999994,0.32,1.088,0.799,99.85938440927934,95.39355819958627,14.99999999710458,0.00028954213485121727,completed,,470,The solver successfully reached the end of the integration interval.
3.8000000000000003,370.0,15.0,35.099999999999994,0.32,1.2160000000000002,0.799,99.91739987430198,97.95375783752893,14.99999999689204,0.00031079608015716076,completed,,471,The solver successfully reached the end of the integration interval.
4.2,370.0,15.0,35.099999999999994,0.32,1.344,0.799,99.95382098865394,99.08988939675899,14.999999996666599,0.00033334014005959034,completed,,477,The solver successfully reached the end of the integration interval.
4.6,370.0,15.0,35.099999999999994,0.32,1.472,0.799,99.97419208851895,99.57299978528515,14.999999996432676,0.00035673240199685097,completed,,476,The solver successfully reached the end of the integration interval.
5.0,370.0,15.0,35.099999999999994,0.32,1.6,0.799,99.98515577721557,99.78536385581629,14.999999996193026,0.0003806974273175001,completed,,475,The solver successfully reached the end of the integration interval.
1.0,385.0,15.0,35.099999999999994,0.32,0.32,0.799,87.01557955306266,45.59195684955061,14.999999997969176,0.00020308233797550201,completed,,419,The solver successfully reached the end of the integration interval.
1.4,385.0,15.0,35.099999999999994,0.32,0.44799999999999995,0.799,98.64205737337744,57.72899586392079,14.999999997870953,0.0002129047643393278,completed,,441,The solver successfully reached the end of the integration interval.
1.8,385.0,15.0,35.099999999999994,0.32,0.5760000000000001,0.799,99.3238927927632,67.08668399236521,14.999999997735355,0.00022646458819508553,completed,,416,The solver successfully reached the end of the integration interval.
2.2,385.0,15.0,35.099999999999994,0.32,0.7040000000000001,0.799,99.55609709748128,76.10203716743047,14.999999997590015,0.00024099857546389103,completed,,455,The solver successfully reached the end of the integration interval.
2.6,385.0,15.0,35.099999999999994,0.32,0.8320000000000001,0.799,99.69856251007317,84.58816605292962,14.99999999743358,0.0002566420007497072,completed,,439,The solver successfully reached the end of the integration interval.
2.9968749999999997,385.0,15.0,35.099999999999994,0.32,0.959,0.799,99.80739346008235,91.85548823537756,14.999999997262039,0.0002737960312515497,completed,,468,The solver successfully reached the end of the integration interval.
3.0,385.0,15.0,35.099999999999994,0.32,0.96,0.799,99.8081732599114,91.9052077183759,14.999999997260606,0.0002739394549280405,completed,,468,The solver successfully reached the end of the integration interval.
3.4000000000000004,385.0,15.0,35.099999999999994,0.32,1.088,0.799,99.89754808598879,96.86253167574941,14.999999997064993,0.00029350072145462036,completed,,510,The solver successfully reached the end of the integration interval.
3.8000000000000003,385.0,15.0,35.099999999999994,0.32,1.2160000000000002,0.799,99.95658463482958,99.05266403085875,14.999999996846924,0.0003153076395392418,completed,,468,The solver successfully reached the end of the integration interval.
4.2,385.0,15.0,35.099999999999994,0.32,1.344,0.799,99.98387111059515,99.72987117933124,14.999999996613855,0.00033861445263028145,completed,,478,The solver successfully reached the end of the integration interval.
4.6,385.0,15.0,35.099999999999994,0.32,1.472,0.799,99.99405976253362,99.91795281413013,14.999999996372143,0.0003627857659012079,completed,,481,The solver successfully reached the end of the integration interval.
5.0,385.0,15.0,35.099999999999994,0.32,1.6,0.799,99.99769259579627,99.97243088975497,14.999999996125016,0.00038749841041862965,completed,,469,The solver successfully reached the end of the integration interval.
1.0,400.0,15.0,35.099999999999994,0.32,0.32,0.799,87.8233671003537,45.90879429632296,14.999999997929063,0.00020709377713501453,completed,,436,The solver successfully reached the end of the integration interval.
1.4,400.0,15.0,35.099999999999994,0.32,0.44799999999999995,0.799,98.61845260511895,57.949902931875044,14.99999999782804,0.00021719606593251228,completed,,486,The solver successfully reached the end of the integration interval.
1.8,400.0,15.0,35.099999999999994,0.32,0.5760000000000001,0.799,99.31043080770357,67.42702125580449,14.999999997691553,0.00023084459826350212,completed,,507,The solver successfully reached the end of the integration interval.
2.2,400.0,15.0,35.099999999999994,0.32,0.7040000000000001,0.799,99.55493673795279,76.60149272453245,14.99999999754631,0.0002453690394759178,completed,,513,The solver successfully reached the end of the integration interval.
2.6,400.0,15.0,35.099999999999994,0.32,0.8320000000000001,0.799,99.70786855879027,85.32340052039264,14.999999997390898,0.00026091025210916996,completed,,438,The solver successfully reached the end of the integration interval.
2.9968749999999997,400.0,15.0,35.099999999999994,0.32,0.959,0.799,99.82786042826875,92.90353126703744,14.999999997220458,0.0002779541537165642,completed,,439,The solver successfully reached the end of the integration interval.
3.0,400.0,15.0,35.099999999999994,0.32,0.96,0.799,99.82873269024341,92.95552717113762,14.999999997219033,0.00027809664607048035,completed,,440,The solver successfully reached the end of the integration interval.
3.4000000000000004,400.0,15.0,35.099999999999994,0.32,1.088,0.799,99.92766312061741,97.95471610446268,14.999999997021384,0.00029786163941025734,completed,,507,The solver successfully reached the end of the integration interval.
3.8000000000000003,400.0,15.0,35.099999999999994,0.32,1.2160000000000002,0.799,99.98128104269357,99.6462504088822,14.999999996796324,0.0003203675150871277,completed,,491,The solver successfully reached the end of the integration interval.
4.2,400.0,15.0,35.099999999999994,0.32,1.344,0.799,99.99622871514528,99.94696830939529,14.999999996554859,0.00034451414830982685,completed,,514,The solver successfully reached the end of the integration interval.
4.6,400.0,15.0,35.099999999999994,0.32,1.472,0.799,99.99921656463697,99.99112970081097,14.999999996305327,0.000369467306882143,completed,,524,The solver successfully reached the end of the integration interval.
5.0,400.0,15.0,35.099999999999994,0.32,1.6,0.799,99.99980533957981,99.99817435940292,14.999999996050994,0.00039490056224167347,completed,,487,The solver successfully reached the end of the integration interval.
