catalyst_mass_kg,bed_length_m,temperature_k,pressure_bar,co_conversion,methane_yield,flow_CO_mol_s,flow_H2_mol_s,flow_CH4_mol_s,flow_H2O_mol_s,flow_CO2_mol_s,flow_N2_mol_s,concentration_CO_mol_m3,concentration_H2_mol_m3,concentration_CH4_mol_m3,concentration_H2O_mol_m3,concentration_CO2_mol_m3,concentration_N2_mol_m3,intrinsic_r1_co2_methanation_mol_kg_s,intrinsic_r2_co_methanation_mol_kg_s,intrinsic_wgs_mol_kg_s
0.0,0.0,623.15,1.0,0.0,0.0,8.888888888888887e-05,0.0002663888888888888,0.0,0.0,0.0,0.00022194444444444442,2.972197405083037,8.907304098358225,0.0,0.0,0.0,7.421205395816709,0.0,0.09308559695145696,-0.0
7.8e-06,2.0524662510455847e-05,623.15,1.0,0.008125776384004623,0.008097277633037345,8.816659765475512e-05,0.00026423214807571465,7.197580118255415e-07,7.172247895191458e-07,2.533222462203068e-09,0.00022194444444444442,2.955416411989162,8.857277560556973,0.024126876814954065,0.024041961132839896,8.49156873369578e-05,7.439759173076708,1.8094742805648493e-05,0.09145118291499124,0.0006648659070644286
1.56e-05,4.1049325020911694e-05,623.15,1.0,0.016166168649338706,0.016053599965728565,8.745189612005876e-05,0.00026211793500323193,1.4269866636203166e-06,1.4169805584123375e-06,1.0006105363786528e-08,0.00022194444444444442,2.9386781355767186,8.80804509348813,0.04795155616047009,0.04761531733773947,0.00033623882796626823,7.458080557866951,3.5543462160650565e-05,0.08983956679173545,0.0013001605518011185
2.34e-05,6.157398753136754e-05,623.15,1.0,0.024120635825045252,0.023871017458222687,8.674483237110707e-05,0.0002600454725326302,2.1218682185086828e-06,2.0996799192373713e-06,2.218829942711865e-08,0.00022194444444444442,2.921988567031805,8.759598432307525,0.07147485914441208,0.07072744912561946,0.00074741002404097,7.4761701816245685,5.225891736592384e-05,0.0882511743134144,0.0019066667301544354
3.12e-05,8.209865004182339e-05,623.15,1.0,0.0319887409201869,0.03155152256536321,8.604544525153892e-05,0.0002580140133918817,2.8045797835878403e-06,2.765715929827543e-06,3.8863853916105115e-08,0.00022194444444444442,2.9053533365767,8.711929754099819,0.09469757763612432,0.09338532657083402,0.0013122510705511864,7.494028653303946,6.827596187495529e-05,0.08668638732559729,0.002485163941448087
3.9e-05,0.00010262331255227922,623.15,1.0,0.0397701469459822,0.039097141161051736,8.535376471591267e-05,0.00025602280731570757,3.4753014365379313e-06,3.415478700101472e-06,5.982273659226669e-08,0.00022194444444444442,2.888777802777203,8.665030830683877,0.11762074796870489,0.11559606172675388,0.002024686247224305,7.5116567698542145,8.361720941455371e-05,0.08514553268537305,0.003036442266025917
4.68e-05,0.00012314797506273508,623.15,1.0,0.047464612828669546,0.04650992730266693,8.466981219300713e-05,0.00025407110254381656,4.13421576023706e-06,4.049354824594196e-06,8.486093579867112e-08,0.00022194444444444442,2.8722670541247486,8.618893066377035,0.14024563672946147,0.13736688616516854,0.0028787505695784363,7.5290555052919785,9.830327958882481e-05,0.08362888421789354,0.0035612991832389457
5.46e-05,0.00014367263757319093,623.15,1.0,0.05507198939599359,0.05379195859279306,8.399360094257833e-05,0.0002521581471133116,4.781507430470493e-06,4.667726914632251e-06,1.1378051599404885e-07,0.00022194444444444442,2.855825911361917,8.57350753159768,0.16257372778483956,0.1587051313478191,0.0038685964423179685,7.546226000723398,0.00011235419255740626,0.08213666473472987,0.004060536629695853
6.24e-05,0.00016419730008364677,623.15,1.0,0.06259221543770144,0.060945331795433676,8.332513640553763e-05,0.0002502831900671912,5.41736282626077e-06,5.2709731691721006e-06,1.4638965724447558e-07,0.00022194444444444442,2.8394589302266384,8.528864995349322,0.18460670955807376,0.17961820984425136,0.004988499719131794,7.563169554560558,0.0001257896864135191,0.08066904814059361,0.004534958243219041
7.02e-05,0.00018472196259410262,623.15,1.0,0.07002531350610425,0.06797215859596661,8.266441657723516e-05,0.00024844548258863753,6.041969652974809e-06,5.859466994297708e-06,1.8250265883290722e-07,0.00022194444444444442,2.823170405518841,8.484955956517892,0.2063464622578473,0.20011359778920013,0.0062328644739683015,7.579887612700226,0.00013862928137306125,0.07922616164464924,0.0049853668093710005
7.8e-05,0.00020524662510455844,623.15,1.0,0.07737138556167422,0.07487456155983362,8.201143239451783e-05,0.0002466442790508688,6.65551658309632e-06,6.433576671823407e-06,2.2193991142871957e-07,0.00022194444444444442,2.806964376224153,8.441770673689113,0.22779504525968117,0.22019881865546126,0.007596226609552589,7.596381758820017,0.00015089227275752896,0.07780808804232342,0.005412561912334068
8.58e-05,0.0002257712876150143,623.15,1.0,0.08463060884458413,0.08165467034058925,8.136616810270361e-05,0.0002448788379984144,7.258192919163487e-06,6.993665052143522e-06,2.6452786717577177e-07,0.00022194444444444442,2.790844630575726,8.399299194068712,0.2489546848336476,0.2398814275508607,0.009073257288131046,7.612653704940894,0.00016259771818800484,0.0764148680201568,0.005817337763728282
9.36e-05,0.00024629595012547016,623.15,1.0,0.09180323192062793,0.08831461806934507,8.072860160705527e-05,0.000243148423079394,7.850188272830671e-06,7.540089263829546e-06,3.1009900915693245e-07,0.00022194444444444442,2.774814711130237,8.357531381911818,0.26982776204423814,0.259168995820694,0.010658766228899543,7.628705282122085,0.00017376442439460529,0.075046502481106,0.006200481202784488
0.0001014,0.000266820612635926,623.15,1.0,0.09888957043464242,0.09485653792662224,8.009870485025399e-05,0.00024145230388694118,8.431692260144197e-06,8.073200481655312e-06,3.5849177864469146e-07,0.00022194444444444442,2.758877921270226,8.316456944951451,0.2904168008577122,0.2780690974275643,0.012347703435514367,7.644538431315502,0.0001844109124193066,0.07370295490073092,0.006562769908838172
0.0001092,0.00028734527514638186,623.15,1.0,0.105890002974371,0.10128255994339694,7.947644418005589e-05,0.00023978975672895268,9.002894217190837e-06,8.593343725550503e-06,4.0955049179613955e-07,0.00022194444444444442,2.743037331939436,8.27606545952205,0.3107244566365899,0.2965892962192659,0.014135160422701446,7.660155194517927,0.00019455538886158267,0.07238415366937913,0.006904970792922573
0.000117,0.0003078699376568377,623.15,1.0,0.11280496711368927,0.10759480801178874,7.886178070100538e-05,0.00023816006533924168,9.563982934381219e-06,9.10085768088075e-06,4.631252536562748e-07,0.00022194444444444442,2.7272957883645836,8.236346394700002,0.3307535049940372,0.3147371337920488,0.016016371207376697,7.675557706199928,0.00020421572482759396,0.07108999440677147,0.0072278385548180625
0.0001248,0.00032839460016729355,623.15,1.0,0.11963495568035201,0.11379539704244325,7.825467060619091e-05,0.0002365625215564901,1.011514640377273e-05,9.596074524849312e-06,5.190718790792226e-07,0.00022194444444444442,2.7116559165495584,8.197289136142505,0.35050683083937684,0.3325201174496993,0.01798671339507647,7.690748184881756,0.00021340944421162301,0.06982034224480928,0.007532114387391245
0.0001326,0.0003489192626777494,623.15,1.0,0.1263805127664684,0.11988643038349295,7.765506553186946e-05,0.00023499642588732723,1.0656571589643815e-05,1.0079319822270017e-05,5.772517675296054e-07,0.00022194444444444442,2.6961201311071257,8.158883006969164,0.36998741800857354,0.3499457104898934,0.020041707524089607,7.705728925159123,0.00022215369607113741,0.06857503407570871,0.007818524882467747
0.0001404,0.00036944392518820524,623.15,1.0,0.1330422300786245,0.12586999739610522,7.706291288190003e-05,0.0002334610880439234,1.1188444212987127e-05,1.0550912418987226e-05,6.375317941557077e-07,0.00022194444444444442,2.6806906424888455,8.121117288464216,0.38919833917681507,0.3670213223660987,0.02217701681613613,7.7205022899458635,0.00023046524225785192,0.06735388073990185,0.00808778106230862
0.0001482,0.0003899685876986611,623.15,1.0,0.13962074331416469,0.13174817124056706,7.647815614985201e-05,0.00023195582740905164,1.1710948554717069e-05,1.1011164370399094e-05,6.997841844737823e-07,0.00022194444444444442,2.6653694646043333,8.083981239057572,0.40814274625206853,0.3837543000526136,0.02438844620488506,7.735070703086501,0.00023836044301458047,0.06615666915387788,0.008340577565849813
0.000156,0.0004104932502091169,623.15,1.0,0.14611672872374476,0.13752300681852136,7.5900735224556e-05,0.00023047997346218615,1.2224267272757452e-05,1.146038088118384e-05,7.638863917294169e-07,0.00022194444444444442,2.650158422272299,8.047464112551774,0.4268238611017395,0.40015191980500947,0.026671941302170085,7.7494366422249845,0.00024585524839037116,0.06498316437069677,0.008577591960409534
0.0001638,0.00043101791271957273,623.15,1.0,0.15253089974202658,0.14319653891019082,7.533058668959762e-05,0.0002290328661423287,1.2728581236461402e-05,1.1898860273633368e-05,8.297209629838408e-07,0.00022194444444444442,2.6350591588841876,8.011555174800977,0.4452449667615644,0.41622137994911584,0.02902358681789866,7.763602632044228,0.00025296518916060923,0.06383311156701703,0.008799484187346074
0.0001716,0.0004515425752300286,623.15,1.0,0.158864003761142,0.1487707804774839,7.476764411012069e-05,0.00022761385616454588,1.3224069375776343e-05,1.2326893972786314e-05,8.971754031458331e-07,0.00022194444444444442,2.6200731440079217,7.976243719308035,0.46340939905687323,0.43196979430783883,0.03143960475449416,7.777571237822813,0.00025970537065173174,0.06270623795202451,0.00900689612328775
0.0001794,0.0004720672377404844,623.15,1.0,0.16511681904367997,0.15424772112047105,7.421183830722843e-05,0.00022622230529437603,1.3710908544041867e-05,1.2744766506425091e-05,9.661420377725818e-07,0.00022194444444444442,2.6052016809138077,7.941519081810703,0.4813205386170062,0.4474041862153766,0.03391635240709918,7.791345059293979,0.00026609046908230747,0.061602254596094363,0.009200451248022148
0.0001872,0.0004925919002509403,623.15,1.0,0.17129015173161175,0.1596293257269805,7.366309762385671e-05,0.00022485758656209994,1.4189273397953818e-05,1.3152755530877282e-05,1.0365178672323406e-06,0.00022194444444444442,2.590445914175383,7.907370653287398,0.49898180343345827,0.46253148352634904,0.03645031991258828,7.804926724922797,0.0002721347276393499,0.06052085817172238,0.009380754420395397
0.000195,0.0005131165627613962,623.15,1.0,0.17738483303812858,0.16491753322624012,7.312134817438855e-05,0.0002235190844562758,1.4659336286776894e-05,1.3551131859055273e-05,1.108204427877427e-06,0.00022194444444444442,2.5758068369826064,7.873787892497133,0.516396641690105,0.4773585137976605,0.03903812789793306,7.818318886392534,0.00027785195702289986,0.05946173261357684,0.009548391735515142
0.0002028,0.000533641225271852,623.15,1.0,0.18340171655062243,0.17011425549838405,7.25865140843891e-05,0.0002222061950717352,1.5121267155411911e-05,1.3940159506325845e-05,1.181107649241872e-06,0.00022194444444444442,2.5612852984189867,7.840760337287754,0.5335685250512934,0.49189200020898854,0.04167652484780261,7.831524213443145,0.000283255536338597,0.05842455069127131,0.009703930469224693
0.0002106,0.0005541658877823079,623.15,1.0,0.18934167565952933,0.17522137642882646,7.205851771915293e-05,0.0002209183262172585,1.5575233460340126e-05,1.4320095750946121e-05,1.2551377095498141e-06,0.00022194444444444442,2.5468820106324377,7.80827761479491,0.5505009423888966,0.5061385581197523,0.04436238427465118,7.844545389047324,0.00028835841493150415,0.05740897549452295,0.009847919099929252
0.0002184,0.0005746905502927637,623.15,1.0,0.1952056011249839,0.18024075108339535,7.153727990000141e-05,0.0002196548974925633,1.6021400096301804e-05,1.469119120371796e-05,1.3302088927396506e-06,0.00022194444444444442,2.5325975558276195,7.776329450782222,0.5671973938839898,0.5201046920814163,0.04709270180808953,7.857385104874636,0.00029317311582034066,0.05641466183315132,0.009980887396921136
0.0002262,0.0005952152128032196,623.15,1.0,0.20099439878448824,0.1851742049688645,7.102272010804547e-05,0.00021841534034746353,1.6459929330565728e-05,1.5053689880289881e-05,1.406239450431658e-06,0.00022194444444444442,2.518432393026327,7.744905678466274,0.5836613853983472,0.5337967930743897,0.0498645923294825,7.870046056963151,0.00029771174127984467,0.055441257557007094,0.010103346564371661
0.000234,0.0006157398753136754,623.15,1.0,0.20670898733306664,0.1900235335562551,7.051475668150517e-05,0.00021719909805404273,1.6890980760556003e-05,1.5407829313730132e-05,1.4831514469816867e-06,0.00022194444444444442,2.5043868649444514,7.713996244802977,0.5998964237206376,0.5472211373414918,0.05267528638467972,7.882530942063737,0.0003019859746541448,0.054488404772201904,0.010215789461549888
0.0002418,0.0006362645378241313,623.15,1.0,0.2123502963158547,0.19479050172150164,7.001330699414623e-05,0.0002160056257270918,1.7314711264133474e-05,1.5753840633526127e-05,1.5608706307631593e-06,0.00022194444444444442,2.490461204246728,7.683591218128561,0.6159060115481133,0.5603838841516637,0.055522127401992034,7.8948424537809165,0.00030600708959311674,0.05355574100073518,0.010318690840338332
0.0002496,0.0006567892003345871,623.15,1.0,0.21791926421977334,0.19947684317277134,6.951828762490902e-05,0.00021483439035809978,1.7731274948690782e-05,1.6091948633403525e-05,1.6393263154430672e-06,0.00022194444444444442,2.476655539583596,7.653680796113379,0.6316936424340233,0.5732910732877919,0.05840256915178227,7.906983278687402,0.00030978596151252723,0.05264290027866665,0.010412507614290698
0.00025739999999999997,0.0006773138628450428,623.15,1.0,0.2234168365886102,0.20408426047148168,6.902961452545685e-05,0.00021368487064023272,1.814082315302059e-05,1.6422371942610987e-05,1.7184512105654165e-06,0.00022194444444444442,2.462969902133349,7.624255307612384,0.6472627977566967,0.5859486264605119,0.06131417130174432,7.918956093993284,0.0003133330666979957,0.05174951410588227,0.010497679228781307
0.0002652,0.0006978385253554988,623.15,1.0,0.2288439643710997,0.20861442460657031,6.854720316701334e-05,0.00021255655697286697,1.8543504409472912e-05,1.674532309707211e-05,1.798181312556613e-06,0.00022194444444444442,2.4494042311258424,7.595305219592464,0.6626169422229787,0.5983623452236735,0.06425459700487289,7.930763564088141,0.00031665849635426166,0.05087521239714977,0.010574627990518323
0.000273,0.0007183631878659546,623.15,1.0,0.23420160231648657,0.21306897494499452,6.807096868297895e-05,0.00021144895133657274,1.8939464439555065e-05,1.7061008673202034e-05,1.8784557665088435e-06,0.00022194444444444442,2.435958379596598,7.566821140214401,0.6777595206771623,0.610537911329132,0.06722160935360613,7.942408338087072,0.00031977196318800884,0.05001962431992059,0.010643759462154083
0.0002808,0.0007388878503764105,623.15,1.0,0.23949070749829407,0.21744951916878755,6.760082600015162e-05,0.00021036156718427367,1.9328846148336665e-05,1.7369629407937894e-05,1.9592167405545855e-06,0.00022194444444444442,2.4226321197882608,7.538793822260019,0.6926939549126366,0.6224808867334657,0.07021306818475498,7.953893047378834,0.0003226828107395244,0.04918237907619636,0.01070546286644006
0.00028859999999999997,0.0007594125128868662,623.15,1.0,0.24471223793877195,0.22175763327781037,6.713668996099803e-05,0.00020929392931799695,1.971178962469425e-05,1.7671380321499463e-05,2.0404093033505966e-06,0.00022194444444444442,2.4094251483425033,7.511214166011944,0.7074236407568808,0.634196713857662,0.07322692690481061,7.965220303384173,0.0003254000229799265,0.0483631066196893,0.010760111507675793
0.0002964,0.0007799371753973222,623.15,1.0,0.249867151328434,0.22599486163784785,6.667847543747251e-05,0.00020824557375795358,2.008843214558647e-05,1.7966450839758393e-05,2.1219813059838906e-06,0.00022194444444444442,2.396337091275815,7.484073221772413,0.7219519453648591,0.6456907159833005,0.07626122938715829,7.976392695474425,0.0003279322343654853,0.047561438313634,0.010808063205357198
0.0003042,0.000800461837907778,623.15,1.0,0.2549564038118464,0.23016271692149107,6.622609743894697e-05,0.00020721604765562823,2.04589081707992e-05,1.8255024891658295e-05,2.2038832792967163e-06,0.00022194444444444442,2.3833675087035817,7.457362193502221,0.7362822041988102,0.6569680968663962,0.07931410733802127,7.987412788648943,0.0003302877425496406,0.046777007554841696,0.01084966072393098
0.000312,0.0008209865004182338,623.15,1.0,0.25998094891781115,0.23426268061821523,6.577947120730566e-05,0.00020620490901732314,2.0823349388285793e-05,1.8537281094990186e-05,2.2860682934514187e-06,0.00022194444444444442,2.3705158995916404,7.43107243685357,0.7504177200226723,0.6680339437875162,0.08238377624077112,7.998283122761807,0.00033247451246305135,0.046009450263820785,0.010885232258463001
0.00031979999999999997,0.0008415111629286896,623.15,1.0,0.2649417365258566,0.23829620301658064,6.533851230881273e-05,0.00020521172661861948,2.118188471258494e-05,1.881339284509554e-05,2.3684918676452097e-06,0.00022194444444444442,2.357781706002329,7.405195462543033,0.7643617601505607,0.6788932271422174,0.0854685330139657,8.009006210405866,0.0003345001904605169,0.045258405409064784,0.010915091869406071
0.0003276,0.0008620358254391455,623.15,1.0,0.2698397119129175,0.24226470342893922,6.490313671885176e-05,0.00020423607983974183,2.1534640304794592e-05,1.908352843955388e-05,2.4511118653965184e-06,0.00022194444444444442,2.345164317303551,7.379722937289114,0.7781175545881167,0.6895508015052535,0.0885667530884932,8.019584535483446,0.0003363721145471886,0.044523515452062,0.010939539940901242
0.0003354,0.0008825604879496014,623.15,1.0,0.2746758150458716,0.2461695711377667,6.44732608848114e-05,0.00020327755826619908,2.1881739656690367e-05,1.9347851309305062e-05,2.5338883475411107e-06,0.00022194444444444442,2.3326630741703505,7.354646677825805,0.7916882967493158,0.7000114108449971,0.0916768859099559,8.03002055375755,0.0003380973154863212,0.043804426641189706,0.010958863690926097
0.0003432,0.0009030851504600572,623.15,1.0,0.2794509795204539,0.2500121644353898,6.404880182040408e-05,0.00020233576193589596,2.2223303505367977e-05,1.9606519942252977e-05,2.6167835632708065e-06,0.00022194444444444442,2.3202772722494536,7.32995866338868,0.8050771376238309,0.7102796823190946,0.09479745531038078,8.040316688366536,0.00033968254482329206,0.04310078955852189,0.01097333752592875
0.00035099999999999997,0.000923609812970513,623.15,1.0,0.2841661320386124,0.25379381195639633,6.362967715212332e-05,0.00020141030081892994,2.255944995167967e-05,1.9859688166595605e-05,2.69976178523987e-06,0.00022194444444444442,2.308006165898849,7.305651025924151,0.8182871879623498,0.7203601337116246,0.09792705425637656,8.050475331504625,0.0003411342707130336,0.04241225928078078,0.01098322357414891
0.0003588,0.0009441344754809688,623.15,1.0,0.2888221917676711,0.2575158130162915,6.3215805176207e-05,0.00020050079464021688,2.289029449033702e-05,2.0107505267993964e-05,2.782789222498858e-06,0.00022194444444444442,2.2958489715307344,7.281716050009131,0.8313215170983144,0.7302571747824194,0.10106434232155345,8.06049884351582,0.0003424586888448936,0.041738495658080896,0.010988772127434408
0.0003666,0.0009646591379914248,623.15,1.0,0.29342006977964574,0.2611794380166238,6.280710490847592e-05,0.00019960687268560757,2.321595004592211e-05,2.0350116111433073e-05,2.865833934644839e-06,0.00022194444444444442,2.2838048707514678,7.258146172143325,0.8441831520695432,0.7399751089207872,0.10420804315442136,8.070389552218428,0.00034366173265110123,0.04107916355064928,0.010990222079610723
0.0003744,0.0009851838005018806,623.15,1.0,0.29796066826595446,0.26478592811955365,6.240349615413737e-05,0.0001987281738477933,2.353652694396032e-05,2.058766115317093e-05,2.9488657909451935e-06,0.00022194444444444442,2.2718730136725327,7.234933986808232,0.8568750742343575,0.749518130730923,0.10735694350910688,8.080149750302821,0.00034474909121503123,0.040433933147956964,0.010987801312749127
0.00038219999999999997,0.0010057084630123363,623.15,1.0,0.3024448803006163,0.2683364964862485,6.20048995288341e-05,0.00019786434616493842,2.3852133020999863e-05,2.082027668194675e-05,3.031856339208914e-06,0.00022194444444444442,2.2600525216491705,7.21207223772018,0.8694002214414331,0.7588903324419589,0.11050988900515314,8.089781697000078,0.0003457262090438308,0.03980248002094299,0.010981727177065026
0.00039,0.0010262331255227923,623.15,1.0,0.30687358938674447,0.27183232861941886,6.161123649895603e-05,0.00019701504665857813,2.416287365505945e-05,2.104809492018785e-05,3.114778735027403e-06,0.00022194444444444442,2.248342490020377,7.18955381756271,0.8817614871369228,0.7680957051371995,0.11366578200540896,8.099287617395357,0.0003465982967552359,0.03918448528575579,0.010972206898149109
0.0003978,0.0010467577880332482,623.15,1.0,0.31124766930981324,0.27527458335712507,6.122242939468325e-05,0.00019617994096722205,2.4468851853966666e-05,2.1271244213729514e-05,3.1976076403929545e-06,0.00022194444444444442,2.2367419903390586,7.167371761659142,0.8939617218441503,0.7771381434879385,0.11682357836190407,8.108669703565782,0.0003473703351495117,0.038579635644336294,0.010959438009726425
0.0004056,0.001067282450543704,623.15,1.0,0.3155679828535431,0.2786643910144295,6.0838401524129486e-05,0.00019535870389295642,2.4770168090171507e-05,2.1489848815585436e-05,3.280319274741875e-06,0.00022194444444444442,2.225250074138545,7.145519267941214,0.9060037245918923,0.7860214350165221,0.11998228958106905,8.11793010798873,0.0003480471068168684,0.03798762383613434,0.010943608623058782
0.00041339999999999997,0.0010878071130541597,623.15,1.0,0.3198353829627774,0.2820028575004249,6.0459077069975325e-05,0.0001945510180409789,2.506692066670443e-05,2.170402951449712e-05,3.3628911523631147e-06,0.00022194444444444442,2.2138657732488745,7.123989661521693,0.9178902555944102,0.794749281867398,0.12314097373271737,8.127070953292877,0.0003486331686986198,0.03740814816188881,0.010924898010409195
0.0004212,0.0011083317755646157,623.15,1.0,0.32405071129717516,0.2852910618395978,6.008438121802886e-05,0.00019375657457233058,2.535920549685313e-05,2.1913903322848057e-05,3.445302174160878e-06,0.00022194444444444442,2.202588103600259,7.102776420360252,0.9296240256088871,0.8033252866032392,0.1262987390113595,8.13609432407398,0.00034913288960521056,0.03684091298930134,0.01090347681750453
0.000429,0.0011288564380750716,623.15,1.0,0.32821479831195144,0.2885300575092746,5.9714240150048743e-05,0.0001929750727355367,2.5647116223046622e-05,2.211958370725492e-05,3.527532515947507e-06,0.00022194444444444442,2.1914160669377174,7.08187316540416,0.9412076988767895,0.8117529588963988,0.12945473998610846,8.145002269156802,0.0003495504492710196,0.03628562866185946,0.010879507476599869
0.0004368,0.0011493811005855274,623.15,1.0,0.3323284639237781,0.2917208747026128,5.9348580984553044e-05,0.00019220621912117883,2.5930744418010024e-05,2.2321180931686017e-05,3.6095634864798078e-06,0.00022194444444444442,2.180348651271109,7.0612736425131475,0.952643899489011,0.8200357267488341,0.13260817274590073,8.153796806489968,0.00034988983127787616,0.03574201125444785,0.010853144635021338
0.00044459999999999996,0.001169905763095983,623.15,1.0,0.33639251569173845,0.29486451729908203,5.898733193851212e-05,0.000191449728577364,2.6210179315473953e-05,2.2518801680572967e-05,3.6913776350567925e-06,0.00022194444444444442,2.169384835494447,7.040971752514518,0.9639351988635415,0.8281769199234964,0.13575827894577516,8.162479913516194,0.00035015486086936455,0.03520978310885737,0.010824535335692774
0.0004524,0.0011904304256064391,623.15,1.0,0.3404077503105905,0.29796196678865433,5.863042219461416e-05,0.00019070532294719183,2.648550815899149e-05,2.271254962371008e-05,3.772958535437217e-06,0.00022194444444444442,2.1585235883355804,7.020961517832665,0.9750841281761954,0.8361797899269459,0.13890433825498558,8.171053536731602,0.0003503491829347532,0.03468867231177122,0.010793819498680102
0.0004602,0.001210955088116895,623.15,1.0,0.34437495275026364,0.3010141811295022,5.827778197775433e-05,0.00018997273139841688,2.6756816100400186e-05,2.290252528966764e-05,3.854290810888352e-06,0.00022194444444444442,2.1477638712115907,7.001237095273303,0.9860931727125172,0.8440475033081103,0.14204566941014893,8.179519587342302,0.0003504762832631348,0.03417841292062165,0.010761130162887272
0.000468,0.0012314797506273508,623.15,1.0,0.3482948958442129,0.3040220946750038,5.7929342591625506e-05,0.00018925169041281178,2.7024186193333664e-05,2.3088826089405774e-05,3.935360104083696e-06,0.00022194444444444442,2.137104640415,6.981792778813132,0.9969647700707969,0.8517831408039706,0.1451816292725743,8.187879939882498,0.00035053949913990614,0.033678745015694234,0.010726593774236102
0.00047579999999999996,0.0012520044131378064,623.15,1.0,0.35216834151927257,0.3069866210622432,5.758503630939798e-05,0.00018854194286846532,2.7287699649977166e-05,2.3271546720465247e-05,4.016152929667723e-06,0.00022194444444444442,2.126544846051423,6.962622975823709,1.0077013191322381,0.8593897114548444,0.14831160768314722,8.196136439112614,0.00035054200786883424,0.03318941430433257,0.010690330567118038
0.0004836,0.0012725290756482625,623.15,1.0,0.35599603910909616,0.3099086506123054,5.7244796523635883e-05,0.0001878432388142053,2.7547435609982695e-05,2.3450778854714214e-05,4.096656755424291e-06,0.00022194444444444442,2.1160834365201926,6.943722232516378,1.0183051692536345,0.8668701387988945,0.1514350304604995,8.204290891708371,0.0003504868562892578,0.03271017252722094,0.010652454735114144
0.0004914,0.0012930537381587183,623.15,1.0,0.3597787264432314,0.3127890528889564,5.690855764949053e-05,0.0001871553346566525,2.780347136790723e-05,2.362661149641792e-05,4.176859871645114e-06,0.00022194444444444442,2.105719357633671,6.9250852129872795,1.0287786281531228,0.8742272733342213,0.15455135482466661,8.212345072325013,0.0003503769511815507,0.03224077709364791,0.010613074779162656
0.0004992,0.0013135784006691742,623.15,1.0,0.36351713030223914,0.3156286778589233,5.6576255084245395e-05,0.00018647799278813162,2.805588247634873e-05,2.379913114805579e-05,4.256751328448749e-06,0.00022194444444444442,2.0954515527474507,6.906706690982994,1.0391239648369006,0.8814638976011129,0.15766006724155868,8.220300725847952,0.00035021506122484526,0.03178099091889418,0.01057229378316794
0.000507,0.0013341030631796298,623.15,1.0,0.3672119640823697,0.31842835238181516,5.624782541490046e-05,0.00018581098262711502,2.8304742433939118e-05,2.396842139389163e-05,4.3363210402033e-06,0.00022194444444444442,2.08527896872106,6.888581582872609,1.0493433955390583,0.8885827083527718,0.16076068719206277,8.228159556580408,0.00035000384933628255,0.03133058293282586,0.01053020954832113
0.0005147999999999999,0.0013546277256900857,623.15,1.0,0.3708639316818878,0.3211888871597683,5.592320607272107e-05,0.00018515407849268884,2.855012330309051e-05,2.4134563790015026e-05,4.415559513231293e-06,0.00022194444444444442,2.0752005488667784,6.870704887936958,1.0594391078319807,0.8955863502992202,0.16385275753854234,8.235923246784493,0.00034974583492202344,0.03088932706165418,0.010486915020600012
0.0005226,0.0013751523882005417,623.15,1.0,0.3744737229942486,0.3239110696251286,5.5602335733844555e-05,0.00018450706173277058,2.8792095077789203e-05,2.4297637000535905e-05,4.494458077409109e-06,0.00022194444444444442,2.0652152434738036,6.8530717530116405,1.069413233480469,0.9024773807003204,0.16693585278593587,8.243593435805803,0.00034944344869688646,0.030457003243339362,0.010442498311279021
0.0005304,0.0013956770507109976,623.15,1.0,0.37804201879338223,0.32659567227655945,5.528515388503268e-05,0.00018386971819440705,2.9030726424583055e-05,2.4457717845311727e-05,4.5730085794271375e-06,0.00022194444444444442,2.0553220003577164,6.835677400671035,1.0792678777903415,0.9092583095734111,0.17000956822272265,8.251171742642747,0.00034909898720822445,0.03003339620597082,0.010397043125931166
0.0005382,0.0014162017132214532,623.15,1.0,0.3815694858746447,0.32924344520014115,5.497160125558713e-05,0.00018324184045102353,2.9266084017790318e-05,2.4614880402280713e-05,4.651203615665417e-06,0.00022194444444444442,2.0455197763149764,6.818517196692107,1.0890050911078628,0.9159315629245148,0.17307352818914565,8.258659744029368,0.00034871466728124824,0.029618296516803505,0.010350628778157029
0.000546,0.0014367263757319093,623.15,1.0,0.38505678217477207,0.33185512446839505,5.4661619362242467e-05,0.00018262322527121125,2.9498233286079552e-05,2.476919704551451e-05,4.72903624072085e-06,0.00022194444444444442,2.035807526829186,6.801586577908173,1.0986268985921306,0.9224995228298155,0.17612737576811785,8.26605899733055,0.00034829258190948706,0.029211499353686894,0.010303330580105338
0.0005538,0.0014572510382423651,623.15,1.0,0.3885045517826792,0.334431424664112,5.4355150952650726e-05,0.00018201367583343695,2.972723774792106e-05,2.4920737559605786e-05,4.806500188471083e-06,0.00022194444444444442,2.0261842179909575,6.784881119242798,1.1081352717017032,0.9289644911105762,0.1791707805969351,8.273371018615002,0.00034783475206125056,0.028812805535787217,0.01025521986017708
0.0005616,0.001477775700752821,623.15,1.0,0.3919134301658581,0.33697304715857546,5.40521395408126e-05,0.00018141299924724364,2.995315974742892e-05,2.5069570146783386e-05,4.883589600801347e-06,0.00022194444444444442,2.01664881565515,6.7683964628295,1.117532157708071,0.9353287284275071,0.18220342928637723,8.280597305351371,0.00034734308487811594,0.02842202031643365,0.010206364313267057
0.0005694,0.0014983003632632766,623.15,1.0,0.39528403916462096,0.3394806728017927,5.375252985203368e-05,0.00018082100870732307,3.017605980460379e-05,2.5215760572354204e-05,4.960299232405398e-06,0.00022194444444444442,2.0072002975652334,6.752128383212328,1.1268194517705183,0.9415944191554761,0.18522503262086049,8.28773931493356,0.0003468194221153124,0.02803895437402398,0.010156828025546552
0.0005771999999999999,0.0015188250257737324,623.15,1.0,0.3986169922111948,0.3419549699320943,5.3456267359004894e-05,0.00018023752110957796,3.039599732729726e-05,2.5359373124712363e-05,5.036624202740713e-06,0.00022194444444444442,1.9978376422381587,6.7360727189971294,1.1359990256337154,0.9477637088250338,0.1882353168145047,8.294798486749434,0.000346265501276117,0.0276634226485203,0.01010667178459888
0.000585,0.0015393496882841885,623.15,1.0,0.40191288940709674,0.3443965873631409,5.3163298719369166e-05,0.0001796623591070638,3.061302998783474e-05,2.5500469806151582e-05,5.112560181838966e-06,0.00022194444444444442,1.9885598410510232,6.720225435120141,1.145072700775051,0.9538386707740568,0.19123403000682201,8.301776221530883,0.00034568300023492417,0.027295245276142546,0.010055953112696426
0.0005928,0.0015598743507946444,623.15,1.0,0.405172322636359,0.34680616200900677,5.287357132121252e-05,0.000179095348853357,3.0827214400800595e-05,2.5639111233926658e-05,5.188103167029752e-06,0.00022194444444444442,1.9793658871062862,6.704582558006891,1.1540422758425666,0.9598213414382651,0.19422093441013438,8.308673902453828,0.0003450735016928922,0.026934246486381628,0.010004726538404458
0.0006006,0.0015803990133051,623.15,1.0,0.4083958708113231,0.34918431226883434,5.258703370566015e-05,0.00017853632193208177,3.103860553500749e-05,2.5775355886788077e-05,5.263249648375226e-06,0.00022194444444444442,1.9702547870625964,6.689140234075827,1.1629095012543722,0.9657136892039644,0.1971958120562457,8.315492875604965,0.0003444385337440516,0.02658025546852434,0.009953043638553136
0.0006084,0.001600923675815556,623.15,1.0,0.4115841047967071,0.35153164517962315,5.230363512918158e-05,0.000177985113251391,3.124725734929983e-05,2.5909260938894175e-05,5.337996410561464e-06,0.00022194444444444442,1.9612255502049951,6.67389466912985,1.1716761050339746,0.9715176471919272,0.20015845784788977,8.322234469849334,0.00034377953785183897,0.026233105341422158,0.009900953273830242
0.0006162,0.001621448338326012,623.15,1.0,0.41473758269265215,0.3538487500001387,5.202332598287535e-05,0.00017744156290595836,3.145322222223454e-05,2.604088153845739e-05,5.4123406839329705e-06,0.00022194444444444442,1.9522772003187965,6.658842184835825,1.1803437681251288,0.9772350833637171,0.2031086847672589,8.328899977847248,0.00034309790660757113,0.025892633980568784,0.009848501636031052
0.000624,0.0016419730008364675,623.15,1.0,0.4178568556523308,0.3561362063832706,5.174605727534836e-05,0.00017690551378837178,3.1656551678512934e-05,2.617027174348718e-05,5.4862799351815675e-06,0.00022194444444444442,1.9434087623679657,6.643979149524763,1.1889141541936383,0.9828678376250526,0.20604631657443767,8.335490678972116,0.00034239494774434865,0.025558682859319577,0.009795732466381012
0.0006318,0.0016624976633469234,623.15,1.0,0.42094246103433197,0.3583945752097806,5.14717812413927e-05,0.00017637681423956835,3.185729557420271e-05,2.6297483500911067e-05,5.559812073447457e-06,0.00022194444444444442,1.9346192796495125,6.62930205797162,1.1973888746205368,0.9884176797482624,0.20897119487813062,8.342007812389912,0.0003416719336580049,0.025231098235962923,0.009742687077045011
0.0006395999999999999,0.0016830223258573792,623.15,1.0,0.4239949296816566,0.3606244085727769,5.1200450694963844e-05,0.00017585531514582075,3.205550298424683e-05,2.642256777457044e-05,5.632935209832196e-06,0.00022194444444444442,1.9259077967308746,6.614807446787074,1.2057695252194964,0.993886354435949,0.21188317078940805,8.348452605295172,0.00034093005739681167,0.02490972975881224,0.009689404563744666
0.0006474,0.0017035469883678353,623.15,1.0,0.4270147809033457,0.36282624317161644,5.0932019475258143e-05,0.0001753408718414946,3.2251221615254786e-05,2.6545573816880666e-05,5.705647798529933e-06,0.00022194444444444442,1.9172733722348905,6.600491952011771,1.214057660820074,0.9992755511005205,0.21478210972541886,8.354826253365298,0.00034017046862169743,0.02459443130213143,0.009635921851000576
0.0006552,0.001724071650878291,623.15,1.0,0.4300025250203542,0.36500060383561705,5.066644222041295e-05,0.0001748333430824729,3.2444498118721505e-05,2.6666549568968907e-05,5.777948549908413e-06,0.00022194444444444442,1.9087150731722125,6.586352279934863,1.2222548078531041,1.0045869194912276,0.2176678883677463,8.36112993043882,0.00033939426090282676,0.024285060442479144,0.009582273826747638
0.000663,0.0017445963133887468,623.15,1.0,0.4329586636161876,0.36714800396193564,5.0403674345227755e-05,0.00017433259091274484,3.2635378129949825e-05,2.6785541716240352e-05,5.8498364138652875e-06,0.00022194444444444442,1.900231974829818,6.5723852042681274,1.2303624654114924,1.00982207137756,0.22054039403980655,8.367364789331168,0.0003386024737178702,0.023981478352333902,0.009528493441562856
0.0006708,0.0017651209758992028,623.15,1.0,0.43588368734302574,0.36926894279386163,5.0143672236175475e-05,0.00017383848143711232,3.2823906026121025e-05,2.6902595399530468e-05,5.921310626746369e-06,0.00022194444444444442,1.8918231667628298,6.5585875902471145,1.2383820943824442,1.014982568152665,0.22339952623565787,8.37353195347726,0.0003377961083567203,0.02368355010403498,0.009474611787908618
0.0006786,0.0017856456384096587,623.15,1.0,0.4387780804758858,0.3713639113782627,4.988639284658792e-05,0.00017335088310780171,3.3010125455845566e-05,2.7017754869392003e-05,5.99237058660938e-06,0.00022194444444444442,1.8834877418891431,6.54495634477477,1.2463151393909695,1.0200699470566372,0.22624519234021526,8.379632533806241,0.00033697610497935383,0.023391143841322733,0.009420658220243485
0.0006864,0.0018061703009201143,623.15,1.0,0.4416423151365804,0.37343338531486514,4.9631794210081727e-05,0.00017286966878907151,3.319407869465467e-05,2.7131062710504004e-05,6.063015984306477e-06,0.00022194444444444442,1.8752248114974892,6.531488478866462,1.2541630008284586,1.025085688856616,0.22907731197772982,8.385667607231218,0.0003361433778005696,0.02310413167087661,0.00936666040878251
0.0006942,0.0018266949634305701,623.15,1.0,0.4444768580062592,0.3754778333318114,4.937983484388806e-05,0.00017239471330479536,3.3375807407272115e-05,2.7242560769545238e-05,6.133246637882692e-06,0.00022194444444444442,1.8670334887552522,6.518181035679431,1.2619270668001328,1.0300312554100512,0.23189581139597262,8.391638241217134,0.00033529878121729565,0.02282238850173871,0.009312644453441349
0.0007019999999999999,0.001847219625941026,623.15,1.0,0.4472821643893145,0.37749770994110515,4.913047427650536e-05,0.00017192589552220697,3.355535199476489e-05,2.7352289377148097e-05,6.2030626177726094e-06,0.00022194444444444442,1.85891290421623,6.505031153505378,1.2696086847754138,1.0349080572045668,0.2347006275767425,8.397545471979642,0.0003344431442901427,0.022545792942220668,0.009258634939216026
0.0007098,0.001867744288451482,623.15,1.0,0.4500586829221542,0.37949346138649803,4.888367262914184e-05,0.00017146309665565303,3.373275212324426e-05,2.7460287986743307e-05,6.272464136656767e-06,0.00022194444444444442,1.8508621942653474,6.492036016181473,1.2772091836695738,1.039717479165074,0.23749170451039917,8.403390321466102,0.00033357724859119667,0.022274226486408786,0.009204655025727876
0.0007176,0.0018882689509619377,623.15,1.0,0.4528068534078087,0.38146552304440057,4.863939080819477e-05,0.00017100620099823473,3.39080464928356e-05,2.7566594904978913e-05,6.341451588012497e-06,0.00022194444444444442,1.8428805070604442,6.479192875767094,1.2847298635084448,1.044460869108136,0.24026899440621238,8.409173789407639,0.000332701841962917,0.02200757379909862,0.009150726512350828
0.0007254,0.0019087936134723935,623.15,1.0,0.4555271067519129,0.3834143194421326,4.8397590510941067e-05,0.00017055509590962814,3.4081272839300667e-05,2.767124730065535e-05,6.410025538801131e-06,0.00022194444444444442,1.8349670031302598,6.466499053070296,1.2921719950223254,1.049139537652833,0.24303245737539986,8.41489685300686,0.0003318176410147536,0.02174572266224232,0.00909686990836429
0.0007332,0.0019293182759828496,623.15,1.0,0.45821986855007774,0.3853402686525855,4.815823390665974e-05,0.0001701096705724151,3.425246832467426e-05,2.7774281667121212e-05,6.478186657708863e-06,0.00022194444444444442,1.8271208464468895,6.453951901298668,1.2995368359972086,1.0537547769596902,0.2457820590434301,8.420560479512085,0.00033092531625172433,0.021488563378129523,0.00904310449459402
0.000741,0.0019498429384933054,623.15,1.0,0.460885552245883,0.38724377416316824,4.7921284244810385e-05,0.00016966981827494615,3.4421668814503835e-05,2.7875732984931008e-05,6.545935829728644e-06,0.00022194444444444442,1.8193412226098318,6.441548875096303,1.3068255997757832,1.0583078256180458,0.2485177741636531,8.426165601994356,0.0003300255266832912,0.021235989737375727,0.00898944839332251
0.0007488,0.0019703676010037613,623.15,1.0,0.46352456717194146,0.3891252345623713,4.768670514027186e-05,0.00016923543368199028,3.458890973887744e-05,2.797563572913968e-05,6.6132740098935705e-06,0.00022194444444444442,1.8116273182649039,6.429287449716937,1.3140394918798979,1.0627999100306096,0.25123958185520745,8.431713147510415,0.0003291188840875297,0.020987897764896384,0.008935918616118773
0.0007566,0.001990892263514217,623.15,1.0,0.4661373146226286,0.39098503889319597,4.7454460922433e-05,0.00016880641413775813,3.475422567939519e-05,2.8074023392336322e-05,6.680202287214677e-06,0.00022194444444444442,1.8039783316656706,6.417165160688631,1.321179691871908,1.0672322242840748,0.25394746759375625,8.437204023153937,0.0003282059736988438,0.020744186256564337,0.008882531123694807
0.0007643999999999999,0.0020114169260246726,623.15,1.0,0.46872418590110604,0.3928235644612882,4.722451680879056e-05,0.00016838266027163447,3.491765017433672e-05,2.817092826857693e-05,6.7467219059155955e-06,0.00022194444444444442,1.796393478215102,6.405179622720211,1.3282473445254788,1.071605920751677,0.2566414237797287,8.442639109265773,0.000327287364429572,0.02050475699821624,0.00882930089015793
0.0007722,0.002031941588535129,623.15,1.0,0.4712855689176092,0.3946411845985559,4.6996838318434726e-05,0.0001679640738242951,3.5079216408760514e-05,2.826638224706869e-05,6.8128341618476334e-06,0.00022194444444444442,1.7888719733676308,6.393328465227286,1.3352435892844892,1.0759221428400472,0.25932144645037253,8.448019282088149,0.0003263635817324546,0.02026951377381157,0.008776241927920087
0.00078,0.0020524662510455847,623.15,1.0,0.47382184161180957,0.396438261063714,4.6771391856728025e-05,0.00016755055976505671,3.523895653899679e-05,2.8360416045834543e-05,6.878540493318059e-06,0.00022194444444444442,1.781413050343405,6.381609396447308,1.3421695307111712,1.0801819927013925,0.26198753801571323,8.453345391038985,0.0003254351380799054,0.020038363250328876,0.008723367363616478
0.0007878,0.0020729909135560405,623.15,1.0,0.47633337500455275,0.39821514764624816,4.6548144444039746e-05,0.00016714202528173285,3.539690201299983e-05,2.845305958115234e-05,6.943842432003298e-06,0.00022194444444444442,1.774015952379605,6.370020173828782,1.3490262519781278,1.0843865463134446,0.26463970567062123,8.458618269087394,0.0003245025213567896,0.019811214493526037,0.008670689472739686
0.0007956,0.0020935155760664964,623.15,1.0,0.4788205362456906,0.39997219368013,4.632706344482749e-05,0.00016673837880223157,3.555308388267821e-05,2.854434232129685e-05,7.008741561537171e-06,0.00022194444444444442,1.766679924846927,6.3585585752104175,1.355814828123741,1.0885368680242593,0.26727796010542343,8.463838742947203,0.00032356618414422023,0.01958797850974134,0.008618219702977268
0.0008034,0.0021140402385769522,623.15,1.0,0.4812836816472219,0.40170973616902583,4.6108117186913595e-05,0.00016633953217520472,3.5707532103913396e-05,2.8634292505853324e-05,7.073239598215883e-06,0.00022194444444444442,1.7594042342035563,6.347222464931971,1.362536295331863,1.0926339775270664,0.2699023178107419,8.469007609452774,0.0003226265737390167,0.01936856914666391,0.008565968761162161
0.0008112,0.002134564901087408,623.15,1.0,0.4837231632684151,0.40342810730833156,4.589127437614087e-05,0.00016594539858089095,3.586027620518502e-05,2.8722937897623854e-05,7.137338307716979e-06,0.00022194444444444442,1.7521881506281287,6.336009731642376,1.3691916796637214,1.0966788811079504,0.2725127985617202,8.474125657654078,0.00032168410690665083,0.019152902154414602,0.008513946610885835
0.000819,0.0021550895635978635,623.15,1.0,0.48613932779264973,0.4051276332260198,4.56765041962089e-05,0.0001655558928789782,3.6011345175646195e-05,2.8810305658614237e-05,7.2010395171877705e-06,0.00022194444444444442,1.7450309512533846,6.324918299246403,1.3757819919368433,1.100672566214582,0.275109425728214,8.479193664878547,0.00032073917621435583,0.018940895302743024,0.008462162515113753
0.0008267999999999999,0.0021756142261083193,623.15,1.0,0.4885325122098132,0.4068086292171942,4.546377669246104e-05,0.00016517093291919743,3.616076704152836e-05,2.88964218866307e-05,7.2643451550534694e-06,0.00022194444444444442,1.7379319321355051,6.313946166915897,1.382308208952787,1.1046159816626597,0.27769222729608345,8.48421238229504,0.0003197921679975388,0.018732468900349703,0.008410625109166106
0.0008346,0.0021961388886187756,623.15,1.0,0.49090305025204756,0.40847140695746137,4.5253062199817984e-05,0.00016479043754863437,3.630856950732989e-05,2.8981312325590703e-05,7.327257181894998e-06,0.00022194444444444442,1.7308903910764801,6.303091349591968,1.3887713011877143,1.1085100673110488,0.2802612338826253,8.489182556208135,0.0003188434389125969,0.018527544912391832,0.008359342382511969
0.0008424,0.0022166635511292315,623.15,1.0,0.49325126907178246,0.41011627083155056,4.504433163806377e-05,0.0001644143276218235,3.645477962947115e-05,2.9065002008119023e-05,7.389777621507942e-06,0.00022194444444444442,1.7239056368534713,6.292351908874241,1.395172218303954,1.1123557387765388,0.2828164795333786,8.494104916916386,0.0003178933300996018,0.01832604735666482,0.008308321738569678
0.0008502,0.002237188213639687,623.15,1.0,0.4955774878960272,0.41174351651546803,4.483755663146424e-05,0.0001640425263852524,3.6599423690263815e-05,2.914751512310482e-05,7.451908567314809e-06,0.00022194444444444442,1.7169769931688608,6.281725965128181,1.4015118833510396,1.116153881571983,0.28535800178502324,8.498980174252884,0.00031694217314045495,0.018127902428241506,0.008257570041422548
0.000858,0.002257712876150143,623.15,1.0,0.4978820232540445,0.41335343672670805,4.463270904408492e-05,0.00016367495789752415,3.6742527709040706e-05,2.9228875573279284e-05,7.513652135917236e-06,0.00022194444444444442,1.710103784568326,6.271211650252992,1.4077912149086609,1.1199053744905032,0.2878858404241276,8.503809034613363,0.0003159902722116884,0.017933037804918447,0.008207093594133998
0.0008658,0.002278237538660599,623.15,1.0,0.500165183476789,0.41494631526089965,4.442976146872986e-05,0.00016331154866072218,3.688411691207996e-05,2.930910640400273e-05,7.575010508233046e-06,0.00022194444444444442,1.7032853517363165,6.260807157359084,1.4140111036223288,1.123611065199042,0.29040003842926027,8.508592182911938,0.0003150379251048452,0.017741383298198098,0.008156898222893809
0.0008736,0.002298762201171055,623.15,1.0,0.5024272715627512,0.41652243014499873,4.422868697219988e-05,0.00016295222675401694,3.7024216012888766e-05,2.9388230109090362e-05,7.635985903954217e-06,0.00022194444444444442,1.6965210438642535,6.250510715059081,1.4201724242440799,1.127271782979566,0.2929006412704905,8.513330291840504,0.000314085413972249,0.017552870457471028,0.008106989276006166
0.0008814,0.0023192868636815103,623.15,1.0,0.504668587292976,0.41808205592753206,4.402945890729101e-05,0.0001625969212073584,3.716284941578062e-05,2.9466268849965198e-05,7.696580565971234e-06,0.00022194444444444442,1.6898102129891854,6.2403205689019705,1.4262760443818738,1.130888347871815,0.29538769651603886,8.518024028597093,0.0003131329991903891,0.01736743228318819,0.008057371624811887
0.0008891999999999999,0.002339811526191966,623.15,1.0,0.5068894217510881,0.4196254578410262,4.383205139990327e-05,0.00016224556358994825,3.730004069698009e-05,2.9543243904976414e-05,7.756796792159494e-06,0.00022194444444444442,1.6831522293633934,6.2302350298244145,1.432322801451312,1.1344615470449388,0.29786125441235645,8.522674037161558,0.0003121809391416521,0.01718500385190294,0.00800804975189151
0.000897,0.0023603361887024224,623.15,1.0,0.5090900627177432,0.42115289759762575,4.3636438869533935e-05,0.00016189808642908215,3.7435813119788945e-05,2.9619176220224785e-05,7.816636899719978e-06,0.00022194444444444442,1.6765464667172578,6.220252426704544,1.4383135251325352,1.137992158057697,0.30032136708082474,8.527280955565114,0.0003112294727534704,0.017005521634256178,0.007959027712616964
0.0009048,0.0023808608512128782,623.15,1.0,0.5112707935446227,0.4226646321962624,4.344259612936686e-05,0.00016155442353417844,3.757018952855665e-05,2.969408629759311e-05,7.876103231119356e-06,0.00022194444444444442,1.6699923055368637,6.210371116498319,1.444249032525894,1.141480943939407,0.3027680885924772,8.53184541216501,0.00031027882442761254,0.01682892360301627,0.007910309169452488
0.0009126,0.0024013855137233336,623.15,1.0,0.513431889913574,0.42416091053777427,4.325049867434897e-05,0.0001612145109122143,3.770319204780215e-05,2.976799388106622e-05,7.935198166891746e-06,0.00022194444444444442,1.6634891423045883,6.200589512357798,1.4501301146601788,1.1449286396022917,0.30520147506388007,8.53636801526924,0.00030932921547799575,0.01665514957647566,0.00786189745536054
0.0009204,0.00242191017623379,623.15,1.0,0.5155736245625758,0.4256419784326799,4.3060122261104355e-05,0.00016087828540727023,3.783484252734932e-05,2.984091842691595e-05,7.993924100589188e-06,0.00022194444444444442,1.6570363764902012,6.190906042735944,1.4559575559595355,1.1483359717708406,0.30762158419469093,8.54084936810676,0.00030838084950000324,0.016484140637580615,0.007813795534710313
0.0009282,0.0024424348387442458,623.15,1.0,0.517696266474911,0.42710807774081294,4.28714429800079e-05,0.0001605456849343638,3.796516246585003e-05,2.9912879022820933e-05,8.052283443184924e-06,0.00022194444444444442,1.6506334129426203,6.1813191587695595,1.4617321307134492,1.1517036554007198,0.3100284753187292,8.545290066112898,0.0003074339161112082,0.01631583920594556,0.007766006031286427
0.000936,0.0024629595012547016,623.15,1.0,0.5198000757967474,0.42855944112475547,4.268443770695578e-05,0.0001602166498931253,3.80941725444227e-05,2.9983893906914135e-05,8.110278637664384e-06,0.00022194444444444442,1.6442796763661418,6.171827377541057,1.4674545822252223,1.1550323728739984,0.31242220935722637,8.549690680894326,0.00030648860757517653,0.01615018957879101,0.00771853131738644
0.0009438,0.002483484163765157,623.15,1.0,0.5218853111672455,0.4299962996912423,4.2499083451800396e-05,0.00015989112110241868,3.82218933058882e-05,3.0053981174689746e-05,8.16791213135427e-06,0.00022194444444444442,1.637974590879026,6.162429219678343,1.473125652729384,1.1583228041783324,0.3148028485570569,8.554051783235833,0.0003055450965239234,0.01598713707506208,0.0076713734320555645
0.0009515999999999999,0.002504008826275613,623.15,1.0,0.5239522281350335,0.4314188813271048,4.231535749910812e-05,0.00015956904025124873,3.8348345006853753e-05,3.0123158623928584e-05,8.22518638308099e-06,0.00022194444444444442,1.6317175845629428,6.153123223295051,1.4787460767143148,1.161575620158216,0.31717045656210746,8.558373937965339,0.00030460354200518674,0.015826628196837778,0.007624534117242778
0.0009594,0.002524533488786069,623.15,1.0,0.526001073376231,0.432827404805972,4.213323792211278e-05,0.00015925035148020241,3.8473547093864165e-05,3.0191443220954075e-05,8.282103873065912e-06,0.00022194444444444442,1.625508106001796,6.143907992384446,1.4843165574724482,1.1647914593764712,0.3195250981019885,8.562657685920824,0.0003036641074919812,0.015668611232813483,0.007578014918755796
0.0009672,0.002545058151296525,623.15,1.0,0.5280320912341427,0.4342220865160018,4.195270300140952e-05,0.00015893499957067285,3.859751880142237e-05,3.0258851715367224e-05,8.338667086210968e-06,0.00022194444444444442,1.6193456059352898,6.1347821420576665,1.4898377935025564,1.1679709544407932,0.32186683906777774,8.56690356425389,0.0003027269417732163,0.015513035512986557,0.007531817107966415
0.000975,0.0025655828138069804,623.15,1.0,0.5300455239164861,0.4356031406528103,4.177373120742345e-05,0.0001586229298937937,3.872027916913868e-05,3.032540065681377e-05,8.394878512480733e-06,0.00022194444444444442,1.6132295367879836,6.125744297197072,1.4953104791661664,1.171114732643465,0.3241957465287189,8.571112106934565,0.0003017921792606847,0.015359851371405359,0.007485941691573951
0.0009828,0.0025861074763174367,623.15,1.0,0.5320416067344775,0.4369707744047936,4.159630162360198e-05,0.00015831408969913218,3.884184661375942e-05,3.039110596223378e-05,8.45074065168146e-06,0.00022194444444444442,1.6071593663569883,6.116793131961335,1.5007352854775098,1.1742233971454263,0.32651188833810385,8.575283829978611,0.0003008599545416206,0.015209010631120314,0.007440389497764742
0.0009906,0.002606632138827892,623.15,1.0,0.5340205704267686,0.43832519033554035,4.142039373984278e-05,0.00015800842747418144,3.896223914093691e-05,3.0455983132829557e-05,8.506256008263174e-06,0.00022194444444444442,1.6011345713587593,6.107927350569541,1.5061128693736625,1.1772975362082532,0.32881533317143263,8.579419238576325,0.00029993039609041373,0.015060466327436519,0.00739516115572483
0.0009984,0.0026271568013383484,623.15,1.0,0.5359826438363012,0.4396665891020288,4.1245987214550995e-05,0.00015770589221583288,3.9081474586846995e-05,3.052004749935794e-05,8.561427087644872e-06,0.00022194444444444442,1.5951546299009285,6.099145665302296,1.5114438843779558,1.1803377337086014,0.3311061506753805,8.58351883529281,0.00029900361915355145,0.01491417240538248,0.007350257066597724
0.0010062,0.0026476814638488042,623.15,1.0,0.5379280521136043,0.4409951676344957,4.107306203434627e-05,0.00015740643391782717,3.919957045639961e-05,3.0583314058258446e-05,8.616256398296986e-06,0.00022194444444444442,1.5892190267113535,6.090446811582008,1.5167289732654585,1.1833445619571696,0.33338441131431834,8.587583114427664,0.0002980797316475995,0.01477008389128432,0.0073056774426432545
0.001014,0.0026682061263592597,623.15,1.0,0.5398570132517123,0.4423111157122713,4.090159882207e-05,0.00015711000448022765,3.931654361886855e-05,3.064579717092006e-05,8.670746448104313e-06,0.00022194444444444442,1.583327263238771,6.081829575984298,1.521968754299185,1.186318568510854,0.33565018579436295,8.5916125514305,0.000297158844165196,0.01462815722226588,0.007261422375826048
0.0010218,0.002688730788869716,623.15,1.0,0.5417697439611927,0.4436146218412122,4.0731578314560635e-05,0.00015681655614189135,3.9432410830329965e-05,3.070751108633353e-05,8.724899744152262e-06,0.00022194444444444442,1.57747884090297,6.0732927486061925,1.5271638444808846,1.1892602987635306,0.33790354572338877,8.595607620781008,0.00029624105413452996,0.014488349621516848,0.007217491754666363
0.0010295999999999999,0.0027092554513801713,623.15,1.0,0.5436664586077323,0.44490587218058514,4.056298145709045e-05,0.0001565260417675845,3.9547188638274224e-05,3.0768469844751864e-05,8.778718793678185e-06,0.00022194444444444442,1.5716732642169127,6.064835132004576,1.5323148551954788,1.1921702916985109,0.3401445635030058,8.599568792639486,0.0002953264494861995,0.014350619194199738,0.007173885290561341
0.0010374,0.002729780113890627,623.15,1.0,0.5455473643529469,0.44618504576962736,4.039578983529359e-05,0.00015623841611327744,3.96608929573002e-05,3.082868686100696e-05,8.832206096449066e-06,0.00022194444444444442,1.5659100549433609,6.056455580092455,1.5374223730515486,1.1950490616270484,0.3423733114305407,8.603496518113019,0.0002944151221218542,0.014214925391500837,0.007130602609432852
0.0010452,0.0027503047764010835,623.15,1.0,0.5474126662510092,0.44745231957190423,4.022998522213251e-05,0.000155953634485629,3.977353951750259e-05,3.088817536825065e-05,8.88536414940776e-06,0.00022194444444444442,1.560188737498452,6.048152957375878,1.542486979873859,1.1978971174195037,0.3445898624603984,8.607391244629886,0.00029350715462498803,0.01408122847938295,0.00708764317709173
0.001053,0.002770829438911539,623.15,1.0,0.5492625675813155,0.4487078688000467,4.0065549548327495e-05,0.00015567165265609447,3.9885143893337473e-05,3.0946948446115406e-05,8.938195447377893e-06,0.00022194444444444442,1.5545088380592598,6.039926136475319,1.5475092539207826,1.2007149636727965,0.34679429025403175,8.611253416875785,0.00029260261994023244,0.013949489492674544,0.007045006301874576
0.0010608,0.002791354101421995,623.15,1.0,0.5510972664407121,0.4499518635900138,3.990246520527002e-05,0.00015539242774049696,3.999572120800122e-05,3.1005018732385426e-05,8.990702475771619e-06,0.00022194444444444442,1.54886989454809,6.031774025235104,1.5524897564882782,1.203503088028478,0.34898666846584886,8.615083466492175,0.00029170159074594246,0.013819670550911564,0.007002691201711012
0.0010686,0.002811878763932451,623.15,1.0,0.5529169567107629,0.45118446996700956,3.9740714959043285e-05,0.00015511591794156967,4.010528621928973e-05,3.10623985087357e-05,9.042887710709847e-06,0.00022194444444444442,1.543271453949053,6.023695559051694,1.5574290356495437,1.2062619648168378,0.3511670708387572,8.618881814952088,0.0002908041372412473,0.01369173474212705,0.006960696996859496
0.0010764,0.0028324034264429064,623.15,1.0,0.5547218308817079,0.45240585260636745,3.958028169940373e-05,0.0001548420818183264,4.021385356501043e-05,3.111909994053757e-05,9.094753624628697e-06,0.00022194444444444442,1.5377130641795551,6.015689678640843,1.5623276372197141,1.2089920654807953,0.35333557174497304,8.622648881992093,0.00028991032024601053,0.013565645834669083,0.006919022668830656
0.0010842,0.0028529280889533627,623.15,1.0,0.5565120785673151,0.4536161733819642,3.94211485717942e-05,0.0001545708786701682,4.032143763395236e-05,3.117513495081189e-05,9.1463026832963e-06,0.00022194444444444442,1.5321942784826825,6.00775534196196,1.567186098863235,1.2116938529978876,0.3554922458714037,8.626385081080805,0.00028902019552940465,0.013441368407322522,0.006877667093298641
0.001092,0.0028734527514638186,623.15,1.0,0.558287883403386,0.45481558839890995,3.926329925303235e-05,0.00015430226931623822,4.042805230212532e-05,3.123051496839596e-05,9.19753733388519e-06,0.00022194444444444442,1.5267146646049912,5.999891548307313,1.5720049380798133,1.2143677707301535,0.3576371673557191,8.630090810179983,0.0002881338218364091,0.013318868122016832,0.006836629103244072
0.0010998,0.002893977413974274,623.15,1.0,0.5600494279111522,0.4560042526919679,3.910671751900868e-05,0.00015403621485717461,4.053371135039714e-05,3.128525133091593e-05,9.248460019637041e-06,0.00022194444444444442,1.5212737906683047,5.992097300471961,1.5767846709686373,1.2170142600452023,0.35977041092949685,8.633766466174372,0.000287251249041156,0.013198111249658652,0.0067959074096992245
0.0011076,0.0029145020764847302,623.15,1.0,0.5617968928255853,0.4571823195691717,3.89513873043924e-05,0.0001537726768487851,4.063842840614859e-05,3.133935522780254e-05,9.299073178501872e-06,0.00022194444444444442,1.5158712271863557,5.984371610204831,1.5815258095314777,1.2196337577696763,0.3618920517678656,8.637412442797768,0.00028637252030550264,0.013079064723340049,0.006755500619592791
0.0011154,0.0029350267389951857,623.15,1.0,0.5635304530613156,0.45834993677363217,3.879729306121639e-05,0.00015351161830815294,4.0742216602100626e-05,3.139283737653062e-05,9.349379225725842e-06,0.00022194444444444442,1.5105065590061473,5.9767135292722715,1.5862288461418932,1.2222266818523275,0.36400216429563276,8.641029118689703,0.0002854976821768588,0.01296169649307133,0.006715407315714073
0.0011232,0.002955551401505642,623.15,1.0,0.5652502816227651,0.45950725022708755,3.864441941130976e-05,0.00015325300273016435,4.084508890907444e-05,3.1445708340571604e-05,9.399380568658661e-06,0.00022194444444444442,1.5051793739120058,5.969122119402687,1.5908942685149576,1.2247934452970195,0.36610082322400744,8.644616868907292,0.0002846267753597489,0.012845975150289977,0.006675625992145811
0.001131,0.002976076064016098,623.15,1.0,0.5669565499936088,0.4606544044016385,3.8492751111679205e-05,0.00015299679398995456,4.094705816903452e-05,3.149797856086123e-05,9.449079608329127e-06,0.00022194444444444442,1.4998892615355437,5.961596449396727,1.5955225611445505,1.227334457504604,0.3681881036460185,8.648176066030533,0.0002837598341365138,0.012731869881933741,0.006636155052524584
0.0011388,0.002996600726526553,623.15,1.0,0.5686494258502769,0.4617915401555911,3.8342273257753156e-05,0.0001527429569091419,4.10481369027192e-05,3.1549658174304526e-05,9.4984787285705e-06,0.00022194444444444442,1.4946358201691072,5.954135612676189,1.6001141965051222,1.2298501161996547,0.3702640803115416,8.651707073396361,0.00028289689212685767,0.012619350663722802,0.006596992857751725
0.0011466,0.0030171253890370095,623.15,1.0,0.5703290729907663,0.4629187946825215,3.8192971289709655e-05,0.00015249145726761016,4.114833730511301e-05,3.160075701104866e-05,9.547580294220188e-06,0.00022194444444444442,1.4894186570706949,5.94673872780019,1.604669634755178,1.2323408072336766,0.37232882752757845,8.655210244870657,0.0002820379826563796,0.012508388249981009,0.006558137733206607
0.0011543999999999999,0.003037650051547465,623.15,1.0,0.5719956537671705,0.46403630381852357,3.8044830776251494e-05,0.0001522422611993787,4.124767145053542e-05,3.16512847884353e-05,9.596386662255949e-06,0.00022194444444444442,1.484237381343923,5.939404919984435,1.6091893329827354,1.2348069131084891,0.37438241988032556,8.658685931958063,0.0002811831332834374,0.01239895394450515,0.006519587928608412
0.0011622,0.0030581747140579207,623.15,1.0,0.5736493299218693,0.46514420280809243,3.789783734027827e-05,0.0001519953349946163,4.1346151360719314e-05,3.170125117282988e-05,9.644900188045273e-06,0.00022194444444444442,1.4790916014922422,5.932133315100828,1.6136737482555763,1.2372488156915096,0.3764249325701487,8.662134486147668,0.0002803323643148504,0.012291019520526525,0.006481341606365531
0.00117,0.003078699376568377,623.15,1.0,0.5752902563275487,0.46624262046808274,3.775197721532899e-05,0.00015175064661823568,4.144378848605179e-05,3.175066529854554e-05,9.693123187662077e-06,0.00022194444444444442,1.4739809440862457,5.92492308660385,1.6181233139327358,1.2396668748018238,0.3784564391369963,8.665556240696322,0.00027948570326278454,0.012184557750789488,0.006443396965076632
0.0011778,0.0030992240390788324,623.15,1.0,0.5769185869828767,0.46733168479804554,3.760723671263318e-05,0.00015150816424805584,4.1540594204270706e-05,3.1799536232287555e-05,9.741057972138978e-06,0.00022194444444444442,1.4689050360367604,5.917773410613112,1.6225384622878944,1.2420614487623185,0.3804770135316627,8.668951528026225,0.00027864317140275703,0.012079541873055818,0.006405752130712621
0.0011856,0.0031197487015892887,623.15,1.0,0.5785344745512069,0.46841152255700597,3.746360226211493e-05,0.0001512678563842771,4.163657978284496e-05,3.1847872938917815e-05,9.788706844082972e-06,0.00022194444444444442,1.4638635060110006,5.9106834693625565,1.6269196227522982,1.244432892842836,0.38248672991555094,8.67232067837373,0.00027780478505571725,0.01197594562154322,0.006368405169352496
0.0011934,0.0031402733640997446,623.15,1.0,0.5801380700233776,0.46948225893307405,3.732106044236643e-05,0.00015102969193697916,4.173175634960657e-05,3.1895684252692544e-05,9.836072097069861e-06,0.00022194444444444442,1.4588559854736494,5.903652454001194,1.6312672205273289,1.246781557953709,0.38448566257971156,8.675664018722381,0.00027697055672410044,0.011873743248551323,0.006331354097190039
0.0012012,0.0031607980266102,623.15,1.0,0.5817295187436469,0.4705440138889373,3.717959833389804e-05,0.00015079364117225172,4.182613456790553e-05,3.194297858082207e-05,9.88315598723929e-06,0.00022194444444444442,1.453882120633986,5.896679593919866,1.6355816616788441,1.2491077773723356,0.3864738843126023,8.678981861340343,0.00027614050396323515,0.01177290984557509,0.006294596961499361
0.001209,0.0031813226891206563,623.15,1.0,0.5833089652248988,0.4715969066185373,3.7039203091120095e-05,0.00015055967455561634,4.191972503275886e-05,3.198976426775078e-05,9.929960765163908e-06,0.00022194444444444442,1.4489415581307041,5.889764121155378,1.6398633511620595,1.2514118829263137,0.38845146824184146,8.682274517641677,0.00027531463897075134,0.0116734209261771,0.006258131751621592
0.0012168,0.003201847351631112,623.15,1.0,0.584876552464466,0.47264105492132064,3.6899862003158564e-05,0.00015032776291369932,4.201253821522849e-05,3.2036049544728525e-05,9.976488670655804e-06,0.00022194444444444442,1.4440339471196195,5.88290527545469,1.6441126902387118,1.2536942027109517,0.3904184875338587,8.685542296200142,0.0002744929702915625,0.011575252475411099,0.006221956415568746
0.0012246,0.0032223720141415675,623.15,1.0,0.5864324219268536,0.4736765751743793,3.6761562495390783e-05,0.00015009787744260184,4.210458445994481e-05,3.208184252639337e-05,1.0022741933707271e-05,0.00022194444444444442,1.4391589393617368,5.876102304623941,1.6483300763192084,1.2559550609102512,0.39237501541505754,8.688785502627779,0.00027367550316305226,0.011478380944269959,0.006186068863414896
0.0012324,0.003242896676652024,623.15,1.0,0.5879767098436541,0.4747035789620814,3.6624292458341846e-05,0.00014986999057735667,4.219587368551833e-05,3.2127150940491476e-05,1.0068722745182686e-05,0.00022194444444444442,1.4343162004021612,5.869354491523034,1.652515889176643,1.2581947656497805,0.39432112353296483,8.692004428973389,0.0002728622475219523,0.011382783540223923,0.006150467043307256
0.0012402,0.003263421339162479,623.15,1.0,0.5895095521045349,0.4757221775557098,3.648803981293022e-05,0.00014964407483392266,4.2286415782729746e-05,3.2171982489502685e-05,1.0114433293382892e-05,0.00022194444444444442,1.4295053949397196,5.862661118344045,1.6566705091309168,1.260413625134032,0.39625688400298964,8.695199367706271,0.0002720532077418544,0.011288437817594433,0.006115148848862966
0.001248,0.003283946001672935,623.15,1.0,0.5910310828027154,0.4767324805886738,3.635279263975862e-05,0.0001494201031509293,4.237622049677099e-05,3.221634474441356e-05,1.0159875752513258e-05,0.00022194444444444442,1.424726191237028,5.856021477250692,1.6607943116137418,1.262611942860414,0.3981823687594352,8.698370607536662,0.00027124838590460604,0.011195321788657932,0.006080112150553125
0.0012558,0.0033044706641833913,623.15,1.0,0.5925414345317227,0.4777345963197454,3.6218539152735753e-05,0.00014919804882246,4.2465297450644025e-05,3.2260245165136774e-05,1.0205052285663081e-05,0.00022194444444444442,1.4199782602646611,5.84943486838,1.6648876681993987,1.264790018507475,0.4000976496980331,8.701518434208403,0.0002704477814176038,0.011103413892725912,0.0060453547925026704
0.0012636,0.0033249953266938467,623.15,1.0,0.5940407351768345,0.4787286287374258,3.608526798428137e-05,0.00014897788624240583,4.255365588777117e-05,3.2303690870936664e-05,1.0249965016990328e-05,0.00022194444444444442,1.4152612854453268,5.842900622996547,1.6689509347237979,1.2669481375763925,0.40200279715351694,8.704643121362393,0.00026965139776173445,0.011012693240434029,0.006010874659042929
0.0012714,0.003345519989204303,623.15,1.0,0.5955291123861,0.47971468161687164,3.595296778790222e-05,0.00014875958985942643,4.2641305032610804e-05,3.234668896423679e-05,1.0294616068529844e-05,0.00022194444444444442,1.410574949209602,5.836418071194929,1.6729844678036714,1.2690865858973743,0.40389788191241077,8.707744943239982,0.00026885923337720757,0.010923139250031294,0.005976669588711622
0.0012791999999999999,0.0033660446517147584,623.15,1.0,0.5970066926201263,0.4806928576562225,3.582162732265543e-05,0.00014854313439957071,4.272825401388643e-05,3.2389246461541264e-05,1.0339007552500999e-05,0.00022194444444444442,1.4059189358927795,5.829986548856247,1.6769886212781486,1.2712056465056056,0.405782974778659,8.710824171946536,0.0002680712838289034,0.010834731717225475,0.005942737395380136
0.001287,0.0033865693142252143,623.15,1.0,0.5984735996027355,0.48166325708359287,3.569123559086795e-05,0.00014832849522384873,4.28145117407638e-05,3.24313701835085e-05,1.038314155741112e-05,0.00022194444444444442,1.4012929364689186,5.823605408814269,1.6809637404665403,1.2733055946594085,0.40765814581324955,8.713881073035585,0.00026728754510529045,0.010747450928246943,0.005909075901562037
0.0012948,0.0034070939767356706,623.15,1.0,0.5999299537824158,0.48262597718390415,3.556178188600748e-05,0.00014811564844859852,4.290008686079147e-05,3.2473066718703376e-05,1.0427020142243915e-05,0.00022194444444444442,1.3966966502441527,5.817274024682559,1.684910160174701,1.2753866961602889,0.4095234640205318,8.71691590397574,0.0002665080147889015,0.010661277691226852,0.00587568295168717
0.0013026,0.003427618639246126,623.15,1.0,0.601375875199237,0.4835811148777876,3.5433255537845595e-05,0.00014790457028337963,4.298498798913666e-05,3.251434262723189e-05,1.0470645362060602e-05,0.00022194444444444442,1.392129776201878,5.8109917703699505,1.6888282152183993,1.2774492165037925,0.41137899872072936,8.719928922243222,0.00026573268641633926,0.010576193107811572,0.005842556356844278
0.0013104,0.003448143301756582,623.15,1.0,0.602811482991417,0.48452876627190405,3.530564595631848e-05,0.00014769523714699867,4.3069223668613684e-05,3.255520440465881e-05,1.05140192641107e-05,0.00022194444444444442,1.3875920145218554,5.804758023735006,1.6927182385549482,1.2794934192372946,0.41322481932377764,8.72292038388509,0.0002649615506699929,0.010492178606729997,0.005809693906533855
0.0013182,0.003468667964267038,623.15,1.0,0.60423689289788,0.48546902443760614,3.517894285352177e-05,0.00014748762623532352,4.3152802172231644e-05,3.2595658309098025e-05,1.0557143863289444e-05,0.00022194444444444442,1.3830830742226612,5.7985721842955495,1.6965805521275776,1.2815195581110395,0.4150609940226648,8.72589053647848,0.00026419460040343073,0.010409216125265549,0.0057770934210593945
0.001326,0.0034891926267774935,623.15,1.0,0.6056522184529234,0.4864019804826854,3.5053136137517917e-05,0.0001472817152464103,4.323573159846091e-05,3.263571044555271e-05,1.060002115306403e-05,0.00022194444444444442,1.378602669578215,5.792433664771001,1.700415471213982,1.283527880852444,0.41688759036766654,8.728839622474664,0.0002634318283818659,0.010327288010071642,0.005744752729463971
0.0013338,0.00350971728928795,623.15,1.0,0.6070575726457673,0.4873277250325155,3.492821576482068e-05,0.00014707748200139015,4.3318020002890255e-05,3.2675366881714165e-05,1.0642653121331922e-05,0.00022194444444444442,1.3741505150938316,5.786341879348833,1.704223310478114,1.285518634381866,0.41870467610237855,8.731767883852953,0.00026267322414793426,0.010246376886699651,0.005712669637804702
0.0013416,0.0035302419517984057,623.15,1.0,0.6084530676470448,0.4882463479787134,3.480417176470712e-05,0.00014687490450952223,4.3399675375885624e-05,3.271463362759135e-05,1.0685041748450107e-05,0.00022194444444444442,1.3697263263593753,5.780296245756816,1.7080043829137075,1.2874920638781842,0.42051231904165626,8.734675561308233,0.0002619187747420948,0.010166465676149736,0.005680841936237169
0.0013494,0.003550766614308861,623.15,1.0,0.6098388119751456,0.48915793598228446,3.468099449109816e-05,0.0001466739616040837,4.34807054206475e-05,3.275351644350613e-05,1.0727188977297197e-05,0.00022194444444444442,1.3653298287534756,5.774296205113131,1.7117589895321708,1.2894484040348047,0.422310585503501,8.737562886320893,0.00026116847020443565,0.010087537796232357,0.005649267458305816
0.0013572,0.0035712912768193173,623.15,1.0,0.6112149127311468,0.490062574452555,3.455867442389805e-05,0.00014647463243740985,4.356111772911599e-05,3.2792020993243006e-05,1.0769096736028813e-05,0.00022194444444444442,1.3609607506550192,5.768341206284325,1.7154874274631482,1.291387885977406,0.42409954149187906,8.740430087386194,0.00026042229939007074,0.010009576989670723,0.005617944037195828
0.001365,0.0035918159393297728,623.15,1.0,0.6125814759576643,0.4909603478702077,3.44372021370965e-05,0.00014627689639793486,4.364091981068512e-05,3.2830152869579716e-05,1.0810766941261238e-05,0.00022194444444444442,1.3566188223759628,5.762430703347154,1.7191899912565642,1.2933107383998181,0.42587925286288514,8.743277391015587,0.0002596802493670634,0.00993256729235067,0.005586869499973374
0.0013728,0.0036123406018402286,623.15,1.0,0.6139386081365236,0.49185134108898815,3.4316568165642336e-05,0.00014608073278048932,4.3720119207910045e-05,3.28679176925754e-05,1.0852201515490472e-05,0.00022194444444444442,1.352303771579867,5.7565641453619625,1.7228669782304114,1.2952171920310782,0.42764978620547384,8.746105025849182,0.00025894230280880127,0.009856492922562897,0.005556041638276044
0.0013806,0.003632865264350685,623.15,1.0,0.6152864110950318,0.4927356348837653,3.419676345821939e-05,0.00014588612191643595,4.379872310077913e-05,3.290532077089062e-05,1.089340233004434e-05,0.00022194444444444442,1.3480153389588492,5.750741011641229,1.7265186700722879,1.2971074641819749,0.4294112058964557,8.748913208507178,0.0002582084475239682,0.009781338639552578,0.005525458313856902
0.0013884,0.0036533899268611403,623.15,1.0,0.616624985242058,0.49361330878743753,3.407777908959484e-05,0.0001456930444526437,4.3876738558883326e-05,3.2942367318474476e-05,1.0934371240564686e-05,0.00022194444444444442,1.3437532683427382,5.744960789355579,1.7301453444987485,1.2989817685819554,0.4311635759229381,8.751702152556014,0.00025747867051723955,0.009707089504190322,0.0054951173938354156
0.0013962,0.0036739145893715966,623.15,1.0,0.6179544309864712,0.4944844423329034,3.3959606134535885e-05,0.0001455014810359815,4.395417265181362e-05,3.29790625492761e-05,1.0975110102693355e-05,0.00022194444444444442,1.339517302358794,5.739222963729194,1.7337472803635838,1.3008403196821114,0.4329069606876189,8.75447207243667,0.0002567529554620649,0.009633730774295053,0.005465016722922196
0.0014039999999999999,0.003694439251882052,623.15,1.0,0.6192748469179871,0.495349113468414,3.3842235829512255e-05,0.00014531141271504578,4.403103230830345e-05,3.301541155723214e-05,1.1015620751227144e-05,0.00022194444444444442,1.3353071880547702,5.733527030610213,1.737324751087428,1.3026833271610705,0.4346414239325064,8.757223178411984,0.00025603128613020415,0.009561248028643223,0.005435154161878303
0.0014118,0.003714963914392508,623.15,1.0,0.6205863317470905,0.49620740023544013,3.372565940025861e-05,0.00014512282051602342,4.410732446537245e-05,3.3051419442116496e-05,1.1055905023411791e-05,0.00022194444444444442,1.3311226709374588,5.727872483281535,1.7408780315738315,1.3045110016656045,0.43636702991437804,8.759955681885167,0.0002553136430158968,0.00948962702783878,0.005405527548772694
0.0014196,0.003735488576902964,623.15,1.0,0.6218889793885125,0.49705937651563403,3.3609868498798875e-05,0.00014493568651785868,4.418305569027857e-05,3.3087090990468995e-05,1.109596469996541e-05,0.00022194444444444442,1.3269635101847512,5.7222588460781285,1.7444073805750133,1.3063235401853492,0.43808384039581666,8.762669781838914,0.0002546000122257246,0.009418854048939558,0.005376134801163443
0.0014274,0.0037560132394134195,623.15,1.0,0.6231828836319727,0.49790511608218385,3.3494854788269085e-05,0.00014474999282694854,4.4258232540638555e-05,3.312243098065918e-05,1.1135801560135211e-05,0.00022194444444444442,1.3228294642637992,5.716685642432552,1.747913057425768,1.308121139984924,0.4397919174469985,8.76536567770393,0.00025389037713840085,0.009348915555905262,0.00534697382121526
0.0014352,0.0037765379019238754,623.15,1.0,0.6244681377152332,0.49874469223315626,3.3380609980868146e-05,0.0001445657216695593,4.43328615318361e-05,3.3157444155653325e-05,1.1175417376338607e-05,0.00022194444444444442,1.3187202922663417,5.711152397785444,1.7513953205101283,1.309903997344834,0.4414913231714504,8.768043568179776,0.0002531847192449801,0.009279798225869301,0.0053180425054908985
0.001443,0.0037970625644343317,623.15,1.0,0.6257448343241719,0.4995781777820683,3.3267125837851375e-05,0.0001443828553951851,4.440694913618384e-05,3.319213522133204e-05,1.1214813915007635e-05,0.00022194444444444442,1.3146357539205804,5.705658639728001,1.7548544272056186,1.3116723074790277,0.44318211973274907,8.770703651191994,0.00025248301829213106,0.009211488946588705,0.005289338745817838
0.0014508,0.003817587226944787,623.15,1.0,0.6270130635988037,0.5004056433482231,3.315439434677299e-05,0.00014420137690718626,4.448050163095315e-05,3.322650871979228e-05,1.1253992911316706e-05,0.00022194444444444442,1.310575615798177,5.700203911505783,1.758290626764903,1.3134262586975503,0.44486436807351276,8.773346118418045,0.0002517852558328687,0.00914397494640991,0.005260860471336454
0.0014586,0.0038381118894552434,623.15,1.0,0.6282729132413425,0.5012271574553462,3.3042407711880655e-05,0.00014402126963732368,4.4553525107141876e-05,3.326056903727739e-05,1.1292956070020319e-05,0.00022194444444444442,1.3065396510195386,5.694787771282234,1.7617041606881814,1.3151660327419372,0.4465381279524059,8.775971155573675,0.00025109141507443955,0.009077243780512577,0.005232605647177489
0.0014664,0.003858636551965699,623.15,1.0,0.6295244709540023,0.5020427886271637,3.293115813742201e-05,0.00014384251701735835,4.4626025655747874e-05,3.329432056003074e-05,1.133170509587297e-05,0.00022194444444444442,1.302527631713747,5.689409775645121,1.7650952714027022,1.3168918119309754,0.44820345947789025,8.778578949087535,0.00025040147668341917,0.009011283163414876,0.005204572225057635
0.0014742,0.0038791612144761546,623.15,1.0,0.6307678234095169,0.5028526045074642,3.2820637919154045e-05,0.00014366510270040839,4.4698009289552354e-05,3.332776760937174e-05,1.1370241680336454e-05,0.00022194444444444442,1.2985393322321317,5.684069486558517,1.7684641985915726,1.3186037761625786,0.4498604224351594,8.781169683278016,0.0002497154206360003,0.00894608103450278,0.00517675816533583
0.001482,0.003899685876986611,623.15,1.0,0.6320030572274795,0.5036566726844607,3.2710839357557366e-05,0.0001434890103546285,4.4769482016396494e-05,3.336091450146333e-05,1.1408567515088996e-05,0.00022194444444444442,1.2945745261230648,5.67876646493922,1.7718111826060903,1.3203021056622921,0.4515090769499655,8.783743542977339,0.0002490332246700465,0.008881625491271692,0.005149161417552057
0.0014898,0.003920210539497066,623.15,1.0,0.6332302553251048,0.5044550575890212,3.2601755082212896e-05,0.00014331422444168476,4.484044956346854e-05,3.3393765320262964e-05,1.1446684243361415e-05,0.00022194444444444442,1.2906329975233988,5.673500295075459,1.7751364515332708,1.3219869704928318,0.45314948104660835,8.786300703586402,0.00024835487052661797,0.008817905023557282,0.005121779996581141
0.0014976,0.003940735202007523,623.15,1.0,0.6344494997997118,0.5052478229531393,3.2493377795581164e-05,0.00014314072959885232,4.491091759583459e-05,3.342632409836333e-05,1.1484593497627099e-05,0.00022194444444444442,1.2867145322144835,5.6682705653234455,1.7784402313971235,1.3236585388707824,0.45478169253251216,8.788841338919624,0.0002476803390854055,0.008754908319722424,0.005094611923780052
0.0015054,0.003961259864517978,623.15,1.0,0.635660872703531,0.5060350324706693,3.238570020413057e-05,0.0001429685104729589,4.4980891775170594e-05,3.3458594865584746e-05,1.152229690974169e-05,0.00022194444444444442,1.2828189152205893,5.663076862924609,1.7817227488976615,1.3253169793994541,0.45640576950438055,8.79136562331128,0.00024700960911022593,0.008692624213711512,0.005067655211678355
0.0015132,0.003981784527028434,623.15,1.0,0.6368644546861753,0.5068167486441757,3.227871513900663e-05,0.00014279755200972502,4.505037765726005e-05,3.3490581564639714e-05,1.1559796092776174e-05,0.00022194444444444442,1.278945935060711,5.657918783104286,1.7849842265895024,1.326962457162826,0.4580217694328512,8.793873727907794,0.00024634265960268284,0.008631041769827364,0.005040907892666439
0.001521,0.00400230918953889,623.15,1.0,0.6380603262918604,0.5075930338802873,3.217241544072351e-05,0.0001426278391796129,4.511938078935886e-05,3.3522288130554214e-05,1.159709265896048e-05,0.00022194444444444442,1.2750953797113465,5.652795920505729,1.7882248874333997,1.328595137389564,0.4596297500500116,8.796365824167923,0.00024567946771453394,0.0085701501968495,0.005014367992774743
0.0015287999999999999,0.004022833852049345,623.15,1.0,0.639248564451543,0.5083639475305374,3.2066794270973944e-05,0.0001424593577181624,4.518790644715887e-05,3.355371827640468e-05,1.1634188170910034e-05,0.00022194444444444442,1.271267047603566,5.6477078924537,1.7914449424233334,1.3302151755149934,0.4612297669145185,8.798842074347862,0.00024502001459362046,0.008509939066798469,0.0049880336047832706
0.0015366,0.004043358514559801,623.15,1.0,0.6404292460961802,0.5091295489464596,3.1961844791450635e-05,0.0001422920933609134,4.525595990635195e-05,3.358487571526752e-05,1.1671084191240265e-05,0.00022194444444444442,1.267460736346044,5.642654314987614,1.7946446033144794,1.3318227274399872,0.46282187588067164,8.801302641289176,0.0002443642794340335,0.00845039808134997,0.004961902814069314
0.0015444,0.004063883177070258,623.15,1.0,0.6416024476283082,0.5098898970356522,3.185756021081704e-05,0.00014212603195427848,4.5323546403169075e-05,3.3615764128268184e-05,1.170778227505673e-05,0.00022194444444444442,1.2636762443908442,5.637634806358248,1.7978240807588184,1.333417948042197,0.46440613272280284,8.803747686985062,0.0002437122403957778,0.008391517103011049,0.004935973710102829
0.0015521999999999999,0.004084407839580713,623.15,1.0,0.6427682451560052,0.5106450504514822,3.175393376391064e-05,0.0001419611594088898,4.539067115124285e-05,3.364638717750933e-05,1.174428397388936e-05,0.00022194444444444442,1.2599133703084884,5.632648985589107,1.800983585086488,1.3350009917731647,0.4659825933195063,8.80617737318122,0.0002430638743177933,0.008333286138704389,0.004910244382089915
0.00156,0.004104932502091169,623.15,1.0,0.6439267124391875,0.51139506587433,3.165095889429443e-05,0.0001417974621281601,4.545733918882932e-05,3.367674838306606e-05,1.1780590805919098e-05,0.00022194444444444442,1.25617191925426,5.627696485967235,1.8041233190984673,1.3365720069297744,0.4675513121748779,8.808591855833358,0.00024241916007325132,0.008275695463831174,0.0048847129619360875
0.0015678,0.004125457164601625,623.15,1.0,0.6450779216413405,0.5121399986453838,3.1548629187436395e-05,0.0001416349268497546,4.5523555435145215e-05,3.370685116883981e-05,1.1816704266461243e-05,0.00022194444444444442,1.252451700636563,5.622776950104466,1.8072434806922124,1.338131137765209,0.46911234293319015,8.810991287126333,0.00024177807737865874,0.008218735571268884,0.004859377609124666
0.0015756,0.004145981827112081,623.15,1.0,0.6462219449259491,0.5128799041058314,3.144693822880452e-05,0.0001414735403113384,4.558932480940723e-05,3.373669895873197e-05,1.1852625850831103e-05,0.00022194444444444442,1.2487525231164514,5.6178900194544275,1.8103442684533468,1.339678528949693,0.4706657395098425,8.813375819774212,0.00024114060425834026,0.008162397070355019,0.004834236478181113
0.0015834,0.0041665064896225365,623.15,1.0,0.6473588535477824,0.5136148368381338,3.134587968464155e-05,0.00014131328943957166,4.565465216338966e-05,3.376629512253386e-05,1.188835704101164e-05,0.00022194444444444442,1.2450741974772241,5.613035340273092,1.8134258784667512,1.3412143230444074,0.4722115554285341,8.815745604567965,0.00024050671854371214,0.008106670740362554,0.0048092877379019225
0.0015912,0.004187031152132993,623.15,1.0,0.648488718758053,0.5143448514149758,3.124544722150639e-05,0.0001411541611642741,4.571954234799784e-05,3.379564302861506e-05,1.192389931953862e-05,0.00022194444444444442,1.2414165337836272,5.6082125577987,1.816488507444346,1.342738662952939,0.4737498444975988,8.818100792780763,0.00023987639651417382,0.008051547473755074,0.004784529553037115
0.001599,0.004207555814643448,623.15,1.0,0.6496116087821923,0.515069999889006,3.114563477491623e-05,0.00014099614304232018,4.5783999990133856e-05,3.3824745866296934e-05,1.195925412399276e-05,0.00022194444444444442,1.2377793509274237,5.603421335908947,1.8195323421788079,1.344251683622418,0.47528065856258306,8.820441528057794,0.00023924961768320374,0.00799701845514032,0.0047599601471056616
0.0016068,0.0042280804771539044,623.15,1.0,0.6507275913794255,0.5157903339246618,3.104643632182883e-05,0.00014083922272717443,4.584802968219215e-05,3.385360679732611e-05,1.1994422885021872e-05,0.00022194444444444442,1.2341624685822774,5.598661340463303,1.8225575684647415,1.345753519093125,0.4768040493778115,8.822767953276717,0.00023862636078783657,0.007943075003479641,0.0047355777498497295
0.0016145999999999999,0.00424860513966436,623.15,1.0,0.6518367341708681,0.5165059050721433,3.0947845851478385e-05,0.00014068338790064255,4.591163600641273e-05,3.388222897541683e-05,1.2029407031151732e-05,0.00022194444444444442,1.2305657061782689,5.593932237168473,1.8255643722398864,1.3472443034039434,0.47832006884213946,8.825080211425265,0.0002380066033098318,0.007889708550644787,0.004711380590854338
0.0016224,0.004269129802174816,623.15,1.0,0.652939103939208,0.5172167641843636,3.084985742762595e-05,0.0001405286264179278,4.597482348305453e-05,3.3910615504847996e-05,1.2064207978362368e-05,0.00022194444444444442,1.2269888851231145,5.589233696166388,1.8285529371260418,1.3487241686527947,0.4798287684794453,8.827378443710186,0.00023739032262228975,0.007836910681273044,0.004687366914339245
0.0016302,0.0042896544646852715,623.15,1.0,0.6540347668429771,0.5179229615941248,3.075246516951314e-05,0.0001403749262636811,4.603759658614441e-05,3.3938769452914944e-05,1.2098827133385303e-05,0.00022194444444444442,1.2234318281378966,5.58456539067163,1.831523445161042,1.3501932455708783,0.4813301995963633,8.829662790120162,0.00023677749569726684,0.007784673117884602,0.004663534975057944
0.001638,0.004310179127195727,623.15,1.0,0.6551237865682175,0.5186245455902531,3.065566341615844e-05,0.00014022227592952352,4.609995960802248e-05,3.396669374331638e-05,1.213326586486193e-05,0.00022194444444444442,1.2198943651254341,5.579927008897371,1.8344760703725131,1.3516516585177671,0.482824411860947,8.831933384483941,0.00023616810197173393,0.007732987826150012,0.004639883076674831
0.0016458,0.004330703789706183,623.15,1.0,0.6562062268009708,0.5193215644615745,3.055944650658036e-05,0.00014007066390707613,4.616191684102884e-05,3.399439129975103e-05,1.2167525541433645e-05,0.00022194444444444442,1.2163763253629023,5.57531823810172,1.8374109873589402,1.3530995321932906,0.48431145517185237,8.834190361069268,0.00023556211956590566,0.007681846867318881,0.004616409521063886
0.0016535999999999999,0.004351228452216639,623.15,1.0,0.6572821507344015,0.5200140660916515,3.0463808823608742e-05,0.00013992007878824264,4.6223472541480115e-05,3.4021865017681966e-05,1.2201607523953986e-05,0.00022194444444444442,1.2128775390713906,5.5707387677617195,1.840328369576576,1.3545369903085205,0.48579137927426025,8.836433853265506,0.0002349595260693592,0.007631242425341397,0.004593112618783261
0.0016614,0.004371753114727095,623.15,1.0,0.6583516214117657,0.5207020982358037,3.0368744763398598e-05,0.00013977050919719867,4.628463095429365e-05,3.404911778309888e-05,1.2235513171350605e-05,0.00022194444444444442,1.2093978363347684,5.566188287447139,1.8432283904977436,1.3559641564644997,0.48726423403945024,8.83866399447437,0.00023436029808338632,0.007581166785766994,0.0045699906822775655
0.0016692,0.004392277777237551,623.15,1.0,0.6594146997868682,0.5213857069323156,3.0274248907833935e-05,0.00013962194418289244,4.634539617176137e-05,3.407615236246967e-05,1.2269243809447541e-05,0.00022194444444444442,1.2059370532709994,5.561666499224547,1.846111216902516,1.3573811489730023,0.48873006793572144,8.840880912951187,0.00023376441416212852,0.007531612444539783,0.004547042066039302
0.0016769999999999999,0.004412802439748007,623.15,1.0,0.6604714457746763,0.5220649373666543,3.0180315931139874e-05,0.00013947437300515495,4.640577221036926e-05,3.4102971462991376e-05,1.2302800747533718e-05,0.00022194444444444442,1.2024950287170821,5.557173110937555,1.8489770125026903,1.358788083673278,0.4901889288356216,8.843084734591745,0.0002331718532466026,0.007482572044757521,0.004524265145163892
0.0016848,0.004433327102258463,623.15,1.0,0.6615219192901579,0.5227398347242869,3.008694050754151e-05,0.00013932778492381726,4.646576308660327e-05,3.412957779186104e-05,1.2336185294898066e-05,0.00022194444444444442,1.1990716009388658,5.552707829564515,1.8518259415288127,1.3601850767111574,0.4916408648238661,8.845275585690755,0.0002325825931302547,0.007434038315746245,0.004501658294240579
0.0016926,0.004453851764768918,623.15,1.0,0.6625661794415934,0.5234104435310138,2.9994117382969475e-05,0.00013918216936155306,4.652537275831233e-05,3.415597401070712e-05,1.2369398747761045e-05,0.00022194444444444442,1.1956666102048394,5.548270366374372,1.854658165938688,1.361572242389605,0.4930859235552951,8.84745359079517,0.00023199661169269806,0.007386004117170752,0.004479219904167634
0.0017004,0.004474376427279374,623.15,1.0,0.6636042853629949,0.5240768083291132,2.9901841301067108e-05,0.00013903751573746454,4.658460518481005e-05,3.41821627818002e-05,1.240244240316569e-05,0.00022194444444444442,1.1922798961440688,5.543860431687786,1.8574738482635063,1.3629496953423395,0.49452415292738094,8.84961887489289,0.00023141388571481418,0.007338462390885123,0.0044569483652682
0.0017082,0.00449490108978983,623.15,1.0,0.6646362937172353,0.5247389716453926,2.981010722513463e-05,0.00013889381396760877,4.6643464146257114e-05,3.420814662876185e-05,1.2435317517651103e-05,0.00022194444444444442,1.1889113057151162,5.53947775071233,1.8602731430112225,1.3643175439571644,0.4959555990602735,8.851771556801864,0.00023083439456914124,0.007291406298048659,0.0044348421186917
0.001716,0.004515425752300286,623.15,1.0,0.6656622609241811,0.5253969758084606,2.971891014007278e-05,0.00013875105401691315,4.6701953405196485e-05,3.4233928061578734e-05,1.2468025343773583e-05,0.00022194444444444442,1.1855606861234762,5.535122049406493,1.8630562043294285,1.3656758962590816,0.49738030807656325,8.85391175506293,0.00023025811695544568,0.0072448290923260265,0.004412899610843303
0.0017238,0.004535950414810742,623.15,1.0,0.6666822430715804,0.5260508628778177,2.9628245060303953e-05,0.00013860922591646613,4.6760076700250446e-05,3.425950957191783e-05,1.250056712848845e-05,0.00022194444444444442,1.1822278851135186,5.530793055036402,1.8658231856988656,1.3670248596836483,0.4987983260214353,8.856039587704103,0.0002296850310513634,0.007198724123444435,0.004391119295426421
0.0017316,0.004556475077321198,623.15,1.0,0.667696295896783,0.5267006746255023,2.953810703139706e-05,0.0001384683197684185,4.681783774448908e-05,3.42848936314882e-05,1.2532944113156712e-05,0.00022194444444444442,1.1789127510327762,5.526490496346189,1.868574239848682,1.3683645409978789,0.5002096988570223,8.858155172175424,0.00022911511458476226,0.007153084837065623,0.004369499633992628
0.0017393999999999999,0.004576999739831653,623.15,1.0,0.6687044749881642,0.5273464527000764,2.9448491112163178e-05,0.00013832832570558155,4.687524024000678e-05,3.431008270328973e-05,1.256515753687289e-05,0.00022194444444444442,1.1756151321955692,5.522214102290333,1.8713095194440563,1.3696950468273406,0.5016144726229368,8.860258625877739,0.00022854834456530372,0.007107904762490368,0.004348039092019358
0.0017472,0.00459752440234211,623.15,1.0,0.6697068331162614,0.5279882364678824,2.9359392611887863e-05,0.0001381892344217481,4.693228768603398e-05,3.433507909506881e-05,1.2597208591121006e-05,0.00022194444444444442,1.172334885430666,5.517963618837766,1.8740291679306578,1.3710164767125288,0.5030126912243511,8.862350059122006,0.00022798470114222737,0.007063177655501635,0.004326736193551559
0.001755,0.004618049064852565,623.15,1.0,0.6707034230516122,0.5286260652952623,2.9270806839856678e-05,0.00013805103661071084,4.698898358180109e-05,3.435988511457184e-05,1.2629098467385083e-05,0.00022194444444444442,1.1690718670875104,5.513738791241336,1.8767333291858634,1.3723289304450734,0.504404398747014,8.864429582551177,0.00022742416356088282,0.007018897342876941,0.0043055894636938475
0.0017628,0.0046385737273630205,623.15,1.0,0.671694297564754,0.5292599785485584,2.918272910535519e-05,0.0001379137229662626,4.704533142653852e-05,3.438450306954521e-05,1.266082835714914e-05,0.00022194444444444442,1.1658259330402625,5.509539364044424,1.8794221475149142,1.3736325080652667,0.5057896394558729,8.866497307137232,0.00022686671018837793,0.006975057721530877,0.004284597428806407
0.0017706,0.004659098389873477,623.15,1.0,0.6726795086289895,0.5298900149523272,2.909515478853426e-05,0.00013777728433952133,4.710133466242907e-05,3.440893522450538e-05,1.2692399438079523e-05,0.00022194444444444442,1.1625969412488604,5.505365086073544,1.8820957649229824,1.3749273078074389,0.5071684571217702,8.868553342083377,0.00022631231966527594,0.0069316527999790795,0.004263758632918717
0.0017783999999999999,0.004679623052383932,623.15,1.0,0.673659108662884,0.530516213583291,2.900807922996585e-05,0.00013764171149596924,4.715699676295919e-05,3.4433183866997224e-05,1.2723812896117806e-05,0.00022194444444444442,1.1593847477797914,5.501215702757889,1.8847543253259462,1.3762134292454065,0.5085408960867681,8.870597798062171,0.00022576096920387949,0.006888676631318514,0.004243071612535626
0.0017862,0.0047001477148943885,623.15,1.0,0.6746331479929201,0.5311386118358999,2.892149795618487e-05,0.0001375069956132671,4.721232105207998e-05,3.4457251171457824e-05,1.2755069880777997e-05,0.00022194444444444442,1.1561892149565807,5.497090971912901,1.887397965906849,1.3774909668179875,0.5099069990950913,8.872630780568564,0.00022521263815343005,0.006846123446024136,0.0042225349484242385
0.001794,0.004720672377404845,623.15,1.0,0.6756016757812146,0.5317572461687746,2.8835406597225365e-05,0.0001373731280983156,4.726731077055773e-05,3.44811392494538e-05,1.278617152125976e-05,0.00022194444444444442,1.1530102084007972,5.492990657969405,1.890026820268598,1.3787600122044121,0.5112668080704169,8.874652392344345,0.00022466730670780142,0.006803987600326185,0.00420214724672496
0.0018017999999999999,0.0047411970399153,623.15,1.0,0.6765647411898845,0.5323721530405359,2.874980078312137e-05,0.00013724010035801558,4.732196915915873e-05,3.450485021255182e-05,1.281711894676275e-05,0.00022194444444444442,1.1498475933024068,5.488914524718737,1.8926410224009127,1.3800206573068015,0.5126203651003438,8.87666273642877,0.00022412495428894493,0.006762263513488062,0.004181907115383491
0.0018096,0.0047617217024257565,623.15,1.0,0.6775223933810469,0.5329833689098046,2.866467614390693e-05,0.0001371079037992678,4.7376299458649286e-05,3.452838617231849e-05,1.2847913286486634e-05,0.00022194444444444442,1.146701234423357,5.484862335318549,1.8952407066769383,1.3812729942480153,0.5139677124351574,8.878661916155954,0.00022358555956853468,0.006720945667054091,0.004161813164306621
0.0018174,0.004782246364936212,623.15,1.0,0.6784746803422856,0.5335909292955109,2.8580028414019046e-05,0.00013697653005868233,4.743030482626762e-05,3.455174917766727e-05,1.2878555648756184e-05,0.00022194444444444442,1.1435709998825474,5.480833859591724,1.8978260038504076,1.3825171123837783,0.515308891472865,8.88065003207665,0.00022304910211371707,0.006680028664672289,0.0041418640292765554
0.0018252,0.004802771027446667,623.15,1.0,0.6794216510517391,0.5341948705028563,2.8495853239845406e-05,0.0001368459705813554,4.7483988489142765e-05,3.457494132924392e-05,1.290904716005468e-05,0.00022194444444444442,1.1404567541922968,5.476828860673687,1.9003970483926427,1.3837531037534403,0.5166439446454391,8.882627187600464,0.00022251555944130633,0.006639507119298068,0.004122058328176118
0.001833,0.0048232956899571236,623.15,1.0,0.6803633516137616,0.534795226543986,2.8412146523221184e-05,0.00013671621737224458,4.753735347057653e-05,3.4597964575487227e-05,1.2939388895245138e-05,0.00022194444444444442,1.1373583707127821,5.472847118869553,1.9029539653789864,1.3849810533461033,0.5179729120391215,8.884593478911427,0.00022198491231829932,0.00659937585053375,0.0041023947393003125
0.0018408,0.00484382035246758,623.15,1.0,0.6812998278875223,0.5353920312353484,2.832890418777579e-05,0.0001365872624840945,4.75904027764754e-05,3.4620820851839575e-05,1.296958192479166e-05,0.00022194444444444442,1.1342757232007505,5.468888415423066,1.9054968794025866,1.3862010457315599,0.5192958336772667,8.886549001822742,0.0002214571411689398,0.006559629747395804,0.004082871948125877
0.0018486,0.004864345014978035,623.15,1.0,0.6822311257321904,0.5359853183933913,2.8246122157138626e-05,0.00013645909796964972,4.764313941274588e-05,3.464351209374337e-05,1.2999627319158342e-05,0.00022194444444444442,1.1312086850235499,5.464952531005568,1.9080259154039394,1.387413165677918,0.5206127497322623,8.888493852414733,0.00022093222575652206,0.00652026375497895,0.0040634886424706146
0.0018564,0.0048848696774884915,623.15,1.0,0.6831572907131335,0.5365751216015573,2.8163796381054792e-05,0.00013633171593838565,4.7695566364582853e-05,3.466604022133349e-05,1.3029526143405203e-05,0.00022194444444444442,1.1281571301114333,5.46103924752406,1.910541197674004,1.3886174974171717,0.5219237002630746,8.89042812626823,0.00022041014559668503,0.0064812728885476865,0.004044243518533914
0.0018641999999999999,0.004905394339998947,623.15,1.0,0.6840783679676737,0.5371614741003502,2.808192284731788e-05,0.00013620510858366284,4.774768658669778e-05,3.468840713182644e-05,1.3059279455027183e-05,0.00022194444444444442,1.1251209333955015,5.457148348996447,1.9130428493799627,1.3898141242807163,0.5232287251054905,8.892351918099857,0.000219890880171828,0.006442652239495998,0.0040251352836660785
0.001872,0.004925919002509403,623.15,1.0,0.6849944023167672,0.5377444088777174,2.8000497571842902e-05,0.00013607926816051836,4.7799503011352644e-05,3.471061470566119e-05,1.3088888305847295e-05,0.00022194444444444442,1.1220999704538295,5.4532796208537695,1.9155309929450084,1.391003128988082,0.5245278639631713,8.894265322054112,0.0002193744087877265,0.006404396968632739,0.004006162654194275
0.0018798,0.004946443665019859,623.15,1.0,0.6859054365918097,0.5383239573449956,2.791951674739469e-05,0.00013595418730771213,4.785101843066626e-05,3.473266471984021e-05,1.3118353710981893e-05,0.00022194444444444442,1.1190941229314237,5.449432860193617,1.918005744388067,1.3921845894896394,0.5258211549046743,8.896168427350553,0.00021886071282034193,0.006366502388158592,0.003987324389076004
0.0018876,0.004966968327530314,623.15,1.0,0.6868115136241967,0.5389001509135214,2.7838976566738063e-05,0.000135829858664004,4.7902235636757444e-05,3.475455895136595e-05,1.3147676685547336e-05,0.00022194444444444442,1.1161032721184452,5.4456078635955425,1.9204672200432913,1.3933585839142788,0.5271086361352605,8.898061323451152,0.00021834977306233564,0.006328963860852033,0.003968619249881379
0.0018954,0.00498749299004077,623.15,1.0,0.6877126762453242,0.5394730209946316,2.775887322263785e-05,0.00013570627486815396,4.795315742174501e-05,3.477629917724087e-05,1.3176858244659984e-05,0.00022194444444444442,1.113127298953055,5.4418044271256045,1.922915536557406,1.3945251905677651,0.5283903459958901,8.899944100058253,0.00021784156973902294,0.0062917767994814374,0.003950046000894439
0.0019031999999999999,0.005008017652551226,623.15,1.0,0.6886089666449364,0.5400425984937601,2.7679202964894536e-05,0.00013558342868176266,4.8003786532778666e-05,3.479788714156486e-05,1.3205899391369646e-05,0.00022194444444444442,1.1101660861043556,5.438022350251407,1.9253508087235822,1.395684486350575,0.5296663223792576,8.901816845448797,0.00021733608336898345,0.00625493669756464,0.003931603422047079
0.001911,0.005028542315061682,623.15,1.0,0.6895004274045547,0.5406089146209639,2.7599962008484014e-05,0.00013546131279294516,4.805412574408567e-05,3.4819324607768345e-05,1.3234801136473166e-05,0.00022194444444444442,1.1072195146266153,5.434261429605754,1.9277731529419357,1.3968365492673158,0.5309366036808717,8.90367964913548,0.0002168332934375992,0.0062184390781342795,0.003913290288268654
0.0019188,0.005049066977572138,623.15,1.0,0.6903870994130323,0.5411719992534044,2.7521146718841564e-05,0.00013533992021327542,4.810417771141371e-05,3.4840613252781996e-05,1.3263564458787565e-05,0.00022194444444444442,1.1042874707252393,5.430521471627274,1.9301826802110253,1.3979814533342365,0.5322012268830424,8.905532596477157,0.00021633318112607234,0.006182279594281566,0.00389510541124092
0.0019265999999999999,0.005069591640082594,623.15,1.0,0.6912690227222482,0.5417318816093419,2.744275353580015e-05,0.00013521924411420572,4.8153945031941493e-05,3.4861754710796134e-05,1.3292190321301202e-05,0.00022194444444444442,1.1013698429941965,5.42680228737165,1.9325794989993965,1.399119270675337,0.5334602283303141,8.907375770887079,0.00021583572819788957,0.006146453985773969,0.0038770476222122954
0.0019344,0.00509011630259305,623.15,1.0,0.6921462373840818,0.5422885909070365,2.7364778899192727e-05,0.0001350992776671884,4.820343030284768e-05,3.488275061600108e-05,1.332067968700244e-05,0.00022194444444444442,1.0984665197061358,5.423103687428926,1.934963718059802,1.4002500735741794,0.5347136444918782,8.909209255997052,0.000215340915914792,0.006110958037546582,0.0038591157553119993
0.0019422,0.005110640965103505,623.15,1.0,0.6930187834504121,0.5428421563647484,2.7287219248852246e-05,0.00013498001404367577,4.825263612131096e-05,3.490360260258716e-05,1.3349033518879638e-05,0.00022194444444444442,1.0955773888149207,5.419425481927469,1.9373354464268455,1.4013739344724376,0.5359615119606648,8.911033135655636,0.0002148487250503614,0.006075787579183581,0.003841308647629959
0.00195,0.005131165627613961,623.15,1.0,0.693886700035464,0.5433926064655015,2.7210071107958746e-05,0.00013486144659319042,4.830156501915567e-05,3.492431225738309e-05,1.3377252761928425e-05,0.00022194444444444442,1.0927023410080343,5.41576748621603,1.9396947902626256,1.4024909236850915,0.5372038665837926,8.912847491502399,0.00021435913711433991,0.006040938528992403,0.00382362515791946
0.0019578,0.005151690290124417,623.15,1.0,0.6947500270549583,0.5439399703166253,2.7133330928448154e-05,0.00013474356851452365,4.8350219583700015e-05,3.494488120696118e-05,1.3405338376894678e-05,0.00022194444444444442,1.089841264054908,5.412129510393892,1.9420418586788577,1.4036011135998532,0.5384407450852642,8.914652407445198,0.00021387213213735215,0.006006406810487582,0.0038060641320337763
0.0019656,0.005172214952634873,623.15,1.0,0.6956088021571465,0.5444842752519101,2.7056995363809184e-05,0.00013462637343550582,4.839860224461422e-05,3.496531096415061e-05,1.3433291280619448e-05,0.00022194444444444442,1.0869940527983373,5.408511377798487,1.9443767534519554,1.4047045712663873,0.5396721821918289,8.916447961750977,0.00021338769260402434,0.005972188497032593,0.0037886244639319367
0.0019734,0.00519273961514533,623.15,1.0,0.6964630628387101,0.5450255484865537,2.6981061081003538e-05,0.0001345098550126604,4.844671542102698e-05,3.498560303417049e-05,1.3461112387012328e-05,0.00022194444444444442,1.0841606022802406,5.404912912258591,1.9466995761089776,1.4058013635115687,0.5408982126036712,8.918234232494925,0.0002129058007491321,0.005938279710087414,0.003771305053571108
0.0019812,0.005213264277655784,623.15,1.0,0.6973128465963294,0.5455638172357539,2.6905524746992936e-05,0.00013439400690251093,4.8494561532067e-05,3.500575892223993e-05,1.348880260998291e-05,0.00022194444444444442,1.08134080725105,5.401333937183533,1.9490104284337306,1.4068915573052032,0.5421188711347908,8.920011297949666,0.00021242643837486786,0.005904676611524694,0.003754104803956091
0.001989,0.0052337889401662405,623.15,1.0,0.6981581906725294,0.5460991085169746,2.683038305133071e-05,0.00013427882280929467,4.854214297928662e-05,3.5025780121016944e-05,1.3516362858425513e-05,0.00022194444444444442,1.0785345630011551,5.397774277089543,1.9513094116152714,1.4079752191507364,0.5433341924707998,8.921779235930465,0.0002119495871823273,0.005871375414962754,0.003737022626221856
0.0019968,0.005254313602676697,623.15,1.0,0.6989991320442163,0.5466314491385781,2.675563270718077e-05,0.00013416429648798557,4.858946214565137e-05,3.504566810959652e-05,1.3543794036210697e-05,0.00022194444444444442,1.075741765401436,5.39423375770488,1.953596626195311,1.4090524150367818,0.5445442111647949,8.92353812375477,0.00021147522880810848,0.0058383723857484285,0.003720057439878652
0.0020046,0.005274838265187152,623.15,1.0,0.69983570733018,0.5471608656294198,2.668127045953955e-05,0.00013405042176110532,4.8636521389281745e-05,3.506542434921604e-05,1.3571097040221546e-05,0.00022194444444444442,1.0729623112100646,5.390712206511686,1.9558721717617216,1.410123210225343,0.5457489615426456,8.925288038006514,0.00021100334494317556,0.005805663844472861,0.0037032081746615087
0.0020124,0.0052953629276976085,623.15,1.0,0.7006679516748981,0.5476873833722337,2.6607293184453496e-05,0.00013393719272763533,4.868332296642075e-05,3.508505022840801e-05,1.3598272738168592e-05,0.00022194444444444442,1.0701961017243795,5.387209459426505,1.9581361432171016,1.4111876665900511,0.546948476633319,8.927029051666619,0.0002105339187363588,0.00577324621737729,0.0036864737924995404
0.0020201999999999998,0.005315887590208064,623.15,1.0,0.7014959002228481,0.5482110277497536,2.6533697757969054e-05,0.0001338246034865571,4.872986913331142e-05,3.5104547135704894e-05,1.3625321997762366e-05,0.00022194444444444442,1.0674430379747957,5.383725351984149,1.9603886356983065,1.412245846133978,0.5481427895705978,8.928761237896147,0.00021006693295254304,0.0057411159673376256,0.0036698532584076293
0.002028,0.005336412252718519,623.15,1.0,0.7023195881185074,0.5487318241447138,2.646048105613267e-05,0.0001337126481368521,4.877616214619677e-05,3.5123916459639205e-05,1.3652245686713404e-05,0.00022194444444444442,1.064703020726843,5.380259719340838,1.9626297445745733,1.4132978109885066,0.5493319335923376,8.930484670034874,0.00020960236998284726,0.005709269593455086,0.00365334554053731
0.0020358,0.005356936915228976,623.15,1.0,0.7031390499843755,0.5492497975358539,2.6387640001388843e-05,0.0001336013208747461,4.882220422540922e-05,3.514315956332029e-05,1.3679044662244776e-05,0.00022194444444444442,1.0619759521914536,5.37681239938573,1.9648595637061779,1.4143436221772372,0.5505159415352125,8.932199420262162,0.00020914021249938717,0.005677703654251329,0.003636949620457062
0.0020436,0.005377461577739432,623.15,1.0,0.7039543207851932,0.5497649731638276,2.6315171485760597e-05,0.0001334906158337615,4.8867997614562436e-05,3.5162277825998474e-05,1.3705719788719808e-05,0.00022194444444444442,1.0592617331999594,5.373383227637865,1.9670781883075665,1.4153833416354462,0.5516948466783935,8.933905561798744,0.0002086804424102293,0.005646414728054594,0.003620664476204146
0.0020514,0.005397986240249887,623.15,1.0,0.7047654341044401,0.5502773752016511,2.6243072524049757e-05,0.00013338052740424617,4.891354446236897e-05,3.518127255990071e-05,1.3732271902624109e-05,0.00022194444444444442,1.056560268850677,5.369972047462389,1.969285709218662,1.4164170281636481,0.5528686810612884,8.935603164501309,0.00020822304297599017,0.0056153994900459804,0.0036044891160777175
0.0020591999999999997,0.005418510902760343,623.15,1.0,0.7055724229183639,0.5507870273530395,2.6171340185034324e-05,0.0001332710500894346,4.895884687582573e-05,3.520014504779878e-05,1.3758701828182792e-05,0.00022194444444444442,1.0538714659838146,5.366578705482929,1.9714822154735558,1.4174447392487617,0.5540374762310696,8.937292296837843,0.00020776799786331707,0.005584654676186895,0.003588422563383596
0.002067,0.005439035565270799,623.15,1.0,0.7063753202032117,0.551293953321708,2.6099971537492287e-05,0.0001331621783925612,4.900390696192959e-05,3.5218896572464464e-05,1.3785010389620966e-05,0.00022194444444444442,1.0511952311966353,5.363203047977935,1.9736677963187301,1.41846653249413,0.5552012638308768,8.938973027439665,0.00020731529040649997,0.00555417705533213,0.003572463844554526
0.0020748,0.005459560227781254,623.15,1.0,0.7071741589352314,0.5517981768113714,2.602896365020165e-05,0.0001330539068168604,4.9048726827677446e-05,3.5237528416669546e-05,1.3811198411163745e-05,0.00022194444444444442,1.0485314708452864,5.35984492088349,1.9758425412113887,1.4194824656185208,0.5563600755991457,8.940645425100142,0.0002068649036162142,0.005523963428867008,0.003556611989189578
0.0020826,0.005480084890291711,623.15,1.0,0.707968971333169,0.5522997209423295,2.5958313659273858e-05,0.00013294623000566975,4.909330852820706e-05,3.525604182680098e-05,1.3837266701561927e-05,0.00022194444444444442,1.0458800935330836,5.356504174281184,1.9780065373000828,1.4204925946816065,0.5575139426247555,8.94230955683726,0.000206416821107345,0.005494010663749323,0.0035408660448239472
0.0020904,0.005500609552802167,623.15,1.0,0.7087597902708749,0.5527986093365884,2.588801864258889e-05,0.00013283914248217378,4.913765416325229e-05,3.527443808020648e-05,1.3863216083201661e-05,0.00022194444444444442,1.0432410054776338,5.353180654076924,1.9801598741029465,1.4214969773667094,0.5586628967425173,8.943965491491243,0.0002059710254047087,0.0054643156296348425,0.0035252250494206797
0.0020982,0.005521134215312623,623.15,1.0,0.7095466468129171,0.5532948642259525,2.5818075838851803e-05,0.00013273263910302583,4.9181765708973544e-05,3.52927183679119e-05,1.3889047341217493e-05,0.00022194444444444442,1.040614118606465,5.349874216522868,1.9823026353395843,1.422495667255897,0.559806968089969,8.94561329344319,0.0002055275009121982,0.005434875306658529,0.0035096880793034544
0.002106,0.005541658877823078,623.15,1.0,0.7103295719342916,0.5537885077733782,2.5748482494729634e-05,0.00013262671474139668,4.922564513541138e-05,3.53108838766654e-05,1.391476125890183e-05,0.00022194444444444442,1.0379993449179223,5.346584718084429,1.9844349046270129,1.4234887178284708,0.5609461868048253,8.947253026995313,0.00020508623184584517,0.0054056867088238935,0.0034942542156302337
0.0021138,0.005562183540333534,623.15,1.0,0.7111085966099943,0.5542795621418216,2.5679235856889394e-05,0.000132521364270457,4.9269294412606353e-05,3.532893579321511e-05,1.394035861954709e-05,0.00022194444444444442,1.035396596188866,5.343312014914331,1.986556765775161,1.4244761826686576,0.562080583112787,8.94888475659817,0.00020464720213340953,0.005376746879720726,0.003478922542680002
0.0021216,0.00558270820284399,623.15,1.0,0.7118837515951486,0.5547680493260893,2.5610333191542347e-05,0.00013241658260362005,4.931271549565236e-05,3.5346875293960064e-05,1.3965840201848138e-05,0.00022194444444444442,1.0328057846999836,5.340055964144439,1.9886683020583953,1.4254581149583372,0.5632101871063427,8.950508546290473,0.0002042103956824946,0.005348052901677686,0.0034636921521318336
0.0021294,0.005603232865354446,623.15,1.0,0.7126550674865337,0.5552539911981225,2.5541771778974776e-05,0.00013231236468390912,4.935591032872199e-05,3.536470354753175e-05,1.3991206781346081e-05,0.00022194444444444442,1.0302268230356124,5.336816423551353,1.9907695964085856,1.4264345676035284,0.5643350288113435,8.95212445984755,0.00020377579632247753,0.005319601892719666,0.0034485621418722224
0.0021372,0.005623757527864902,623.15,1.0,0.7134225745139886,0.555737409348799,2.547354893208989e-05,0.0001322087055216646,4.9398880831004344e-05,3.538242170521157e-05,1.4016459125948615e-05,0.00022194444444444442,1.0276596247740135,5.333593252768068,1.9928607307282358,1.4274055927624731,0.5654551379720498,8.953732560253131,0.00020334338805196318,0.005291391015004493,0.0034335316200236293
0.0021449999999999998,0.005644282190375357,623.15,1.0,0.714186301803029,0.5562183245251088,2.540566206195296e-05,0.0001321056003291136,4.944162884667632e-05,3.54000308664186e-05,1.4041597980413563e-05,0.00022194444444444442,1.02510410692166,5.330386317604813,1.9949417834509395,1.4283712401521915,0.566570543305036,8.955332907823333,0.0002029131559120804,0.005263417505649856,0.0034185997191117008
0.0021528,0.005664806852885813,623.15,1.0,0.7149462784791707,0.556696757474042,2.533810857962926e-05,0.00013200304431848324,4.9484156219914835e-05,3.541753213057193e-05,1.4066624089498749e-05,0.00022194444444444442,1.022560186281303,5.32719548358579,1.9970128331871562,1.429331559585241,0.5676812736082043,8.956925563010278,0.0002024850846868044,0.0052356786287202145,0.0034037655747180644
0.0021606,0.005685331515396269,623.15,1.0,0.7157025336679294,0.5571727289425891,2.527088589618406e-05,0.0001319010327020006,4.952646479489679e-05,3.543492659709064e-05,1.4091538197961994e-05,0.00022194444444444442,1.0200277794534598,5.324020615951418,1.9990739587228668,1.4302866009689277,0.5687873577602296,8.95851058640107,0.00020205915890960437,0.005208171674937526,0.0033890283255042573
0.0021684,0.005705856177906725,623.15,1.0,0.7164550957601853,0.5576462591189925,2.5203991487983518e-05,0.00013179956082525775,4.9568556366132646e-05,3.545221533136181e-05,1.4116341034926683e-05,0.00022194444444444442,1.0175068052627334,5.32086158393909,2.0011252365973795,1.4312364126332482,0.5698888239704228,8.960088036855097,0.00020163536372376883,0.005180893992277056,0.0033743871273163714
0.0021762,0.005726380840417181,623.15,1.0,0.7172039942600119,0.5581173690353649,2.5137422732443384e-05,0.0001316986238327543,4.961043280314353e-05,3.546939944984346e-05,1.4141033353455926e-05,0.00022194444444444442,1.014997178661371,5.317718250061731,2.0031667471769374,1.4321810455110617,0.5709857016721688,8.9616579761747,0.00020121368275273794,0.00515384290787256,0.0033598411177304297
0.002184,0.005746905502927637,623.15,1.0,0.717949257146586,0.5585860785650504,2.5071177142525675e-05,0.00013159821714545054,4.965209587244891e-05,3.548647999853649e-05,1.4165615874068265e-05,0.00022194444444444442,1.012498819439438,5.314590485426269,2.0051985659770195,1.433120547165494,0.5720780188178192,8.963220462431934,0.00020079410115505538,0.005127015838507574,0.003345389466657629
0.0021918,0.0057674301654380925,623.15,1.0,0.718690911622261,0.5590524069910907,2.500525230024346e-05,0.00013149833632514064,4.9693547288096935e-05,3.5503457987550325e-05,1.4190089300702453e-05,0.00022194444444444442,1.0100116497637641,5.311478165395375,2.0072207661178343,1.4340549634836142,0.5731658026405148,8.964775551856873,0.0002003766047599484,0.005100410258164119,0.003331031361875327
0.0021996,0.005787954827948548,623.15,1.0,0.7194289848893897,0.5595163735965278,2.4939645787609806e-05,0.00013139897693361885,4.9734788764135795e-05,3.55203344269944e-05,1.4214454337297244e-05,0.00022194444444444442,1.007535591615982,5.308381165073336,2.0092334208797884,1.43498434043835,0.5742490804477343,8.966323300802783,0.00019996117917230144,0.005074023665022334,0.0033167659941326305
0.0022074,0.005808479490459004,623.15,1.0,0.7201635041503248,0.5599779976644038,2.4874355186637788e-05,0.0001313001345326794,4.977582201461366e-05,3.553711032697811e-05,1.4238711687791395e-05,0.00022194444444444442,1.0050705667938569,5.305299359308027,2.0112366037022924,1.435908724087796,0.5753278796207937,8.967863765745209,0.0001995478097783959,0.005047853581204596,0.0033025925571681706
0.0022152,0.0058290041529694605,623.15,1.0,0.7208944966074197,0.5604372984777607,2.480937807934047e-05,0.0001312018046841165,4.9816648753578716e-05,3.555378669761091e-05,1.4262862056123656e-05,0.00022194444444444442,1.0026164969126048,5.3022326226928795,2.01323038818257,1.436828160574521,0.5764022276143475,8.969397003281053,0.00019913648175152757,0.00502189755252212,0.00328851024772689
0.002223,0.005849528815479917,623.15,1.0,0.7216219887232085,0.5608942947601709,2.474471211349257e-05,0.00013110398308288518,4.985727064534852e-05,3.5570364515302606e-05,1.4286906130201758e-05,0.00022194444444444442,1.0001733058559432,5.299180833847379,2.015214845644629,1.4377426944632867,0.577472151187641,8.970923068259093,0.0001987271808996161,0.004996153178469785,0.0032745182796211024
0.0022308,0.005870053477990371,623.15,1.0,0.7223460077594248,0.561349005836426,2.4680354865828902e-05,0.00013100666528121372,4.98976894076823e-05,3.5586844792306504e-05,1.4310844615531642e-05,0.00022194444444444442,0.9977409146828196,5.2961438665616285,2.0171900501767004,1.4386523721711861,0.5785376780118147,8.972442017653822,0.00019831989193160385,0.004970618048905596,0.0032606158544627914
0.0022386,0.005890578140500828,623.15,1.0,0.7230665794772861,0.5618014498984827,2.4616304046463438e-05,0.00013090984710073682,4.99379066576429e-05,3.560322847286222e-05,1.4334678184936515e-05,0.00022194444444444442,0.9953192492462798,5.293121603036509,2.0191560710982035,1.4395572368405192,0.5795988342639854,8.973953904772475,0.000197914601057289,0.0049452898375273785,0.003246802205329878
0.0022464,0.005911102803011284,623.15,1.0,0.7237837292355042,0.5622516448343553,2.4552557401288518e-05,0.00013081352443537926,4.997792398527601e-05,3.5619516482953545e-05,1.4358407502478314e-05,0.00022194444444444442,0.9929082365635975,5.290113927561172,2.0211129765539493,1.44045733079037,0.5806556457698817,8.975458782019002,0.00019751129474661122,0.004920166256249223,0.003233076575816096
0.0022542,0.005931627465521739,623.15,1.0,0.7244974823927894,0.5626996085320584,2.4489112676196483e-05,0.00013071769317906577,5.001774298062739e-05,3.563570974856427e-05,1.4382033232218969e-05,0.00022194444444444442,0.9905078034849916,5.287120724193228,2.0230608348326995,1.4413526964163288,0.581708138422674,8.97695670190805,0.00019710995927821274,0.004895245038484959,0.0032194382123905663
0.002262,0.005952152128032196,623.15,1.0,0.7252078643078537,0.5631453588796063,2.442596761707967e-05,0.00013062234922572112,5.0057365233742764e-05,3.565180919567819e-05,1.4405556038220415e-05,0.00022194444444444442,0.9881178766948021,5.284141876760498,2.0249997143661074,1.442243376189884,0.5827563381825274,8.978447717064155,0.00019671058074430224,0.004870523938924271,0.0032058863644099022
0.0022697999999999998,0.00597267679054265,623.15,1.0,0.725914900169084,0.5635889136370812,2.436311998497031e-05,0.00013052748849961716,5.0096792323296094e-05,3.566781574267549e-05,1.4428976580776444e-05,0.00022194444444444442,0.9857383832782306,5.281177269838793,2.0269296831709274,1.4431294122813723,0.5838002708958606,8.979931879792789,0.00019631314524479388,0.0048460007401026975,0.00319242028733654
0.0022776,0.005993201453053106,623.15,1.0,0.7266186147718868,0.5640302902679141,2.430056757583228e-05,0.00013043310699557015,5.013602580159235e-05,3.568373029012998e-05,1.4452295511618215e-05,0.00022194444444444442,0.9833692514626023,5.278226790049877,2.028850808112576,1.4440108460551742,0.5848399620637083,8.981409241514037,0.00019591763914546042,0.004821673260985394,0.0031790392469098743
0.0022854,0.006013726115563563,623.15,1.0,0.7273190333062551,0.5644695065309746,2.423830815055509e-05,0.00013033920063842584,5.0175067247197726e-05,3.5699553756063544e-05,1.447551349129003e-05,0.00022194444444444442,0.981010408004037,5.275290321543913,2.03076315748037,1.4448877198137244,0.5858754376729535,8.982879854742976,0.00019552404820413,0.004797539325273587,0.003165742504317645
0.0022932,0.006034250778074019,623.15,1.0,0.7280161794753259,0.5649065790688854,2.4176339602193247e-05,0.00013024576561775273,5.0213918139456466e-05,3.5715286992219173e-05,1.4498631147393135e-05,0.00022194444444444442,0.9786617844409545,5.272367756770946,2.03266679483913,1.445760072647851,0.5869067221975877,8.984343768361502,0.0001951323596583093,0.004773596835684815,0.003152529351532402
0.002301,0.006054775440584474,623.15,1.0,0.7287100769822356,0.5653415245242691,2.411465982380128e-05,0.00013015279812311935,5.02525799577128e-05,3.5730930850339875e-05,1.4521649107528768e-05,0.00022194444444444442,0.9763233121595749,5.269458987971314,2.034561783884376,1.4466279437173304,0.5879338401733556,8.985801031352024,0.00019474256057787505,0.0047498437142953496,0.003139399083283183
0.0023087999999999997,0.00607530010309493,623.15,1.0,0.7294007495301209,0.5657743595397486,2.4053266708433694e-05,0.00013006029434409422,5.029105418131098e-05,3.574648618216865e-05,1.4544567999298174e-05,0.00022194444444444442,0.9739949223949729,5.26656390717718,2.0364481884413883,1.4474913722503489,0.5889568161973503,8.98725169279673,0.00019435463786929578,0.004726277902341716,0.003126350997063892
0.0023166,0.006095824765605386,623.15,1.0,0.7300882208221185,0.5662051007579466,2.3992158149145008e-05,0.00012996825047024586,5.032934228959524e-05,3.576195383944849e-05,1.4567388450302597e-05,0.00022194444444444442,0.9716765462321281,5.263682406214093,2.0383260724642747,1.4483503975429752,0.5899756749276115,8.988695801876892,0.00019396857827976713,0.00470289736002418,0.003113384393141065
0.0023244,0.0061163494281158415,623.15,1.0,0.7307725140424949,0.5666337644336485,2.3931332085111568e-05,0.00012987666278291862,5.036744572743541e-05,3.577733465109538e-05,1.4590111076495869e-05,0.00022194444444444442,0.9693681163349196,5.260814379658735,2.0401954983433903,1.4492050578242892,0.5909904405254135,8.990133406571225,0.00019358436896773897,0.004679700086467286,0.003100498584234266
0.0023322,0.006136874090626298,623.15,1.0,0.7314536529236721,0.5670603672292558,2.3870786406784686e-05,0.0001297855274672518,5.040536597593383e-05,3.5792629469765346e-05,1.4612736506324327e-05,0.00022194444444444442,0.9670695633947577,5.257959718789992,2.0420565303723968,1.4500553925713207,0.5920011378073896,8.991564556322116,0.0001932019963502984,0.004656684077979227,0.003087692875585514
0.00234,0.006157398753136754,623.15,1.0,0.7321316601585584,0.5674849250309862,2.3810519097017033e-05,0.00012969484089195974,5.0443104447198765e-05,3.5807839102527565e-05,1.4635265344827048e-05,0.00022194444444444442,0.9647808214204597,5.2551183206004355,2.0439092295834653,1.4509014390600241,0.5930077905297558,8.992989298063833,0.0001928214478272722,0.004633847389361395,0.0030749665945567564
0.0023478,0.00617792341564721,623.15,1.0,0.7328065579300429,0.567907453344246,2.3750528183996185e-05,0.0001296045995158216,5.0480662519488514e-05,3.582296433408621e-05,1.4657698185558149e-05,0.00022194444444444442,0.9625018259799691,5.252290084792203,2.0457536554671716,1.451743233517085,0.5940104219564022,8.994407677545142,0.00019244271120666008,0.004611188112733924,0.0030623190806652674
0.0023556,0.006198448078157665,623.15,1.0,0.7334783684210153,0.5683279676744404,2.3690811695909737e-05,0.00012951479979761665,5.051804157106136e-05,3.583800594914545e-05,1.4680035622071751e-05,0.00022194444444444442,0.9602325125032849,5.2494749108785115,2.0475898676321345,1.4525808122309734,0.5950090554074777,8.99581974060559,0.0001920657741529955,0.004588704357502392,0.0030497496760663718
0.0023634,0.006218972740668121,623.15,1.0,0.7341471138143658,0.5687464835269758,2.363136766094526e-05,0.00012942543819612412,5.055524298017561e-05,3.585296473240948e-05,1.4702278247921976e-05,0.00022194444444444442,0.9579728162834007,5.246672698185035,2.0494179258041823,1.453414211551474,0.5960037142590257,8.997225533174854,0.00019169062419094362,0.004566394250183205,0.0030372577255583324
0.0023712,0.006239497403178577,623.15,1.0,0.7348128162516716,0.5691630163765669,2.3572194110962524e-05,0.00012933651117736337,5.0592268122361484e-05,3.586784146679849e-05,1.472442665571884e-05,0.00022194444444444442,0.9557226726151757,5.2438833460847025,2.0512378896914023,1.4542434678002203,0.5969944218975007,8.998625101168972,0.00019131724875297122,0.004544255935798041,0.0030248425773504763
0.002379,0.006260022065689033,623.15,1.0,0.735475497232941,0.5695775812203465,2.3513289134849682e-05,0.00012924801532013234,5.062911833069746e-05,3.588263690735758e-05,1.4746481423495711e-05,0.00022194444444444442,0.9534820188009796,5.2411067574042125,2.0530498170295948,1.455068615969221,0.5979812010666928,9.000018488987273,0.00019094563582787286,0.004522287600419282,0.003012503594140452
0.0023868,0.006280546728199489,623.15,1.0,0.7361351790667444,0.5699901936551437,2.3454650749622716e-05,0.00012915994706187586,5.0665794991568314e-05,3.589735184387233e-05,1.4768443147851822e-05,0.00022194444444444442,0.9512507893102555,5.238342830231936,2.054853768288842,1.4558896928440002,0.5989640754511624,9.001405743131777,0.0001905757724145792,0.004500487415950807,0.0030002401263022047
0.0023945999999999998,0.006301071390709944,623.15,1.0,0.7367918825379239,0.5704008681461826,2.339627710774009e-05,0.00012907230310694464,5.0702299390771774e-05,3.591198700039663e-05,1.4790312390530987e-05,0.00022194444444444442,0.9490289235713144,5.235591471086233,2.0566497991039774,1.4567067319876463,0.5999430671226528,9.002786906386149,0.0001902076470099797,0.004478853628045808,0.0029880515549259782
0.0024024,0.0063215960532204,623.15,1.0,0.737445628431322,0.5708096191586878,2.3338166361660263e-05,0.0001289850801596893,5.073863281410557e-05,3.5926543100984386e-05,1.4812089713277019e-05,0.00022194444444444442,0.9468163608863681,5.232852586313707,2.0584379652173985,1.4575197670191524,0.6009181982045684,9.004162021616777,0.00018984124798480145,0.004457384497978119,0.002975937263611828
0.0024102,0.006342120715730856,623.15,1.0,0.7380964375317807,0.5712164611578835,2.328031666384171e-05,0.0001288982749244605,5.077479654736741e-05,3.5941020869689515e-05,1.483377567783373e-05,0.00022194444444444442,0.9446130404323773,5.230126082090433,2.0602183224783226,1.458328831613,0.6018894908716453,9.005531131772194,0.00018947656358675035,0.004436078302486903,0.0029638966384723233
0.002418,0.0063626453782413125,623.15,1.0,0.7387443306241424,0.5716214086089941,2.32227261667429e-05,0.00012881188410560887,5.081079187635502e-05,3.5955421030565925e-05,1.4855370845944933e-05,0.00022194444444444442,0.9424189012618923,5.227411864423164,2.0619909268420438,1.4591339594987445,0.6028569673496235,9.006894279882504,0.00018911358194358713,0.004414933333622757,0.0029519290681347945
0.0024258,0.006383170040751768,623.15,1.0,0.7393893281287892,0.5720244757077294,2.3165393055218733e-05,0.00012872590447091602,5.084662006290927e-05,3.596974429215026e-05,1.4876875770914853e-05,0.00022194444444444442,0.940233883524054,5.224709841198632,2.0637558331888988,1.459935183683689,0.603820649511535,9.008251508151163,0.00018875229144881992,0.004393947912079726,0.0029400339504133243
0.0024336,0.006403694703262224,623.15,1.0,0.7400314507698632,0.5724256768729337,2.310831548712327e-05,0.00012864033273582776,5.08822823887052e-05,3.598399137564666e-05,1.4898291013214383e-05,0.00022194444444444442,0.938057926229065,5.222019918450137,2.065513097479889,1.4607325378646974,0.6047805596215179,9.009602859612665,0.00018839268006877463,0.004373120362250614,0.0029282106800482418
0.0024414,0.00642421936577268,623.15,1.0,0.7406707186376444,0.5728250260549768,2.305149167665382e-05,0.00012855516572601522,5.0917780093775696e-05,3.59981629753182e-05,1.4919617118613334e-05,0.00022194444444444442,0.935890970389051,5.219342005606403,2.067262773726818,1.46152605444249,0.6057367192906551,9.010948375802558,0.0001880347363222505,0.004352449046660534,0.002916458665859668
0.0024492,0.006444744028283135,623.15,1.0,0.7413071512294582,0.5732225367661127,2.2994919890714813e-05,0.000128470400370217,5.095311437921e-05,3.601225976024781e-05,1.4940854619118033e-05,0.00022194444444444442,0.9337329588853039,5.2166760152663185,2.0690049141215825,1.4623157646076528,0.6066891495202583,9.012288096856855,0.00018767844923826997,0.004331932363964837,0.0029047773299183516
0.002457,0.006465268690793591,623.15,1.0,0.7419407680426297,0.5736182225185954,2.2938598396210688e-05,0.00012838603359717173,5.098828644609736e-05,3.602628239951839e-05,1.4962004046734807e-05,0.00022194444444444442,0.9315838344844344,5.214021859873453,2.070739570953592,1.4631016996010786,0.6076378713588431,9.013622062986572,0.00018732380773748715,0.004311568726820039,0.0028931660966783294
0.0024648,0.006485793353304048,623.15,1.0,0.7425715885744838,0.5740120968246788,2.288252546004588e-05,0.00012830206233561798,5.102329749552699e-05,3.604023156221285e-05,1.4983065933469981e-05,0.00022194444444444442,0.9294435398391269,5.211379451717127,2.0724667966091,1.4638838907135985,0.6085829059018317,9.014950314477188,0.00018697080063487834,0.004291356561746602,0.0028816243929774836
0.0024726,0.006506318015814504,623.15,1.0,0.7431996323223456,0.5744041731966169,2.2826699349124823e-05,0.0001282184835142944,5.105814872858815e-05,3.605410791741411e-05,1.5004040811329878e-05,0.00022194444444444442,0.9273120174888952,5.208748702933503,2.074186643570544,1.4646623692856175,0.6095242742912574,9.016272891688153,0.00018661941664238038,0.004271294308993016,0.002870151648037794
0.0024804,0.006526842678324958,623.15,1.0,0.7438249181765857,0.5747944646997265,2.2771118384303495e-05,0.00012813529416689896,5.1092841306642344e-05,3.6067912108701175e-05,1.5024929198097012e-05,0.00022194444444444442,0.9251892118981303,5.206129528900363,2.075899162454534,1.465437165425415,0.6104619970354508,9.017589833544081,0.00018626964499839454,0.004251380444317587,0.0028587473044621526
0.0024882,0.006547367340835415,623.15,1.0,0.7444474658106378,0.5751829849742209,2.2715780816832186e-05,0.0001280524911923278,5.1127376442152956e-05,3.6081644812251095e-05,1.5045731630057708e-05,0.00022194444444444442,0.9230750647922887,5.203521840490085,2.0776044064938963,1.4662083109290056,0.611396095571224,9.018901180981471,0.00018592147404093926,0.004231613428552869,0.002847410793004164
0.002496,0.00656789200334587,623.15,1.0,0.7450672935957035,0.5755697467029551,2.266068501371524e-05,0.00012797007171411705,5.1161755262484884e-05,3.6095306649797995e-05,1.506644861284273e-05,0.00022194444444444442,0.9209695221595141,5.20092555568983,2.079302424812603,1.4669758349028579,0.6123265899160788,9.020206971777089,0.00018557489335004033,0.004211991782620586,0.0028361415703458516
0.0025038,0.006588416665856326,623.15,1.0,0.7456844198417292,0.5759547625237404,2.260582934740184e-05,0.00012788803286637343,5.1195978890999137e-05,3.610889824051311e-05,1.508708065064187e-05,0.00022194444444444442,0.918872530088351,5.198340592686677,2.0809932664261637,1.4677397663703282,0.61325350006217,9.021507243624283,0.00018522989247316527,0.004192514042354441,0.002824939096537446
0.0025116,0.006608941328366783,623.15,1.0,0.7462988628586615,0.5763380450743885,2.255121219034119e-05,0.00012780637178320367,5.123004845105674e-05,3.612242020356766e-05,1.5107628247644921e-05,0.00022194444444444442,0.9167840345628682,5.195766869526965,2.082676980438648,1.4685001344001358,0.6141768460448472,9.02280203428451,0.00018488646086454135,0.004173178756161562,0.0028138028338851834
0.0025193999999999998,0.006629465990877237,623.15,1.0,0.746910640956447,0.5767196069927105,2.249683191498248e-05,0.00012772508559871456,5.12639650660187e-05,3.6135873158132866e-05,1.5128091908041676e-05,0.00022194444444444442,0.9147039814633366,5.193204304117266,2.084353616042085,1.4692569681060355,0.6150966479423859,9.024091381586862,0.00018454458788746852,0.004153984484901083,0.0028027322469502927
0.0025272,0.0066499906533876935,623.15,1.0,0.7475197722004558,0.577099460737453,2.2442686915515025e-05,0.00012764417148894024,5.129772984332914e-05,3.6149257713286294e-05,1.5148472130198689e-05,0.00022194444444444442,0.9126323173897594,5.190652815582179,2.0860232217287042,1.4700102961374404,0.6160129255976011,9.02537532282229,0.00018420426306410147,0.004134929810401755,0.002791726806941251
0.002535,0.00667051531589815,623.15,1.0,0.7481262747571941,0.5774776188403639,2.2388775577138292e-05,0.00012756362661294865,5.1331343896921215e-05,3.616257448209372e-05,1.516876941498334e-05,0.00022194444444444442,0.910568988499988,5.188112322361742,2.0876858463976316,1.4707601473900895,0.6169256990138805,9.026653895594642,0.00018386547573170207,0.004116013323081906,0.0027807859854780824
0.0025428,0.006691039978408606,623.15,1.0,0.748730166499087,0.5778540936178124,2.2335096311192263e-05,0.00012748344818024635,5.1364808321583304e-05,3.617582406547186e-05,1.5188984256267285e-05,0.00022194444444444442,0.9085139418406816,5.185582744393158,2.089341538086327,1.471506550190578,0.6178349879020881,9.027927136845138,0.0001835282154405346,0.004097233635724549,0.0027699092616836826
0.0025506,0.0067115646409190615,623.15,1.0,0.7493314646395709,0.5782288969040047,2.22816475875937e-05,0.00012740363351319871,5.1398124169244844e-05,3.618900703719639e-05,1.5209117132204304e-05,0.00022194444444444442,0.9064671265784476,5.183064005135128,2.0909903427948966,1.4722495315382242,0.6187408112630127,9.029195081948265,0.00018319247232235835,0.00407858939597347,0.002759096128670294
0.0025583999999999997,0.006732089303429517,623.15,1.0,0.749930186392082,0.5786020405331473,2.222842787625937e-05,0.00012732417993417122,5.143129249183531e-05,3.6202123971042975e-05,1.5229168520948172e-05,0.00022194444444444442,0.9044284917839439,5.180556027917728,2.092632306604548,1.472989118473621,0.6196431881372676,9.030457766340863,0.00018285823642655275,0.004060079262893182,0.0027483460816822925
0.0025662,0.006752613965939973,623.15,1.0,0.7505263489700569,0.5789735363394467,2.217543564710604e-05,0.0001272450847655292,5.1464314341284136e-05,3.6215175440787316e-05,1.524913890065267e-05,0.00022194444444444442,0.9023979864324942,5.178058735943286,2.0942674756770545,1.4737253380783475,0.6205421376050492,9.031715225521744,0.0001825254977221517,0.004041701906860338,0.002737658618094276
0.002574,0.006773138628450429,623.15,1.0,0.7511199695869321,0.5793433961571092,2.2122669370050473e-05,0.00012716634532963813,5.1497190769520805e-05,3.622816202020507e-05,1.5269028749471576e-05,0.00022194444444444442,0.900375559404699,5.175572052287235,2.095895896254224,1.474458217474675,0.6214376787858913,9.032967495051249,0.00018219424609983536,0.004023456009456056,0.0027270332374088753
0.0025818,0.006793663290960885,623.15,1.0,0.751711064684499,0.5797116312580438,2.2070127583600078e-05,0.00012708795908020066,5.152992277849277e-05,3.624108425169861e-05,1.528883852695e-05,0.00022194444444444442,0.8983611620896219,5.173095904154435,2.0975176121806554,1.4751877822372366,0.6223298299497619,9.034214608646261,0.0001818644721409815,0.0040053402899687725,0.00271646945497736
0.0025896,0.006814187953471341,623.15,1.0,0.7522996521521164,0.5800782539672219,2.2017808697589654e-05,0.00012700992322516995,5.156251146375305e-05,3.6253942736208746e-05,1.5308568727700144e-05,0.00022194444444444442,0.8963547409015725,5.170630210666189,2.099132672016828,1.4759140609452344,0.6232186110779385,9.03545660365021,0.00018153616491993794,0.003987353428664761,0.002705966762486791
0.0025974,0.006834712615981797,623.15,1.0,0.7528857483199635,0.5804432754744919,2.196571126044769e-05,0.0001269322352375048,5.159495781995483e-05,3.626673801147033e-05,1.5328219808640334e-05,0.00022194444444444442,0.8943562474214624,5.168174899405438,2.1007411194015195,1.4766370790168915,0.624104040390973,9.036693513621689,0.00018120931498385193,0.0039694941703865795,0.002695524681463293
0.0026052,0.006855237278492252,623.15,1.0,0.7534693692603492,0.5808067067819394,2.1913833843524507e-05,0.00012685489263400223,5.162726282506127e-05,3.627947060476003e-05,1.5347792220457076e-05,0.00022194444444444442,0.8923656340120076,5.165729899258007,2.1023429972206373,1.4773568613783798,0.6249861358486036,9.037925371540338,0.0001808839130626137,0.003951761279228158,0.002685142740025505
0.002613,0.006875761941002708,623.15,1.0,0.7540505310455825,0.58116855889165,2.186217501817043e-05,0.0001267778929314592,5.165942745703554e-05,3.629214104335451e-05,1.5367286413836875e-05,0.00022194444444444442,0.8903828529487562,5.163295138993504,2.1039383484335454,1.4780734329929848,0.6258649154469078,9.039152210442275,0.00018055994981476918,0.003934153529525602,0.002674820468289228
0.0026208,0.006896286603513164,623.15,1.0,0.7546292497479724,0.5815288428057095,2.1810733355735784e-05,0.0001267012336466727,5.169145269384083e-05,3.6304749854530435e-05,1.5386702839466234e-05,0.00022194444444444442,0.8884078564206355,5.160870547266076,2.105527216072584,1.4787868188608504,0.6267403972180815,9.040374063419746,0.00018023741582927374,0.003916669705761421,0.0026645573983646786
0.0026286,0.00691681126602362,623.15,1.0,0.7552055414398273,0.5818875695262035,2.1759507427570895e-05,0.0001266249122964397,5.17233395134403e-05,3.631729756556448e-05,1.540604194803166e-05,0.00022194444444444442,0.886440596530499,5.158456052615184,2.107109643242597,1.4794970440187245,0.6276125992302212,9.041590963620745,0.00017991630162721088,0.003899308602469568,0.0026543530643535285
0.0026364,0.006937335928534076,623.15,1.0,0.7557794221934564,0.5822447500552177,2.170849580502609e-05,0.00012654892639755725,5.175508889379712e-05,3.632978470373331e-05,1.5425304190219643e-05,0.00022194444444444442,0.884481025295669,5.156051583466359,2.108685673120462,1.4802041335397045,0.628481539587107,9.042802944248672,0.00017959659766347908,0.0038820690241413458,0.0026442070023457703
0.0026441999999999998,0.006957860591044531,623.15,1.0,0.7563509073185535,0.5826003948420201,2.1657697127239686e-05,0.00012647327359559168,5.178670176373511e-05,3.6342211765822894e-05,1.5444489998068054e-05,0.00022194444444444442,0.88252909722765,5.15365707230983,2.110255346514381,1.4809081109832445,0.6293472355374871,9.04401003668538,0.00017927829507160054,0.0038649498107383466,0.0026341187638241723
0.002652,0.006978385253554987,623.15,1.0,0.7569200133417789,0.5829545152160163,2.160710992517521e-05,0.00012639795133134645,5.181817913031254e-05,3.635457929691327e-05,1.54635998335551e-05,0.00022194444444444442,0.880584762638818,5.151272444884553,2.1118187081871853,1.4816090024009478,0.6302097057925884,9.04521227535388,0.00017896138374364097,0.00384794977103285,0.002624087880809466
0.0026598,0.006998909916065443,623.15,1.0,0.7574867554422617,0.5833071215311414,2.155673284957672e-05,0.0001263229572726782,5.1849521913879225e-05,3.6366887788448154e-05,1.5482634125586905e-05,0.00022194444444444442,0.8786479763162931,5.148897634184286,2.1133757986656976,1.4823068311517866,0.6310689675202629,9.046409691419644,0.00017864585481751005,0.0038310677685940873,0.0026141139109704015
0.0026676,0.0070194345785759,623.15,1.0,0.7580511485678872,0.5836582239738807,2.150656457174336e-05,0.0001262482891264265,5.188073101990049e-05,3.6379137722657326e-05,1.5501593297399002e-05,0.00022194444444444442,0.8767186937500813,5.146532574362292,2.114926657804157,1.483001620159599,0.6319250376509108,9.047602315530934,0.00017833169959381395,0.0038143026839440454,0.0026041964179077245
0.0026754,0.007039959241086355,623.15,1.0,0.7586132076665394,0.5840078327307188,2.1456603762974274e-05,0.00012617394459943091,5.191180735384166e-05,3.639132958177057e-05,1.552047777222692e-05,0.00022194444444444442,0.874796870351657,5.144177199467719,2.1164713255227605,1.4836933923812956,0.6327779331478185,9.048790178386723,0.00017801890931263593,0.0037976534066933715,0.002594334967079306
0.0026832,0.007060483903596811,623.15,1.0,0.7591729476861032,0.5843559579881407,2.1406849094568607e-05,0.000126099921398531,5.194275182116805e-05,3.640346384801769e-05,1.5539287973306193e-05,0.00022194444444444442,0.872882461454451,5.141831443446287,2.118009841807246,1.4843821708066354,0.6336276710069648,9.049973310736389,0.00017770747515502157,0.0037811188354578483,0.002584529125796716
0.002691,0.007081008566107267,623.15,1.0,0.7597303835744631,0.5847026099326313,2.1357299237825503e-05,0.00012602621723056633,5.1973565327344994e-05,3.6415541003628475e-05,1.5558024323872356e-05,0.00022194444444444442,0.8709754223143313,5.1394952401409535,2.119542246708472,1.485067978458003,0.6344742682568242,9.05115174337939,0.00017739738824443726,0.0037646978777756313,0.002574778463221626
0.0026988,0.007101533228617722,623.15,1.0,0.7602855302795037,0.5850477987506756,2.1307952864044098e-05,0.00012595282980237645,5.200424877783781e-05,3.642756153083271e-05,1.5576687247160935e-05,0.00022194444444444442,0.8690757081100843,5.1371685232925755,2.1210685803420053,1.485750838390187,0.6353177419581741,9.052325507164948,0.00017708863964819985,0.003748389450025165,0.0025650825503620773
0.0027066,0.007122057891128178,623.15,1.0,0.7608384020525331,0.5853915341264786,2.12588087064415e-05,0.00012587975693747133,5.203480303346475e-05,3.6439525884483985e-05,1.5595277149136603e-05,0.00022194444444444442,0.8671832763059767,5.134851230330712,2.1225888806658992,1.4864307722929186,0.6361581083793373,9.053494631283128,0.00017678122104414662,0.0037321925001282752,0.00255544097217624
0.0027144,0.007142582553638635,623.15,1.0,0.7613890142578918,0.5857338265450381,2.1209865399298493e-05,0.00012580699627357092,5.20652290262256e-05,3.6451434562862685e-05,1.5613794463518756e-05,0.00022194444444444442,0.8652980805168723,5.13254329255266,2.1241031892429847,1.4871078041058512,0.6369953851434911,9.054659147696114,0.00017647512300006661,0.003716105948191306,0.002545853296071935
0.0027222,0.007163107216149091,623.15,1.0,0.7619373810279038,0.5860746856041722,2.116112168640854e-05,0.00012573454565432434,5.209552760925974e-05,3.646328801604101e-05,1.563223959337457e-05,0.00022194444444444442,0.863420078460869,5.1302446478452,2.1256115437745233,1.4877819553380538,0.6378295884428286,9.055819085396497,0.0001761703372031678,0.0037001287631059938,0.0025363191126866916
0.00273,0.0071836318786595455,623.15,1.0,0.7624835162847943,0.5864141207503586,2.1112576330240504e-05,0.000125662402958515,5.2125699622254085e-05,3.647508668586166e-05,1.5650612936548265e-05,0.00022194444444444442,0.8615492284970289,5.127955235141975,2.127113981352237,1.4884532471082075,0.6386607342503886,9.056974472908136,0.00017586685548807114,0.0036842599288070157,0.002526838018043506
0.0027378,0.007204156541170002,623.15,1.0,0.7630274339507886,0.5867521414300753,2.1064228093263234e-05,0.00012559056606492632,5.2155745904895566e-05,3.648683101416736e-05,1.566891489088405e-05,0.00022194444444444442,0.8596854889135197,5.1256749932831545,2.1286105391272034,1.489121700564537,0.6394888385690272,9.058125338800531,0.00017556466963796426,0.003668498437312813,0.0025174096098899185
0.0027456,0.007224681203680457,623.15,1.0,0.7635691479481118,0.5870887570898001,2.1016075737945605e-05,0.00012551903285234177,5.218566729687111e-05,3.649852144280082e-05,1.5687145854226135e-05,0.00022194444444444442,0.857828817928046,5.123403861016034,2.1301012543094924,1.4897873368846106,0.6403139174312429,9.059271711688547,0.00017526377138586528,0.0036528432886526055,0.0025080334876941474
0.0027534,0.0072452058661909135,623.15,1.0,0.7641086721989897,0.5874239771760111,2.096811802675647e-05,0.00012544780119954477,5.2215464637867644e-05,3.651015841360475e-05,1.5705306224418733e-05,0.00022194444444444442,0.8559791736882766,5.12114177699562,2.1315861641677927,1.490450177275151,0.6411359868990034,9.06041362023213,0.0001749641524158622,0.003637293490794016,0.0024987092526410903
0.0027612,0.00726573052870137,623.15,1.0,0.7646460206256472,0.5877578111351862,2.092035372216469e-05,0.00012537686898531872,5.22451387675721e-05,3.652174236842188e-05,1.572339639930606e-05,0.00022194444444444442,0.8541365142722719,5.11888867978522,2.1330653060290485,1.491110242971839,0.6419550630635721,9.06155109313602,0.00017466580436433077,0.003621848059571357,0.002489436507628233
0.0027689999999999998,0.007286255191211824,623.15,1.0,0.7651812065129472,0.5880902679565618,2.087278164329357e-05,0.00012530623419436743,5.2274690485027703e-05,3.6533273724461965e-05,1.574141676072158e-05,0.00022194444444444442,0.8523007998557117,5.116644511302159,2.134538715251401,1.4917675539767372,0.642771161281027,9.062684157590937,0.0001743687194180427,0.003606506038936648,0.002480214868214582
0.0027768,0.007306779853722281,623.15,1.0,0.7657142441654615,0.5884213573593498,2.082540051862563e-05,0.00012523589464248855,5.230412065416441e-05,3.6544752938067425e-05,1.5759367716252815e-05,0.00022194444444444442,0.8504719870797731,5.114409207883001,2.1360064304848754,1.4924221323273124,0.643584298163927,9.063812843319086,0.00017407288876887314,0.003591266447976391,0.002471043934101418
0.0027846,0.007327304516232737,623.15,1.0,0.7662451467594042,0.5887510882543299,2.0778209176941834e-05,0.00012516584833262385,5.233343006705153e-05,3.655618042215788e-05,1.577724964504949e-05,0.00022194444444444442,0.8486500363542951,5.112182711861183,2.137468486852772,1.4930739978624339,0.6443944889967032,9.064937177330586,0.00017377830461672158,0.003576128349313478,0.0024619233260634262
0.0027924,0.007347829178743193,623.15,1.0,0.7667739272797779,0.5890794694152434,2.073120646401974e-05,0.0001250960932994434,5.236261950357717e-05,3.6567556582287065e-05,1.579506292144594e-05,0.00022194444444444442,0.8468349086745247,5.109964966517111,2.13892491892499,1.4937231700700164,0.6452017488613395,9.06605718620999,0.00017348495929524289,0.0035610908189498635,0.0024528526697698942
0.0028002,0.007368353841253649,623.15,1.0,0.7673005987115844,0.5894065096158311,2.0684391225636933e-05,0.00012502662757761724,5.239168974362941e-05,3.657888182400874e-05,1.5812807919776507e-05,0.00022194444444444442,0.8450265649715811,5.107755915047084,2.1403757613249605,1.4943696684644243,0.6460060928669026,9.067172896583019,0.00017319284509431654,0.0035461529400935984,0.0024438315924899517
0.0028079999999999997,0.007388878503764104,623.15,1.0,0.7678251740398264,0.589732217629834,2.0637762307570975e-05,0.00012495744920181548,5.242064156709634e-05,3.659015655287664e-05,1.5830485014375534e-05,0.00022194444444444442,0.8432249661128393,5.1055555005638205,2.1418210487293203,1.495013512586303,0.6468075361493846,9.068284335116305,0.00017290195426112256,0.0035313138030948687,0.0024348597230884512
0.0028158,0.00740940316627456,623.15,1.0,0.7683476662495062,0.5900566022309932,2.059131855559944e-05,0.0001248885562067082,5.244947575386605e-05,3.660138117444452e-05,1.5848094579577363e-05,0.00022194444444444442,0.8414300729023096,5.103363666096977,2.1432608158675865,1.4956547220024063,0.647606093871548,9.069391528517146,0.0001726122790012005,0.0035165725053825985,0.0024259366920217594
0.0028236,0.007429927828785016,623.15,1.0,0.768868088325626,0.5903796721930497,2.05450588154999e-05,0.00012481994662696545,5.247819308382662e-05,3.6612556094266116e-05,1.5865636989716336e-05,0.00022194444444444442,0.8396418460810184,5.101180354593664,2.144695097521831,1.4962933163054295,0.6484017812227705,9.070494503533258,0.0001723238114794872,0.0035019281514015762,0.002417062131333453
0.0028314,0.007450452491295472,623.15,1.0,0.7693864526690196,0.5907014358727221,2.0498981984976033e-05,0.00012475161859360574,5.250679429979751e-05,3.6623681695684044e-05,1.588311260426931e-05,0.00022194444444444442,0.8378602483182295,5.099005512056494,2.146123926674302,1.496929313970979,0.6491946127096928,9.071593285528277,0.00017203654435812146,0.003487379870718278,0.002408235684576134
0.0028392,0.007470977153805928,623.15,1.0,0.7699027726162769,0.5910219022933704,2.0453086878553158e-05,0.00012468357008379815,5.253528020385513e-05,3.663475839737641e-05,1.5900521806634563e-05,0.00022194444444444442,0.8360852390327329,5.096839079399697,2.147547339318738,1.4975627353196679,0.6499846040054403,9.072687902181698,0.0001717504694055114,0.0034729267706194874,0.002399456980946436
0.002847,0.007491501816316384,623.15,1.0,0.7704170604688386,0.5913410797403148,2.0407372402769896e-05,0.00012461579924511227,5.2563651532472414e-05,3.664578657882771e-05,1.5917864953800543e-05,0.00022194444444444442,0.8343167811101214,5.094681003005337,2.148965368222225,1.4981935986793764,0.6507717695492199,9.073778378691694,0.00017146557929969118,0.0034585679973330482,0.002390725668788602
0.0028548,0.007512026478826839,623.15,1.0,0.7709293283538328,0.5916589763745581,2.0361837479659305e-05,0.00012454830425382525,5.259190901107182e-05,3.6656766612915925e-05,1.5935142398311732e-05,0.00022194444444444442,0.8325548379714646,5.092531230113676,2.1503780456485373,1.498821922061852,0.651556123593057,9.074864739869385,0.00017118186684023353,0.003444302709012565,0.002382041400900305
0.0028626,0.007532551141337295,623.15,1.0,0.7714395883983876,0.591975600357103,2.0316481031254434e-05,0.00012448108328621415,5.262005336507581e-05,3.666769887251904e-05,1.595235449271261e-05,0.00022194444444444442,0.8307993729797151,5.090389707889134,2.151785403909825,1.4994477235025805,0.6523376804136174,9.075947010563102,0.00017089932478940137,0.0034301300702492543,0.0023734038315623724
0.0028704,0.007553075803847751,623.15,1.0,0.7719478527296311,0.5922909598489522,2.0271301979588338e-05,0.0001244141345185561,5.264808531990685e-05,3.6678583730515026e-05,1.5969501589547663e-05,0.00022194444444444442,0.8290503494400486,5.088256383420754,2.1531874753663285,1.5000710210606358,0.6531164543120661,9.07702521565814,0.00017061794587306837,0.003416049252015761,0.002364812616534545
0.0028782,0.007573600466358207,623.15,1.0,0.7724541334746917,0.5926050630111085,2.0226299246694067e-05,0.00012434745612712814,5.267600560098741e-05,3.668942155978187e-05,1.598658404136138e-05,0.00022194444444444442,0.8273077306002046,5.086131203722664,2.1545842924260836,1.500691832818529,0.6538924596139284,9.078099380076566,0.00017033772278162454,0.003402059431610483,0.0023562674130511805
0.002886,0.007594125128868663,623.15,1.0,0.7729584427606974,0.5929179180045744,2.018147175460468e-05,0.0001242810462882074,5.2703814933739936e-05,3.670021273319754e-05,1.600360220069824e-05,0.00022194444444444442,0.8255714796508234,5.084014115734528,2.1559758875446366,1.5013101768820616,0.6546657106689503,9.079169528776973,0.00017005864817086494,0.0033881597926023505,0.0023477678798168836
0.0028937999999999998,0.007614649791379118,623.15,1.0,0.7734607921784861,0.5932295326093254,2.0136818473023458e-05,0.00012421490326587715,5.2731514009717806e-05,3.671095760357205e-05,1.602055640630159e-05,0.00022194444444444442,0.8238415615577845,5.081905069184668,2.1573622915293336,1.501926070343495,0.6554362211922142,9.080235685450479,0.00016978071514661222,0.0033743495410549066,0.0023393136860130085
0.0029016,0.007635174453889574,623.15,1.0,0.7739611941789872,0.5935399152152137,2.009233829520113e-05,0.0001241490251838281,5.275910357468565e-05,3.6721656555685405e-05,1.603744701915608e-05,0.00022194444444444442,0.8221179382931442,5.079804009153564,2.1587435379472257,1.5025395319707264,0.6562040059828759,9.081297875910437,0.00016950391601007375,0.003360627863024574,0.0023309044878002294
0.0029094,0.00765569911640003,623.15,1.0,0.7744596602619516,0.5938490735371117,2.004803019893763e-05,0.0001240834103211945,5.278658431440992e-05,3.6732309938870453e-05,1.6054274375695306e-05,0.00022194444444444442,0.8204005750229232,5.077710885716228,2.160119657408176,1.503150578722016,0.6569690786925367,9.082356123696096,0.00016922824388495252,0.0033469939794754,0.002322539958764088
0.0029172,0.007676223778910487,623.15,1.0,0.7749562017679689,0.5941570151769151,2.0003893176180533e-05,0.00012401805698313264,5.2813956904614666e-05,3.6742918096522846e-05,1.6071038808247657e-05,0.00022194444444444442,0.8186894374036665,5.075625649726795,2.1614906800635203,1.503759227270321,0.6577314527995771,9.08341045199409,0.00016895369200554546,0.0033334471220246337,0.0023142197765467273
0.002925,0.007696748441420942,623.15,1.0,0.775450830037629,0.5944637477365193,1.995992621887741e-05,0.00012395296347479873,5.2841222021023925e-05,3.6753481372038244e-05,1.6087740649141522e-05,0.00022194444444444442,0.8169844910391529,5.073548251970877,2.162856636108403,1.5043654943099505,0.6584911418048315,9.084460884024756,0.000168680253574312,0.0033199865280526004,0.002305943620164669
0.0029328,0.007717273103931398,623.15,1.0,0.7759435564115218,0.5947692788178196,1.9916128318975834e-05,0.00012388812810134906,5.286838033936173e-05,3.6764000108812294e-05,1.6104380230705286e-05,0.00022194444444444442,0.8152857014806975,5.0714786431659675,2.1642175557815126,1.504969396556429,0.6592481592314632,9.085507443041903,0.000168407921762665,0.003306611440653272,0.0022977111700045673
0.0029406,0.007737797766441853,623.15,1.0,0.7764343922302368,0.5950736160227117,1.9872498468423383e-05,0.0001238235491679399,5.289543253535214e-05,3.6774474650240645e-05,1.6120957885267333e-05,0.00022194444444444442,0.8135930342274557,5.069416773961854,2.1655734693648263,1.505570950746368,0.6600025186248384,9.086550152332633,0.00016813668971174655,0.0032933211085852377,0.002289522107818904
0.0029484,0.007758322428952309,623.15,1.0,0.7769233488343642,0.5953767669530909,1.9829035659167625e-05,0.0001237592249797275,5.292237928471918e-05,3.678490533971896e-05,1.6137473945156055e-05,0.00022194444444444442,0.8119064547267247,5.067362594941019,2.1669244071833544,1.5061701736373339,0.6607542335524016,9.087589035217139,0.00016786655053319154,0.003280114786223099,0.0022813761167216496
0.0029562,0.0077788470914627655,623.15,1.0,0.7774104370713799,0.5956787388621068,1.9785738926988453e-05,0.00012369515392203435,5.294922123218726e-05,3.679529250247595e-05,1.6153928729867147e-05,0.00022194444444444442,0.8102259300625989,5.065316059235552,2.168270398050232,1.5067670810655764,0.661503316991037,9.088624113852976,0.00016759749774673417,0.0032669917481267883,0.0022732728893775957
0.002964,0.007799371753973222,623.15,1.0,0.7778956685805276,0.5959795395618062,1.9742607237286426e-05,0.00012363133425184327,5.2975959072160536e-05,3.6805636492720486e-05,1.617032257959589e-05,0.00022194444444444442,0.8085514245576702,5.0632771157247065,2.1696114733117504,1.5073616903919753,0.6622497829261571,9.089655412345714,0.00016732952414619023,0.0032539512508513884,0.0022652121066205903
0.0029718,0.007819896416483677,623.15,1.0,0.7783790541256654,0.5962791762458649,1.969963963327418e-05,0.0001235677643681902,5.3002593444076864e-05,3.68159376325409e-05,1.6186655811691808e-05,0.00022194444444444442,0.8068829054814535,5.06124571785791,2.170947661599478,1.5079540173309893,0.6629936442748713,9.090682952713271,0.00016706262327053953,0.0032409925823105494,0.0022571934651657677
0.0029796,0.007840421078994133,623.15,1.0,0.7788606043250993,0.5965776560051119,1.9656835171102285e-05,0.00012350444269374093,5.302912497823216e-05,3.6826196238679586e-05,1.620292873970841e-05,0.00022194444444444442,0.8052203405534502,5.059221819793153,2.172278991126581,1.5085440773391254,0.6637349137938398,9.091706756651824,0.00016679678875953558,0.0032281150399541187,0.0022492166654275907
0.0029874,0.007860945741504588,623.15,1.0,0.7793403297971353,0.5968749859303765,1.9614192906921298e-05,0.00012344136765116118,5.3055554304922335e-05,3.683641262787896e-05,1.621914167719922e-05,0.00022194444444444442,0.803563697445167,5.057205375626385,2.173605490145968,1.5091318858921339,0.6644736042602187,9.0927268458881,0.00016653201422573696,0.003215317926401576,0.002241281409093812
0.0029952,0.007881470404015045,623.15,1.0,0.7798182411600799,0.5971711731124876,1.9571711896881786e-05,0.00012337853766311677,5.308188205444332e-05,3.684658711688142e-05,1.6235294937717745e-05,0.00022194444444444442,0.8019129437803877,5.055196339391886,2.1749271869500526,1.5097174584848916,0.6652097284715462,9.093743242179208,0.00016626829325518954,0.0032026005493984563,0.002233387399121294
0.003003,0.0079019950665255,623.15,1.0,0.7802943490322388,0.5974662246422743,1.9529391197134313e-05,0.0001233159511522734,5.310810885709103e-05,3.685672002242936e-05,1.625138883481751e-05,0.00022194444444444442,0.8002680471354455,5.053194665062612,2.1762441098705287,1.5103008106312843,0.6659432992456302,9.09475596731247,0.00016600561940809168,0.0031899622217730554,0.002225534339731768
0.0030108,0.007922519729035956,623.15,1.0,0.7807686640319188,0.5977601476105657,1.9487229863829446e-05,0.00012325360654129685,5.3134235343161385e-05,3.68668116612652e-05,1.6267423682052026e-05,0.00022194444444444442,0.7986289750394926,5.051200306550575,2.1775562872781413,1.5108819578640924,0.6666743294204355,9.095765043105235,0.00016574398621945277,0.0031774022613935754,0.0022177219364075827
0.0030185999999999998,0.007943044391546411,623.15,1.0,0.7812411963233196,0.5980529487884555,1.9445226993482697e-05,0.00012319150232617163,5.316026211452937e-05,3.6876862333654425e-05,1.6283399781030786e-05,0.00022194444444444442,0.7969956965329907,5.0492132201028035,2.1788637461545712,1.511460914877094,0.6674028312838646,9.096770490306648,0.00016548338759503283,0.0031649200042787014,0.0022099499033501504
0.0030264,0.007963569054056869,623.15,1.0,0.781711956800604,0.5983446354600588,1.9403381617724085e-05,0.0001231296368853602,5.318618981867188e-05,3.688687236618083e-05,1.629931745264689e-05,0.00022194444444444442,0.7953681781055575,5.04723335806838,2.180166515810417,1.5120376977537773,0.6681288180630278,9.097772331456811,0.00016522381678434297,0.003152514770210683,0.00220221794399215
0.0030342,0.007984093716567324,623.15,1.0,0.7821809555510835,0.5986352143420385,1.9361692839903694e-05,0.0001230680087273656,5.3212019052625625e-05,3.6896842056267935e-05,1.6315176996513534e-05,0.00022194444444444442,0.7937463889696709,5.045260676985323,2.1814646230601498,1.5126123210770155,0.6688523019895234,9.09877058717629,0.0001649652677132673,0.003140185907200002,0.0021945257762622807
0.003042,0.00800461837907778,623.15,1.0,0.7826482025287641,0.5989246920572789,1.932015977522097e-05,0.00012300661638218506,5.323775040509145e-05,3.690677169651685e-05,1.6330978708730437e-05,0.00022194444444444442,0.7921302987511754,5.043295134037113,2.1827580943358567,1.5131847991960483,0.6695732951461976,9.099765277791583,0.00016470773439963845,0.0031279327718105416,0.0021868731214665935
0.0030498,0.008025143041588237,623.15,1.0,0.7831137076876522,0.5992130752286647,1.9278781538875348e-05,0.00012294545837981572,5.326338446477019e-05,3.691666157952872e-05,1.6346722885397316e-05,0.00022194444444444442,0.7905198770321866,5.041336686350952,2.184046956105738,1.5137551464774957,0.6702918096346332,9.100756423656966,0.00016445121083804318,0.003115754725252554,0.0021792597020907057
0.0030575999999999997,0.00804566770409869,623.15,1.0,0.7835774809817543,0.5995003704790803,1.9237557246066282e-05,0.00012288453325025477,5.3288921820362687e-05,3.692651199790465e-05,1.6362409822613884e-05,0.00022194444444444442,0.7889150933513367,5.0393852909980925,2.1853312348739076,1.5143233773052516,0.6710078575750473,9.101744045154337,0.00016419569100040824,0.003103651133344096,0.0021716852417957206
0.0030654,0.008066192366609147,623.15,1.0,0.7840395323650764,0.5997865844314103,1.9196486011993207e-05,0.00012282383952349945,5.331436306056979e-05,3.6936323244245776e-05,1.6378039816479857e-05,0.00022194444444444442,0.7873159172040162,5.037440904994163,2.186610957180181,1.5148895060803835,0.6717214511061889,9.10272816269304,0.00016394116883657658,0.0030916213664727997,0.002164149465414131
0.0030732,0.008086717029119603,623.15,1.0,0.7844998717916248,0.6000717237085389,1.915556695185557e-05,0.0001227633757295469,5.3339708774092333e-05,3.694609561115322e-05,1.6393613163094955e-05,0.00022194444444444442,0.7857223180426167,5.0355034852994836,2.187886149599877,1.5154535472210302,0.672432602385239,9.103708796709727,0.00016368763827487334,0.0030796647995579266,0.002156652098945668
0.003081,0.008107241691630058,623.15,1.0,0.7849585090096542,0.6003557947889635,1.9114799199141833e-05,0.000122703140431443,5.3364959536796745e-05,3.695582938384831e-05,1.6409130153104282e-05,0.00022194444444444442,0.7841342659842518,5.033572989900505,2.1891568380976802,1.5160155147768506,0.6731413233272232,9.104685967171465,0.00016343509339924537,0.00306778081784321,0.0021491928728976967
0.0030888,0.008127766354140515,623.15,1.0,0.7854154538371453,0.6006388041996789,1.9074181881142634e-05,0.00012264313218118787,5.339011592886033e-05,3.696552484997628e-05,1.6424591079039894e-05,0.00022194444444444442,0.7825517308642292,5.031649376368938,2.190423048889825,1.5165754229413233,0.6738476259548957,9.10565969423876,0.00016318352821467506,0.003055968809014894,0.002141771517786442
0.0030966,0.00814829101665097,623.15,1.0,0.7858707157594716,0.6009207582347212,1.9033714154713633e-05,0.00012258334958404623,5.341517850975299e-05,3.69751822853326e-05,1.643999622457623e-05,0.00022194444444444442,0.7809746836203306,5.0297326039654,2.191684807184468,1.5171332853047217,0.6745515218861403,9.106629997296913,0.0001629329369895165,0.003044228174509077,0.0021343877706628545
0.0031043999999999998,0.008168815679161426,623.15,1.0,0.7863243042149586,0.6012016631551577,1.8993395180892573e-05,0.00012252379125282325,5.3440147836013996e-05,3.698480196403356e-05,1.6455345872136284e-05,0.00022194444444444442,0.7794030953116574,5.027822632145231,2.1929421380756278,1.517689115385519,0.6752530226965042,9.107596895643436,0.00016268331401211026,0.0030325583213415878,0.0021270413704489663
0.0031122,0.008189340341671882,623.15,1.0,0.7867762286419315,0.6014815252220548,1.8953224120717193e-05,0.0001224644558003241,5.346502446418263e-05,3.699438416019544e-05,1.6470640304143033e-05,0.00022194444444444442,0.7778369369571021,5.02591942031222,2.1941950666904626,1.518242926718047,0.6759521399788113,9.10856040860133,0.00016243465355107628,0.0030209586607382126,0.002119732057168105
0.00312,0.008209865004182339,623.15,1.0,0.787226498478716,0.6017603506964794,1.8913200135225243e-05,0.00012240534183935396,5.3489808950798155e-05,3.7003929147934534e-05,1.6485879803019462e-05,0.00022194444444444442,0.7762761795355703,5.024022927818902,2.195443618189082,1.518794732852408,0.6766488853430703,9.109520555518941,0.0001621869498558208,0.003009428608100223,0.0021124595719409054
