catalyst_mass_kg,bed_length_m,temperature_k,pressure_bar,co_conversion,methane_yield,flow_CO_mol_s,flow_H2_mol_s,flow_CH4_mol_s,flow_H2O_mol_s,flow_CO2_mol_s,flow_N2_mol_s,concentration_CO_mol_m3,concentration_H2_mol_m3,concentration_CH4_mol_m3,concentration_H2O_mol_m3,concentration_CO2_mol_m3,concentration_N2_mol_m3,intrinsic_r1_co2_methanation_mol_kg_s,intrinsic_r2_co_methanation_mol_kg_s,intrinsic_wgs_mol_kg_s
0.0,0.0,623.15,5.0,0.0,0.0,0.0016666666666666668,0.006666666666666667,0.0,0.0,0.0,0.041666666666666664,3.216784483209663,12.867137932838652,0.0,0.0,0.0,80.41961208024156,0.0,0.10660725929781877,-0.0
0.00028958332430422,0.0007620000000000001,627.5218872399647,4.999878181638997,0.019173452960052906,0.01907963336241101,0.0016347109117332453,0.00657142486639605,3.1799388937351684e-05,3.164302294063128e-05,1.563662994968375e-07,0.041666666666666664,3.137040176734382,12.610684663760129,0.061023609725774815,0.06072354051447498,0.0003000697923333526,79.9590963917552,4.556450167778966e-05,0.11272760918261707,0.0014809777276494557
0.00057916664860844,0.0015240000000000002,632.1563384686223,4.999755644013104,0.03972978762620091,0.039240997575771104,0.001600450353956332,0.006471276329417314,6.540166262628517e-05,6.45870125415564e-05,8.146503874998487e-07,0.041666666666666664,3.0528110982967345,12.343765709291821,0.12475171192847247,0.12319779129998154,0.001553921206017697,79.47791827131005,0.00013520478237201054,0.11923401812439793,0.0033062244680054204
0.00086874997291266,0.0022860000000000007,637.0783396725616,4.999632345130317,0.06180285029486055,0.06058475021175823,0.0015636619161752325,0.006365773082958499,0.00010097458368626372,9.894441688041408e-05,2.03016710862061e-06,0.041666666666666664,2.9637499460630243,12.065625846676573,0.19138626697893135,0.18753830809530428,0.003847959457496292,78.97460429810737,0.00025701401996442103,0.12612723205029233,0.005549768253260471
0.00115833329721688,0.0030480000000000004,642.3082862393077,4.999508239896382,0.08553737059486684,0.08318340672404988,0.0015241043823418887,0.006254672906709898,0.0001386390112067498,0.00013471573808804263,3.92327342147815e-06,0.041666666666666664,2.8695209197026785,11.776040381252258,0.261023816710883,0.25363723976886354,0.007386577512064177,78.44828283385756,0.000428492461326703,0.1333826193668764,0.008290860806651841
0.0014479166215210998,0.0038100000000000005,647.8664715476662,4.9993832803111955,0.11108646210730141,0.10710641303239037,0.0014815225631544977,0.006137768017175019,0.00017851068838731728,0.00017187727326178648,6.633415428301777e-06,0.041666666666666664,2.7697921614537995,11.474912475578916,0.33373606162173025,0.3213345081960143,0.01240155399176391,77.89824441249941,0.000670406399847781,0.14095180860592263,0.011616788727806906
0.00173749994582532,0.004572000000000001,653.7722208098603,4.999257415670339,0.13860771419167756,0.13241639440849348,0.0014356538096805375,0.006014903561474959,0.00022069399068082247,0.00021037512437483685,1.0318866608756603e-05,0.041666666666666664,2.6642528824947296,11.162317853740392,0.4095587646937565,0.39040925308140095,0.01914951217423088,77.32402896998954,0.0010108522578979409,0.14875432233625535,0.015619023668813743
0.0020270832701295397,0.005334,660.0427016121548,4.999130592827979,0.1682570112231808,0.159164221680243,0.001386238314628032,0.005886000208049133,0.000265273702800405,0.00025011905356149664,1.5154649541679426e-05,0.041666666666666664,2.55263698428713,10.838556157365739,0.48847839334811965,0.4605724281739307,0.0279059657317155,76.72553357020472,0.0014881784373188068,0.15666775380926018,0.02038582445225402
0.00231666659443376,0.006096000000000001,666.6913384106159,4.999002756718896,0.20017876368150272,0.18738286331123188,0.0013330353938641622,0.005751078851273077,0.0003123047721853865,0.0002909782715675896,2.1326500920567913e-05,0.041666666666666664,2.434756399381085,10.504204240138288,0.5704169942790775,0.5314646648101146,0.03895233002196679,76.10314307819714,0.0021541067188005146,0.16451711519347012,0.025989912858045108
0.00260624991873798,0.006858000000000001,673.7257739299768,4.998873851156658,0.23449164766751887,0.21707994956212484,0.0012758472538874686,0.005610286416243817,0.00036179991593687474,0.0003327804190938727,2.9019497145773138e-05,0.041666666666666664,2.310545578771033,10.160168025752302,0.6552157349718368,0.6026617400289027,0.05255399549124924,75.45788271711437,0.0030768970307395132,0.17206470545879934,0.03246978309175012
0.0028958332430421996,0.007620000000000001,681.1453861786417,4.99874381997909,0.271269015908666,0.24822932578677817,0.0012145516401522235,0.005463919521814706,0.00041371554297796364,0.0003753160594408056,3.839948383992916e-05,0.041666666666666664,2.180117811410612,9.807724822741525,0.7426185880335456,0.6736915904150379,0.06892699816198117,74.79158492653617,0.004343708307648942,0.17900295459834065,0.039803924548252455
0.00318541656734642,0.008382,688.9383873477213,4.998612608617526,0.31051324210907927,0.2807619423266741,0.001149144596484868,0.005312442455216089,0.00046793657054445685,0.0004183510709064364,4.958549994079157e-05,0.041666666666666664,2.043833511835334,9.448548035539059,0.8322577047462567,0.7440664482487813,0.08819125703597501,74.10706182694648,0.006060419448937624,0.18495394215729388,0.04787902499044477
0.00347499989165064,0.009144000000000003,697.0788066377198,4.99848016610376,0.35212548345311834,0.31455736191145867,0.0010797908609114695,0.005156493393557591,0.0005242622698524311,0.00046164873394898654,6.261353620621579e-05,0.041666666666666664,1.902373422539301,9.084699954881097,0.9236442395572031,0.8133318347148646,0.11031240537576024,73.40825167344117,0.008346184333423531,0.1894805305608654,0.05645659470380742
0.0037645832159548596,0.009906000000000002,705.5236608742118,4.998346447511715,0.3958734926176603,0.34943687334842305,0.0010068775123038996,0.004996876665918732,0.0005823947889140384,0.0005050004234646309,7.739436575217864e-05,0.041666666666666664,1.7568074509627647,8.718587962245035,1.016166804862811,0.8811285343457351,0.13503827104535307,72.70031315853666,0.011319029231661502,0.19211408795777912,0.06514703580440337
0.004054166540259079,0.010668,714.2108069822725,4.998211416753512,0.44136293757392686,0.3851595081787792,0.000931061770710122,0.004834541508643469,0.0006419325136312987,0.0005482601313053738,9.367238262869601e-05,0.041666666666666664,1.6086430597558068,8.352884727561218,1.1090996487773226,0.9472570810124968,0.16184256828793891,71.98963190741954,0.015068949738566493,0.1924021155534196,0.07340498609449449
0.0043437498645632995,0.011430000000000001,723.0580384050457,4.998075049626013,0.4880202101672073,0.4214219773117307,0.0008532996497213212,0.004670553835412593,0.0007023699621862179,0.000591372907426411,0.00011099705506257782,0.041666666666666664,1.4598326947170601,7.990425395812865,1.201620831464647,1.0117260745541226,0.1898947574285077,71.28370707727674,0.019617696145461824,0.18997453616369223,0.08056167955721398
0.00463333318886752,0.012192000000000001,731.9642805714911,4.99793733663012,0.5350990433786014,0.45786398346453616,0.0007748349277023311,0.004506071849746214,0.0007631066391075603,0.000634381539250106,0.00012872510016022538,0.041666666666666664,1.3127105486147577,7.634100940078302,1.2928407058842448,1.0747570981209082,0.2180836082762854,70.59087155652972,0.02487205296755352,0.18461951915383434,0.08590412603389302
0.00492291651317174,0.012954000000000002,740.812949048802,4.997798285538568,0.5817157033096719,0.49407801729982065,0.0006971404944838801,0.004342339390729435,0.0008234633621663678,0.00067740055214927,0.00014606281031986893,0.041666666666666664,1.1698554459825883,7.286779960057255,1.3818349477900438,1.1367303023045947,0.24510464599352216,69.91987598142353,0.030586006524190006,0.1763515710102833,0.08879750839616822
0.00521249983747596,0.013716000000000002,749.4780457791497,4.997657922936816,0.6269185431374417,0.5296251533871108,0.0006218024281042638,0.00418069654986045,0.000882708588978518,0.000720552939393954,0.00016215564988733517,0.041666666666666664,1.0338732829758985,6.95126019418739,1.4676829577211254,1.1980661369888475,0.2696168212356969,69.27932653570433,0.036356217319512454,0.16544852875809266,0.08882452046317903
0.005502083161780179,0.014478000000000001,757.8324147386714,4.99751629464578,0.6697814361646651,0.5640562769091875,0.0005503642730588914,0.004022593881425311,0.0009400937948486459,0.0007638851960888373,0.00017620859906257973,0.041666666666666664,0.9071375920742369,6.630238018917066,1.549509049057913,1.2590733289241607,0.2904357206327945,68.67705903161956,0.04166913646200855,0.15243756958105484,0.08589891127817366
0.005791666486084399,0.015240000000000002,765.7573697715612,4.997373464668301,0.7095040686893086,0.5969386594298512,0.0004841598855178192,0.003869582385495291,0.0009948977657164189,0.0008072887502833113,0.0001876090157358788,0.041666666666666664,0.791537845084984,6.326259143749377,1.6265272219171825,1.3198111137959696,0.3067161086162041,68.11952937805674,0.04599790047792537,0.13802401984598744,0.08030766534477254
0.0060812498103886194,0.016002000000000002,773.15215487138,4.997229512656461,0.7454955869690889,0.6278854460507877,0.00042417402171818523,0.0037232563384886823,0.0010464757434179796,0.0008504588418867983,0.00019601690183395227,0.041666666666666664,0.6882952808746606,6.041623569703302,1.6980868201847203,1.380015695156648,0.3180711255193702,67.61133065215877,0.04891829926941274,0.1229784321925534,0.07265785914892095
0.00637083313469284,0.016764,779.9411549968684,4.9970845301233116,0.7774195938520654,0.6565824172715763,0.00037096734357989125,0.003585149875155053,0.0010943040287859605,0.000892908734484466,0.00020139529460426545,0.041666666666666664,0.5978950614616986,5.778253644295781,1.7637104340098368,1.4391178412967351,0.32459259320108347,67.15495220458855,0.05019737309810226,0.10801657472794729,0.06374396068874993
0.00666041645899706,0.017526000000000003,786.0776084614919,4.996938616039861,0.8051948646282956,0.6828068864201893,0.00032467522561950747,0.0034566121987913492,0.0011380114773669823,0.0009340315136861262,0.00020397996398362724,0.041666666666666664,0.520136015867592,5.537559861698993,1.8231164842338066,1.4963366216085203,0.3267798631103319,66.75080906813993,0.04982313246470266,0.09370852396247337,0.054381771391878796
0.00694999978330128,0.018288000000000006,791.5431986613817,4.99679187235183,0.8289562138047067,0.7064344629399558,0.00028507297699215556,0.003338697270620258,0.0011773907715665931,0.0009731878534579958,0.00020420291841136837,0.041666666666666664,0.45427536115530653,5.3203496325819355,1.8762199897644347,1.5508143502979372,0.3254056399489755,66.39752475962891,0.04797343201738726,0.08043926092156803,0.045267453109148925
0.007239583107605499,0.01905,796.3445563779712,4.99664440001583,0.8489940248190305,0.7274347505034572,0.0002516766253016157,0.003232091705220789,0.0012123912508390953,0.00100979246031246,0.00020259879082940615,0.041666666666666664,0.39921361247542436,5.126797150695752,1.923114990917539,1.6017494491141995,0.3213655422835998,66.09235362988062,0.044949530843916306,0.06841819405395173,0.03689729931584655
0.007529166431909719,0.019812000000000003,800.5080330601609,4.996496295866687,0.8656898935079663,0.7458589942424858,0.00022385017748672285,0.0031370898614421576,0.0012430983237374765,0.0010433801582943297,0.00019971816574591782,0.041666666666666664,0.35367416548239583,4.956474242039177,1.9640447338331641,1.6484981647491634,0.3155465695623666,65.83163670996218,0.041104409217294705,0.05771889180706623,0.029553854892683043
0.007818749756213939,0.020574000000000002,804.0742705053888,4.99634765042233,0.8794625634080536,0.7618243105181465,0.00020089572765324398,0.003053608869437899,0.0012697071841969109,0.0010736434293797195,0.00019606375511996236,0.041666666666666664,0.3163442223590229,4.808422431253971,1.9993682120593892,1.6906327462784023,0.30873546625775067,65.61119750495821,0.03678582142457592,0.048325946552818314,0.02333813726272086
0.008108333080518159,0.021336,807.0933802207466,4.99619854642444,0.8907288802659852,0.775497613550984,0.00018211853289002474,0.0029812307106488675,0.0012924960225849734,0.0011004439113926256,0.00019205211149511897,0.041666666666666664,0.2859697091596506,4.681246140813665,2.0295282737195555,1.7279604677986853,0.30156780639629327,65.42664471997523,0.03229931249175623,0.040173732160278516,0.01822287971326546
0.008397916404822379,0.022098000000000003,809.620860080337,4.99604905812349,0.8998797827955296,0.7870798850858195,0.00016686702867411732,0.0029192670712992054,0.001311799808476366,0.001123799978959503,0.00018799982981963393,0.041666666666666664,0.26140825149828845,4.573225201098232,2.055021276367858,1.760507092790247,0.29451418405192176,65.27359278606731,0.02788959192362735,0.033171689694682024,0.014104729003743023
0.008687499729126599,0.022860000000000002,811.7143274932191,4.9958992510245706,0.9072678777951098,0.7967919951181381,0.00015455353700815044,0.0028668331627497152,0.0013279866585302303,0.0011438601874012647,0.0001841264714317365,0.041666666666666664,0.24165179796076,4.4824298533877425,2.0763702333438583,1.7884797478731953,0.28789048594405964,65.14781291935546,0.023734827012249004,0.02721785610987888,0.010845599098244906
0.008977083053430819,0.023622000000000004,813.4308719521371,4.995749182023822,0.913202658574528,0.8048619667164872,0.00014466223570912005,0.0028229246533930845,0.0013414366111941455,0.0011608687914300647,0.0001805678200668517,0.041666666666666664,0.2258305006199896,4.406834199425278,2.094100785674903,1.8122185035900584,0.2818822825574964,65.04533920946689,0.019949831953501234,0.022205372678108848,0.008300423848071618
0.00926666637773504,0.024384000000000003,814.8249786340446,4.995598899832483,0.9179503187848025,0.8115141502363484,0.00013674946869199591,0.0027864895302778005,0.0013525235837272475,0.0011751299694791448,0.00017739361455087376,0.041666666666666664,0.21320623118789656,4.344418568332142,2.108720850160877,1.8321462916459652,0.2765745589869624,64.96254099656565,0.0165948220090153,0.01802602215233386,0.006333226606868571
0.00955624970203926,0.025146000000000005,815.9470087714247,4.995448445599688,0.921736088240889,0.816960722458959,0.00013043985293185155,0.0027564886645538747,0.001361601204098265,0.0011869755944610356,0.00017462560994000053,0.041666666666666664,0.20316111662738087,4.293253192749778,2.1207047908150636,1.8487240038988766,0.27198078738775516,64.89616735893931,0.013687027486072444,0.014573080541122626,0.004824844124415463
0.00984583302634348,0.025908000000000004,816.842242269122,4.995297853679479,0.924747959164218,0.821395807914302,0.00012542006805963676,0.0027319412130571356,0.0013689930131905034,0.0011967394277732975,0.0001722535857199769,0.041666666666666664,0.19518382424488262,4.251558317789671,2.1304827513886564,1.8624146976730733,0.26806805418676766,64.84336573370162,0.011212915567589604,0.011744093545810503,0.003675274641126855
0.0101354163506477,0.026670000000000006,817.550417355646,4.9951471524449005,0.9271409392600979,0.8249920828979175,0.00012143176789983675,0.002711954346659499,0.0013749868048298626,0.0012047387108922157,0.00017024809424041773,0.041666666666666664,0.1888555792549944,4.21774069429626,2.1384348921635588,1.8736581953096192,0.26477669732482084,64.80167920678589,0.009139338983156005,0.009443474376539703,0.002803144118102124
0.01042499967495192,0.027432000000000005,818.1056930630734,4.994996365113836,0.9290414922490204,0.8278995530130061,0.00011826417958496602,0.0026957388008737797,0.0013798325883550102,0.0012112626896276402,0.00016856989903014087,0.041666666666666664,0.18383653803307717,4.190409051440907,2.1448899150918512,1.8828553184170218,0.2620345971454733,64.76902624496752,0.007422651464198228,0.007584498059622474,0.002143681271444738
0.01071458299925614,0.028194000000000007,818.5369409407381,4.994845510550522,0.9305519216525598,0.8302460702698049,0.00011574679724573354,0.002682612734834353,0.001383743450449675,0.0012165670314777373,0.00016717641927470848,0.041666666666666664,0.1798529311263131,4.168372472651873,2.1501270135522965,1.8903602668018857,0.25976674722087023,64.7436672856991,0.006015410026178316,0.006090418785073944,0.001646120515431354
0.011004166323560358,0.028956000000000003,818.8682033516765,4.9946946039751525,0.9317543089840817,0.8321388264579839,0.00011374281835986373,0.0026719983391323633,0.0013868980440966399,0.0012208722398857972,0.00016602580451361337,0.041666666666666664,0.17668581867986657,4.1506287682021785,2.1543796775936865,1.896478514584285,0.25790116347971953,64.72416648204747,0.004870917206259834,0.004894870917537253,0.0012712023611192954
0.011293749647864578,0.029718,819.1192470885422,4.994543657593262,0.9327140306943073,0.8336664438973707,0.00011214328217615447,0.0026634137590534944,0.0013894440731622845,0.001224364761833377,0.0001650793116316782,0.041666666666666664,0.17416125755545434,4.136346651051468,2.157840598109148,1.9014683937334123,0.25637220484594614,64.70935150098205,0.0039459749477563965,0.003941613766759786,0.0009888872082854678
0.011583332972168799,0.030480000000000004,819.3061986376044,4.994392681171389,0.9334829963499713,0.8349015588636766,0.00011086167275004782,0.0026564612687042274,0.0013915025981061277,0.001227200202294957,0.0001643023961139414,0.041666666666666664,0.17214140556056323,4.1248428358370175,2.1606674979478964,1.9055455549868587,0.2551219434311674,64.69827116171103,0.00320215518451709,0.003183641590434383,0.0007762868735554172
0.011872916296473019,0.031242000000000002,819.4420970629583,4.994241682487532,0.9341021952157502,0.8359031327561899,0.00010982967464041639,0.0026508161075304375,0.0013931718879269831,0.0012295067838270363,0.00016366510440271744,0.041666666666666664,0.1705175807423195,4.115561219030748,2.1629882876854016,1.908887766178503,0.2541005219769694,64.69015974833911,0.0026063052803610384,0.0025822319344470015,0.0006160944823961774
0.012162499620777239,0.032004000000000005,819.5374189789693,4.994090667719157,0.9346038860343521,0.8367186995418395,0.00010899352327608001,0.0026462151469904428,0.0013945311659030659,0.0012313891884148656,0.00016314197779097105,0.041666666666666664,0.16920434669200263,4.108052402516142,2.1649060217144984,1.911640223076072,0.2532657991084556,64.68440417609682,0.0021304382051608845,0.0021058253856974306,0.0004952782181508144
0.012452082945081459,0.032766,819.6005806854922,4.993939641785723,0.935013519721073,0.8373865553492508,0.00010831080046487835,0.0026424454977522355,0.001395644258915418,0.0012329326516283684,0.00016271160758982053,0.041666666666666664,0.16813435612659436,4.101953549020788,2.166503689820047,1.9139212030494637,0.25258248724058385,64.68051331790423,0.0017511951298047077,0.0017287921331105877,0.00040399328307659467
0.01274166626938568,0.033528,819.638243999623,4.993788608555072,0.9353509088937134,0.8379370922964202,0.00010774848517714421,0.0026393375667255075,0.0013965618204940338,0.0012342054594978653,0.00016235636129893904,0.041666666666666664,0.16725521340728364,4.096976094381094,2.1678471390031384,1.9158255188216577,0.25202162065146366,64.67809931477119,0.00144952811665653,0.001430691221970848,0.000334929090558928
0.0130312495936899,0.03429000000000001,819.6557202117972,4.993637571096764,0.9356316279490241,0.8383945942481911,0.00010728062008495997,0.0026367554188058847,0.0013973243237469853,0.0012352626009115846,0.0001620617231381716,0.041666666666666664,0.16652575077988307,4.09288905481571,2.1689889740633665,1.9174295587050854,0.2515594158282558,64.67685350501192,0.001209895591180111,0.0011951335693848237,0.000282581008146475
0.01332083291799412,0.03505200000000001,819.6572630350063,4.9934865318609445,0.9358679923006108,0.8387785475672261,0.0001068866794989821,0.0026345896705982966,0.001397964245945377,0.0012361485047223896,0.000161815741525758,0.041666666666666664,0.16591342638275125,4.089506769323207,2.1699714042252145,1.9187950724800966,0.2511763322150898,64.67652905880071,0.0010196220979362804,0.0010089443071924697,0.0002427777921296005
0.01361041624229834,0.035814000000000006,819.6461705793961,4.993335492742589,0.936069432005213,0.8391040895095143,0.00010655094665797841,0.0026327551238240466,0.0013985068158491906,0.001236897911689013,0.00016160890446294813,0.041666666666666664,0.16539332721764188,4.08668475819636,2.170827220825333,1.9199703752935218,0.250856846001786,64.67693483934328,0.0008687310641144582,0.0008618865187863173,0.00021247807327232573
0.01389999956660256,0.03657600000000001,819.6251158917198,4.993184455275737,0.9362435173890042,0.8393835060258409,0.00010626080435165965,0.0026311824893548545,0.0013989725100430682,0.0012375391577704494,0.0001614333525753892,0.041666666666666664,0.16494545728219623,4.084305605886988,2.171583038564414,1.9209948910939392,0.2505881479404565,64.67791608290075,0.0007490503788045655,0.0007456537583632321,0.0001893282921528021
0.014189582890906778,0.037338,819.5961737170281,4.993033420649915,0.9363960642270768,0.8396263476373288,0.00010600655962153874,0.002629817790008389,0.0013993772460622147,0.001238094385078622,0.00016128286128636352,0.041666666666666664,0.16455445597992066,4.082277901538657,2.172259549395466,1.921899443919051,0.25036010594640706,64.67935277126865,0.0006541753181365459,0.0006537970417873621,0.00017160293218804884
0.014479166215210998,0.0381,819.5610078121487,4.992882389818737,0.9365316976894957,0.8398402823562162,0.00010578050385084029,0.0026286176143198382,0.0013997338039270272,0.001238581445037548,0.0001611523591922497,0.041666666666666664,0.16420810804001004,4.08052816440311,2.1728733682967576,1.9227088956757867,0.2501644730909762,64.68114872391708,0.0005789357019385326,0.0005811478499848306,0.00015798138264512112
0.014768749539515218,0.03886200000000001,819.5209048235587,4.992731363519683,0.9366539652839609,0.8400312472393956,0.00010557672452673192,0.00262754829442275,0.0014000520787323262,0.0012390142153240382,0.00016103786371105886,0.041666666666666664,0.1638970443255981,4.078999431068877,2.173437361641558,1.9234425833848698,0.2499947787267088,64.68322960556974,0.0005193081886926666,0.0005237118353480641,0.00014749302366695515
0.015058332863819439,0.039624000000000006,819.4769236457447,4.9925803423597435,0.9367657679336516,0.8402041329557558,0.0001053903867772473,0.002626582060729834,0.0014003402215929264,0.0012394041632957538,0.0001609360585999433,0.041666666666666664,0.1636136033951113,4.077644733169748,2.1739621291853046,1.924116491272808,0.2498456383825339,64.68553426229643,0.0004719720610562305,0.0004782082590557668,0.00013936927646987735
0.015347916188123659,0.040386000000000005,819.4298441013492,4.992429326786157,0.9368692249460295,0.840362545386435,0.00010521795842328421,0.0026256984062126023,0.001400604242310725,0.0012397597763773882,0.00016084446623610774,0.041666666666666664,0.16335218771909477,4.076429398296066,2.1744554878140607,1.9247424560612456,0.24971303222287103,64.6880176821229,0.0004344670816221824,0.0004422222863937796,0.0001330755484016958
0.015637499512427877,0.041148000000000004,819.3803481827781,4.992278317190105,0.9369661823855795,0.8405096398466637,0.00010505636269070098,0.0026248793722103273,0.0014008493997444396,0.001240088495512234,0.00016076090453497643,0.041666666666666664,0.1631079213920156,4.075323067927821,2.174924278011321,1.9253308573099501,0.2495934211714455,64.69064050259131,0.00040464466976923683,0.0004136497641418496,0.00012815483993389263
0.0159270828367321,0.04191000000000001,819.3289177699972,4.992127313848009,0.9370579343934317,0.8406476483092036,0.00010490344267761396,0.0026241122358064816,0.0014010794138486727,0.0012403956037076132,0.0001606838104438303,0.041666666666666664,0.16287738595667978,4.074304241268773,2.1753733397167805,1.9258890683400494,0.2494842718468255,64.6933749262284,0.00038097721246058326,0.00039100414005415444,0.00012430381427919144
0.016216666161036317,0.042672,819.2759546044662,4.991976316990363,0.9371455563401839,0.8407784324224743,0.00010475740609969346,0.002623386378295931,0.0014012973873707905,0.001240685514173928,0.00016061187349963307,0.041666666666666664,0.1626577407332742,4.073354975570662,2.1758067101075302,1.9264232497698537,0.24938346080779097,64.69619777943564,0.0003621924980928446,0.0003730496911075254,0.0001212750583320586
0.01650624948534054,0.04343400000000001,819.2217979306365,4.991825326811709,0.9372299524421371,0.8409035651755511,0.00010461674592977147,0.0026226928201120076,0.0014015059419592519,0.001240961963180929,0.0001605439790810937,0.041666666666666664,0.1624465969802999,4.072460099627495,2.1762278007746816,1.9269386187566968,0.2492891824881204,64.69908949429777,0.00034721792104530603,0.00035874699478718764,0.00011886590123726592
0.016795832809644758,0.044196000000000006,819.1666804071582,4.991674343445247,0.9373117387260185,0.8410241263496699,0.00010448043545663585,0.002622025389424351,0.00140170687724945,0.0012412275232881896,0.0001604793542640312,0.041666666666666664,0.16224232715771472,4.071609188721095,2.1766389541160747,1.9274387690895889,0.24920018549664355,64.70203665748052,0.00033531340026534345,0.00034738274637835054,0.00011694542575792714
0.01708541613394898,0.04495800000000001,819.1108015022381,4.991523367005065,0.9373914424695126,0.841141041898492,0.0001043475958841457,0.0026213787920046933,0.0014019017364974868,0.0012414844022117732,0.00016041733458848443,0.041666666666666664,0.16204353813988884,4.070793300623113,2.1770421788991343,1.9279267852346036,0.24911539413470987,64.70502776756247,0.0003258465982596725,0.0003383476671043126,0.0001154024319446712
0.017374999458253198,0.045720000000000004,819.0543386059664,4.991372397592498,0.9374695307582704,0.8412551357383087,0.00010421744873621601,0.0026207483135538456,0.0014020918928971812,0.0012417345678632321,0.0001603573253367198,0.041666666666666664,0.1618489956991353,4.070004473075276,2.177439262763781,1.9284054174291518,0.24903384580483007,64.70805259491226,0.00031825743632349547,0.00033110292682366914,0.0001141408372438176
0.01766458278255742,0.04648200000000001,818.9974012292075,4.991221435269582,0.9375462902763664,0.8413669169224927,0.0001040895162060562,0.002620131038189446,0.0014022781948708212,0.001241979239280352,0.00016029895589323971,0.041666666666666664,0.1616579422734013,4.069237782620536,2.1778313103974942,1.9288763699399762,0.24895494092774084,64.71110482818393,0.00031219710344182114,0.0003253147764129334,0.00011310488025480497
0.017954166106861638,0.04724400000000001,818.9400825143896,4.991070480088889,0.9376219644547763,0.8414768185162163,0.00010396339257537299,0.002619524484528638,0.001402461364193694,0.0012422194542954144,0.00016024191020105015,0.041666666666666664,0.1614697345638385,4.068489039482439,2.178219261633038,1.9293410938826054,0.24887816822067751,64.71417909865632,0.00030736985688473146,0.0003207003430456365,0.00011224767657497485
0.01824374943116586,0.048006000000000014,818.8824675668112,4.9909195320983235,0.9376967756855396,0.8415852362249039,0.00010383870719076746,0.0026189263851886598,0.0014026420603748398,0.0012424561612731008,0.00016018589940450972,0.041666666666666664,0.16128378483681444,4.0677544148949085,2.1786039752301134,1.9298009153349915,0.24880306036538974,64.71727049902483,0.0003035073224518327,0.00031700258540375817,0.00011152611725831092
0.01853333275547008,0.048768000000000006,818.8246294600423,4.990768591338797,0.9377709138637779,0.8416925100737984,0.00010371514356037029,0.002618334789826426,0.0014028208501229975,0.0012426901771390192,0.0001601306732867491,0.041666666666666664,0.16109959116684247,4.067030615769526,2.178986189259732,1.930256977059641,0.24872921267038162,64.72037481564024,0.0003003797054341875,0.0003140020217253696,0.00011090497253722153
0.018822916079774297,0.049530000000000005,818.7666103913649,4.990617657833179,0.9378444881345522,0.8417988365483728,0.00010359251977574638,0.0026177485704472216,0.0014029980609139548,0.0012429219749363095,0.00016007608628041596,0.041666666666666664,0.16091686507411135,4.0663157380522215,2.1793663302723165,1.930709940944026,0.24865638979860324,64.72348961684155,0.0002978529494069622,0.00031157126293598035,0.00011036509237633727
0.01911249940407852,0.05029200000000001,818.7084432425063,4.990466731598907,0.9379175834350988,0.8419043687884257,0.00010347069427483543,0.0026171668476811134,0.0014031739479807095,0.001243151923568908,0.00016002202471457214,0.041666666666666664,0.16073538206353546,4.0656082974438075,2.1797447307274047,1.931160323203362,0.24858440799437823,64.72661300784817,0.00029582255309225163,0.0003096110992818752,0.00010989177936795034
0.019402082728382737,0.051054,818.6501608951934,4.9903158126534155,0.9379902847026537,0.8420092599337563,0.00010334952549557714,0.002616588742158168,0.0014033487665562605,0.0012433803919407519,0.00015996837491827942,0.041666666666666664,0.160554917618217,4.0649068094263985,2.180121723091116,1.931608640087051,0.24851308347442333,64.72974309280855,0.00029418507376760246,0.00030802311504446716,0.00010947014806581972
0.01969166605268696,0.05181600000000001,818.5917908862593,4.99016490101102,0.9380626631564964,0.8421136382116298,0.0001032288947391726,0.0026160135177287483,0.0014035227303527164,0.0012436076887772593,0.00015991504187822797,0.041666666666666664,0.16037528348381658,4.064210031147788,2.1804975857295643,1.9320553236013995,0.24844226259854632,64.73287828351225,0.00029285432202222117,0.0003067251677537132,0.00010908751497236295
0.019981249376991177,0.05257800000000001,818.5333583048948,4.990013996684617,0.9381347831777773,0.8422176205784648,0.00010310869470370445,0.002615440501985316,0.0014036960342974415,0.0012438340966312415,0.000159861937968971,0.041666666666666664,0.16019630944527755,4.063516827516377,2.1808725726147995,1.932500769359141,0.2483718037260631,64.736017132867,0.00029175206263631426,0.00030564298697799826,0.00010873318103625838
0.0202708327012954,0.05334000000000001,818.47487660473,4.989863099680188,0.9382066791389286,0.8423212697979663,0.00010298886810178568,0.0026148693337905587,0.0014038687829966106,0.0012440597674276607,0.0001598090158717207,0.041666666666666664,0.1600179046418096,4.062826589100408,2.1812468200460775,1.9329451901171018,0.2483016303994028,64.73915886539517,0.0002908358523734351,0.00030473649936847024,0.00010840180694467708
0.020560416025599618,0.054102000000000004,818.4163545899792,4.98971221000098,0.938278373535429,0.8424246269498069,0.00010286937744095179,0.0026142997767724546,0.001404041044916345,0.0012442848006062957,0.00015975624461282017,0.041666666666666664,0.1598400096241463,4.062138917090022,2.1816204172222755,1.9333887251164943,0.24823169257623126,64.74230297377869,0.0002900776936102934,0.0003039793249609159,0.00010808996569675436
0.02084999934990384,0.05486400000000001,818.3578010648573,4.989561327650238,0.9383498888627569,0.8425277331136598,0.00010275018522873828,0.0026137315945589826,0.0014042128885227664,0.001244509295606925,0.0001597035932186123,0.041666666666666664,0.15966256493693465,4.061453412614113,2.1819934533445497,1.9338315136086437,0.24816194020637872,64.74544895040836,0.00028944987424429783,0.0003033452969176741,0.00010779417858224737
0.021139582674208058,0.05562600000000001,818.299224833579,4.989410452631206,0.9384212476163917,0.8426306293691977,0.0001026312539726806,0.002613164550778121,0.0014043843822819963,0.0012447333518693271,0.00015965103071544006,0.041666666666666664,0.15948551111867956,4.060769676740002,2.1823660176163897,1.9342736948550783,0.24809232323180716,64.74859628738312,0.00028892496630231586,0.0003028084607562669,0.00010751091587661227
0.02142916599851228,0.056388000000000014,818.2406344626494,4.989259584946994,0.9384924717063575,0.8427333556819324,0.00010251254715607076,0.0026125984155098325,0.0014045555928032208,0.0012449570660951665,0.0001595985270108253,0.041666666666666664,0.1593087902518045,4.060087321359714,2.182738196820196,1.9347154042822123,0.2480227930085028,64.75174449022322,0.0002884765479032353,0.0003023437476058619,0.00010723665974698874
0.021718749322816498,0.057150000000000006,818.1820337491223,4.989108724597979,0.9385635711539254,0.842835929697273,0.000102394048076791,0.0026120330878201758,0.001404726549495455,0.001245180480400355,0.00015954606939787096,0.041666666666666664,0.15913237588352794,4.059406176025841,2.183110029210279,1.935156700722473,0.24795332895834776,64.75489333951394,0.00028809286557248466,0.00030193982455469604,0.00010696936362109576
0.022008332647120717,0.057912000000000005,818.1234301103603,4.988957871586523,0.9386345644484908,0.8429383861444225,0.00010227572591918188,0.0026114683669967876,0.0014048973102407042,0.0012454036797332445,0.0001594936308102307,0.041666666666666664,0.1589562191115376,4.058725902128618,2.1834815902680185,1.9355977033536207,0.24788388738496198,64.75804240732245,0.0002877510643839025,0.00030157533241363264,0.0001067068355212315
0.02229791597142494,0.05867400000000001,818.0648250414962,4.988807025911513,0.938705455408059,0.843040732018203,0.0001021575743199017,0.002610904212770865,0.001405067886697005,0.0012456266810465656,0.00015944120595321024,0.041666666666666664,0.15878030987223024,4.0580464318024365,2.183852895162251,1.936038435900498,0.24781445973233987,64.76119160737944,0.00028744635766621876,0.00030124579718122154,0.00010644857646438139
0.022587499295729157,0.059436,818.0062200376624,4.988656187571837,0.9387762478506347,0.8431429743134357,0.00010203958691560871,0.002610340584873606,0.0014052382905223929,0.0012458495012930486,0.00015938878953211528,0.041666666666666664,0.15860463810093936,4.057367697171091,2.184223959062244,1.9364789220897347,0.24774503744311957,64.76434085336592,0.00028717400733970595,0.00030094678095981604,0.00010619407836385762
0.02287708262003338,0.06019800000000001,817.9476165939916,4.988505356566382,0.9388469455942233,0.8432451200249426,0.00010192175734296117,0.0026097774430362086,0.0014054085333749043,0.0012460721574254236,0.00015933637625225154,0.041666666666666664,0.15842919373193262,4.05668963034776,2.1845947971376987,1.9369191856497487,0.24767561195858256,64.76749005891311,0.0002869293236256282,0.0003006738817808035,0.00010594282412485271
0.023166665944337597,0.06096000000000001,817.8890162056167,4.988354532894034,0.9389175524568296,0.8433471761475448,0.00010180407923861734,0.0026092147469898696,0.0014055786269125748,0.0012462946663964211,0.00015928396081892472,0.041666666666666664,0.15825396669840872,4.056012163434993,2.184965424558745,1.9373592503107475,0.24760617471865368,64.77063913760237,0.00028670766475754527,0.00030042273343338196,0.00010569428773925352
0.02345624926864182,0.06172200000000001,817.8304203676702,4.988203716553681,0.9389880722564588,0.8434491496760645,0.00010168654623923547,0.0026086524564657874,0.001405748582793441,0.0012465170451587714,0.00015923153793744052,0.041666666666666664,0.1580789469324954,4.055335228524715,2.185335856495953,1.93779913980473,0.24753671716190193,64.77378800296538,0.0002865044366891618,0.0003001890052889434,0.00010544793437813829
0.023745832592946037,0.062484000000000005,817.7718305752846,4.988052907544209,0.9390585088111157,0.843551047605323,0.00010156915198147386,0.002608090531195159,0.0014059184126755384,0.0012467393106652047,0.00015917910231310467,0.041666666666666664,0.1579041243652472,4.054658757698214,2.185706108120326,1.938238877865487,0.24746723072554055,64.77693656848389,0.0002863150928019552,0.00029996840212554457,0.00010520322048390535
0.02403541591725026,0.06324600000000001,817.713248323593,4.9879021058645066,0.9391288659388055,0.8436528769301419,0.00010145189010199073,0.0026075289309091827,0.0014060881282169032,0.0012469614798684514,0.00015912664865122287,0.041666666666666664,0.15772948892664318,4.053982683026142,2.186076194603304,1.9386784882286003,0.2473977068454282,64.78008474758985,0.0002861351336118555,0.0002997566639505057,0.000104959593859808
0.024324999241554478,0.06400800000000001,817.6546739525024,4.987751311512753,0.9391991445676537,0.8437546392432244,0.00010133475905391055,0.002606967646536713,0.0014062577320720407,0.0012471835565306462,0.00015907417584416555,0.041666666666666664,0.15755503819667152,4.053306989253931,2.1864461193725497,1.9391179761221686,0.24732814372112882,64.78323252046367,0.00028596350444307143,0.0002995527843922461,0.00010471689762437159
0.0246145825658587,0.06477000000000001,817.5961084114832,4.987600524487514,0.9392693470697008,0.8438563390074749,0.00010121775488383206,0.0026064066522784547,0.001406427231679125,0.001247405551574736,0.0001590216804071599,0.041666666666666664,0.15738076592778413,4.052631632915004,2.186815892106989,1.9395573568561797,0.24725853572158005,64.78637983211316,0.00028579732760442873,0.0002993540896627607,0.00010447490646935134
0.024904165890162918,0.065532,817.5375521024542,4.987449744787012,0.9393394744877706,0.8439579781155598,0.00010110087585371566,0.0026058459372546704,0.0014065966301926,0.0012476274695715698,0.00015896916092380116,0.041666666666666664,0.15720666939328065,4.0519565957129435,2.1871855168924723,1.9399966368115766,0.24718888055168883,64.78952665913981,0.0002856353800951943,0.0002991594376082329,0.000104233508398676
0.025193749214467136,0.066294,817.4790051503285,4.987298972409297,0.9394095271798464,0.8440595571628285,0.00010098412136692283,0.0026052854980930062,0.0014067659286047143,0.0012478493119090059,0.00015891661699847965,0.041666666666666664,0.15703274767987838,4.051281872023994,2.187554994993421,1.940435817899792,0.24711917756444554,64.79267299414681,0.00028547726445909136,0.00029896846048976545,0.00010399267225011293
0.02548333253877136,0.067056,817.4204676800186,4.987148207352418,0.9394795055039111,0.8441610767446296,0.00010086749082681498,0.0026047253314211067,0.001406935127907716,0.0012480710799749016,0.00015886404823558565,0.041666666666666664,0.15685899987417776,4.050607456223488,2.187924327674299,1.9408749020323945,0.24704942611274391,64.79581882973315,0.00028532258724895673,0.000298780793528414,0.00010375236606301214
0.025772915863075577,0.067818,817.3619398164374,4.986997449614426,0.9395494098179479,0.8442625374563123,0.00010075098363675356,0.0026041654338666174,0.0014071042290938539,0.0012482927751571154,0.00015881145423950947,0.041666666666666664,0.15668542506266353,4.0499333426858675,2.1882935161996215,1.9413138911211016,0.24697962554938174,64.7989641584937,0.00028517095900214534,0.000298596074891637,0.00010351255708746041
0.0260624991873798,0.06858000000000002,817.3034216844976,4.986846699193369,0.93961924047994,0.8443639398932251,0.00010063459920010002,0.0026036058020571847,0.0014072732331553753,0.001248514398843505,0.00015875883461464145,0.041666666666666664,0.15651202233170355,4.049259525784667,2.1886625618339406,1.9417527870777656,0.24690977522706026,64.80210897301909,0.0002850219942132617,0.00029841394567561993,0.0001032732117896058
0.026352082511684017,0.06934200000000001,817.2449134091119,4.986695956087299,0.9396889978478705,0.8444652846507175,0.0001005183369202158,0.0026030464326204537,0.0014074421410845291,0.0012487359524219284,0.00015870618896537185,0.041666666666666664,0.15633879076754958,4.048585999892524,2.189031465841863,1.9421915918143857,0.2468398744983851,64.80525326589584,0.00028487531131180606,0.0002982340498924743,0.00010303429586064794
0.02664166583598824,0.07010400000000001,817.1864151151931,4.986545220294264,0.9397586822797226,0.8445665723241381,0.00010040219620046234,0.00260248732218407,0.0014076109538735636,0.0012489574372802437,0.00015865351689609098,0.041666666666666664,0.1561657294563366,4.047912759381173,2.189400229488034,1.9426303072430988,0.24676992271586567,64.80839702970623,0.000284730532635467,0.0002980560344534862,0.00010279577422253357
0.026931249160292457,0.07086600000000001,817.127926927654,4.986394491812316,0.9398282941334793,0.8446678035088359,0.00010028617644420107,0.002601928467375679,0.0014077796725147265,0.0012491788548063085,0.00015860081801118915,0.041666666666666664,0.15599283748408294,4.047239798621448,2.1897688540371467,1.9430689352761845,0.24669991923191567,64.8115402570284,0.0002845872844072678,0.0002978795491556061,0.00010255761103704067
0.02722083248459668,0.07162800000000001,817.0694489714074,4.9862437706395015,0.9398978337671239,0.8447689788001599,0.00010017027705479345,0.002601369864822926,0.0014079482980002666,0.001249400206387981,0.00015854809191505668,0.041666666666666664,0.15582011393669032,4.0465671119832844,2.19013734075394,1.9435074778260633,0.24662986339885312,64.81468294043627,0.00028444519670940796,0.00029770424666522105,0.00010231976971119275
0.027510415808900898,0.07239000000000001,817.0109813713659,4.986093056773873,0.9399673015386394,0.8448700987934591,0.0001000544974356009,0.002600811511153457,0.001408116831322432,0.0012496214934131194,0.00015849533821208386,0.041666666666666664,0.15564755789994347,4.045894693835718,2.1905056909031972,1.9439459368052963,0.2465597545689005,64.81782507249964,0.0002843039034602581,0.00029752978250492245,0.00010208221290576092
0.02779999913320512,0.07315200000000002,816.9525242524423,4.98594235021348,0.9400366978060091,0.8449711640840825,9.993883698998489e-05,0.0026002534029949177,0.0014082852734734709,0.0012498427172695811,0.00015844255650666097,0.041666666666666664,0.1554751684595104,4.045222538546885,2.190873905749748,1.944384314126585,0.2464895920941849,64.82096664578411,0.00028416304238848675,0.00029735581503668535,0.00010184490254165752
0.028089582457509338,0.07391400000000001,816.8940777395495,4.985791650956372,0.9401060229272159,0.8450721752673789,9.982329512130685e-05,0.0025996955369749527,0.0014084536254456315,0.0012500638793452245,0.00015838974640317835,0.041666666666666664,0.15530294470094216,4.044550640484022,2.191241986558466,1.944822611702773,0.24641937532673816,64.82410765285113,0.0002840222550107377,0.00029718200544929114,0.0001016077998072157
0.028379165781813556,0.074676,816.8356416892052,4.985640959000434,0.9401752766616359,0.8451731316653183,9.970787223060678e-05,0.002599137917212724,0.001408621886108864,0.0012502849777809891,0.000158336908630646,0.041666666666666664,0.1551308872989266,4.04387900663398,2.1916099318151683,1.9452608268592202,0.24634910542701602,64.82724810172468,0.00028388198734607625,0.0002970087270355719,0.00010137083406652392
0.028668749106117778,0.07543800000000002,816.7772161887857,4.985490274343707,0.9402444592197178,0.8452740337108537,9.9592567967137e-05,0.0025985805411726237,0.0014087900561847563,0.0012505060136693042,0.00015828404281822338,0.041666666666666664,0.15495899572682603,4.043207632805029,2.191977742439211,1.9456989611161895,0.24627878179411222,64.83038798720006,0.0002837419590802897,0.0002968357560673464,0.0001011340762183695
0.028958332430421996,0.0762,816.7188012770589,4.985339596984189,0.9403135707335593,0.8453748815991583,9.94773821107345e-05,0.0025980234077736626,0.0014089581359985972,0.0012507269874405835,0.00015823114886078497,0.041666666666666664,0.15478726966773895,4.042536517240791,2.1923454188269793,1.9461370150470974,0.24620840425099552,64.8335273068386,0.0002836020532311739,0.0002966629915440912,0.00010089753733691562
0.02924791575472622,0.07696200000000002,816.6603969568357,4.985188926919851,0.9403826112590689,0.8454756753538374,9.936231456821866e-05,0.0025974665169516517,0.001409126125589729,0.001250947899080331,0.00015817822681216912,0.041666666666666664,0.1546157090072394,4.04186565989577,2.19271296099988,1.94657498859519,0.24613797287582553,64.83666606026878,0.00028346226262470215,0.0002964904267972262,0.00010066121709170565
0.029537499079030437,0.07772400000000002,816.6020032309272,4.985038264148666,0.9404515808521546,0.8455764149984961,9.924736524640893e-05,0.0025969098686424025,0.0014092940249974936,0.0012511687485740508,0.0001581252767262141,0.041666666666666664,0.1544443136308675,4.04119506072444,2.1930803689793272,1.9470128817037045,0.246067487746782,64.83980424711903,0.00028332258015532354,0.0002963180552093925,0.00010042511514166468
0.02982708240333466,0.07848600000000001,816.543620102144,4.984887608668606,0.9405204795687251,0.8456771005567402,9.913253405212472e-05,0.0025963534627817266,0.0014094618342612338,0.0012513895359072466,0.0001580722986567583,0.041666666666666664,0.15427308342412968,4.040524719681252,2.1934476427867504,1.9474506943158674,0.24599694894206478,64.84294186701766,0.0002831829987861698,0.0002961458702154193,0.00010018923113485663
0.030116665727638877,0.07924800000000001,816.4852475732973,4.984736960477643,0.9405893074646887,0.8457777320521748,9.901782089218548e-05,0.002595797299305436,0.0014096295534202913,0.0012516102610654223,0.00015801929265764003,0.041666666666666664,0.1541020182724984,4.039854636720629,2.193814782443582,1.9478884263748932,0.24592635653989348,64.84607891959283,0.00028304351154760226,0.000295973865300559,9.995356470839271e-05
0.0304062490519431,0.08001000000000001,816.4268856471979,4.984586319573749,0.9406580645959537,0.845878309508405,9.890322567341061e-05,0.0025952413781493416,0.0014097971825140084,0.001251830924034082,0.00015796625878269763,0.041666666666666664,0.15393111806141216,4.039184811796971,2.1941817879712695,1.9483260778239893,0.24585571061850783,64.84921540447263,0.00028290411153647954,0.0002958020340004265,9.971811548826561e-05
0.030695832376247317,0.08077200000000001,816.3685343266567,4.984435685954896,0.9407267510184283,0.8459788329490366,9.878874830261955e-05,0.0025946856992492555,0.0014099647215817278,0.0012520515247987295,0.00015791319708576942,0.041666666666666664,0.15376038267627562,4.038515244864645,2.1945486593912658,1.9487636486063482,0.2457850112561675,64.85235132128504,0.00028276479191724415,0.0002956303699013364,9.948288308978788e-05
0.030985415700551536,0.08153400000000001,816.3101936144847,4.984285059619057,0.940795366788021,0.8460793023976747,9.867438868663172e-05,0.0025941302625409894,0.0014101321706627913,0.0012522720633448689,0.0001578601076206937,0.041666666666666664,0.15358981200245975,4.037845935878,2.194915396725035,1.9492011386651562,0.24571425853115197,64.85548666965792,0.00028262554592083886,0.0002954588666406009,9.924786711764598e-05
0.031274999024855754,0.08229600000000001,816.2518635134927,4.984134440564204,0.9408639119606401,0.8461797178779248,9.856014673226655e-05,0.0025935750679603542,0.0014102995297965413,0.0012524925396580038,0.00015780699044130886,0.041666666666666664,0.15341940592530143,4.037176884791355,2.1952819999940516,1.9496385479435867,0.24564345252176112,64.85862144921904,0.0002824863668439422,0.00029528751790344055,9.901306716487784e-05
0.03156458234915998,0.08305800000000002,816.1935440264916,4.9839838287883085,0.940932386592194,0.846280079413392,9.844602234634346e-05,0.002593020115443162,0.00141046679902232,0.0012527129537236383,0.00015775384560145315,0.041666666666666664,0.15324916433010388,4.036508091559006,2.195648469219799,1.9500758763848034,0.24557259330631426,64.86175565959604,0.00028234724804922825,0.0002951163174270376,9.877848281454581e-05
0.0318541656734642,0.08382000000000002,816.1352351562925,4.983833224289344,0.9410007907385909,0.8463803870276818,9.833201543568189e-05,0.002592465404925225,0.0014106339783794698,0.0012529333055272761,0.00015770067315496497,0.041666666666666664,0.15307908710213633,4.035839556135215,2.1960148044237684,1.9505131239319589,0.245501680963151,64.86488930041644,0.0002822081829636423,0.00029494525899529414,9.854411363779742e-05
0.032143748997768416,0.084582,816.0769369057062,4.983682627065281,0.9410691244557392,0.8464806407443997,9.821812590710125e-05,0.0025919109363423537,0.001410801067907333,0.0012531535950544214,0.00015764747315568262,0.041666666666666664,0.1529091741266342,4.035171278474229,2.196381005627464,1.950950290528197,0.24543071557063076,64.86802237130769,0.00028206916507993575,0.0002947743364429456,9.830995919555436e-05
0.032433332322072635,0.085344,816.0186492775437,4.9835320371140925,0.9411373877995474,0.8465808405871507,9.810435366742097e-05,0.00259135670963036,0.0014109680676452512,0.0012533738222905782,0.00015759424565744444,0.041666666666666664,0.1527394252887992,4.034503258530259,2.196747072852396,1.9513873761166498,0.24535969720713305,64.8711548718971,0.00028193018795550956,0.0002946035436530205,9.807601903784017e-05
0.03272291564637686,0.08610600000000002,815.9603722746158,4.983381454433751,0.9412055808259236,0.8466809865795404,9.799069862346049e-05,0.0025908027247250557,0.0014111349776325674,0.00125359398722125,0.00015754099071408874,0.041666666666666664,0.1525698404737989,4.0338354962574945,2.197113006120086,1.9518243806404383,0.245288625951057,64.87428680181188,0.0002817912452107471,0.00029443287455636007,9.784229270331244e-05
0.03301249897068108,0.08686800000000001,815.9021058997334,4.983230879022229,0.9412737035907764,0.8467810787451742,9.787716068203922e-05,0.0025902489815622523,0.0014113017979086237,0.0012538140898319412,0.00015748770837945386,0.041666666666666664,0.15240041956676745,4.033167991610101,2.197478805452066,1.9522613040426764,0.24521750188082214,64.87741816067916,0.00028165233053093234,0.00029426232313278994,9.760877972030891e-05
0.0333020822949853,0.08763000000000001,815.8438501557075,4.983080310877497,0.941341756150014,0.8468811171076572,9.776373974997659e-05,0.0025896954800777613,0.0014114685285127621,0.0012540341301081552,0.00015743439870737812,0.041666666666666664,0.15223116245280477,4.032500744542215,2.1978444708698763,1.9526981462664639,0.2451463250748676,64.88054894812592,0.00028151343766374303,0.00029409188340949515,9.737547960585038e-05
0.033591665619289515,0.08839200000000001,815.7856050453491,4.9829297499975285,0.9414097385595448,0.8469811016905948,9.765043573409201e-05,0.002589142220207395,0.0014116351694843249,0.0012542541080353962,0.00015738106175169987,0.041666666666666664,0.1520620690169772,4.031833755007947,2.1982100023950664,1.9531349072548918,0.24507509561165255,64.88367916377904,0.0002813745604202345,0.00029392154946130447,9.714239186607834e-05
0.03388124894359374,0.08915400000000002,815.7273705714689,4.982779196380295,0.941477650875277,0.8470810325175926,9.753724854120494e-05,0.002588589201886964,0.0014118017208626544,0.0012544740235991682,0.0001573276975662574,0.041666666666666664,0.15189313914431718,4.031167022961382,2.198575400049197,1.9535715869510413,0.24500381356965611,64.88680880726531,0.00028123569267445774,0.00029375131541124636,9.690951599678746e-05
0.03417083226789796,0.08991600000000002,815.669146736878,4.98262865002377,0.9415454931531192,0.8471809096122557,9.742417807813478e-05,0.00258803642505228,0.0014119681826870929,0.001254693876784975,0.00015727430620488908,0.041666666666666664,0.15172437271982325,4.030500548356577,2.1989406638538354,1.9540081852979816,0.24493247902737714,64.88993787821138,0.0002810968283614558,0.0002935811754276665,9.667685148189426e-05
0.03446041559220218,0.09067800000000001,815.6109335443873,4.982478110925925,0.9416132654489795,0.8472807329981895,9.731122425170097e-05,0.002587483889639155,0.0014121345549969826,0.0012549136675783206,0.00015722088772143322,0.041666666666666664,0.15155576962846037,4.029834331147567,2.1993057938305625,1.9544447022387739,0.24486109206333473,64.89306637624385,0.00028095796147945587,0.0002934111237275775,9.644439779552612e-05
0.034749998916506396,0.09144000000000001,815.5527309968076,4.982327579084731,0.9416809678187663,0.8473805026989993,9.719838696872293e-05,0.0025869315955834005,0.0014123008378316656,0.0012551333959647088,0.00015716744216972815,0.041666666666666664,0.1513873297551594,4.029168371288359,2.199670790000965,1.9548811377164665,0.2447896527560677,64.89619430098915,0.0002808190860872164,0.0002932411545732447,9.62121544001723e-05
0.035039582240810614,0.092202,815.4945390969499,4.982177054498162,0.9417486003183879,0.8474802187382906,9.708566613602009e-05,0.0025863795428208284,0.0014124670312304845,0.0012553530619296436,0.0001571139696036122,0.041666666666666664,0.1512190529848176,4.02850266873293,2.200035652386642,1.9553174916740987,0.24471816118413478,64.89932165207362,0.00028068019630470736,0.00029307126227378564,9.598012074764394e-05
0.03532916556511484,0.09296400000000002,815.4363578476251,4.982026537164188,0.9418161630037529,0.8475798811396686,9.697306166041186e-05,0.0025858277312872497,0.001412633135232781,0.0012555726654586287,0.00015706047007692372,0.041666666666666664,0.15105093920229834,4.027837223435238,2.2004003810092,1.9557537640546998,0.2446466174261146,64.90244842912352,0.0002805412863128962,0.0002929014411840815,9.574829627895138e-05
0.03561874888941906,0.09372600000000002,815.3781872516441,4.981876027080784,0.9418836559307695,0.8476794899267388,9.686057344871769e-05,0.0025852761609184765,0.001412799149877898,0.0012557922065371684,0.000157006943643501,0.041666666666666664,0.15088298829243119,4.027172035349209,2.200764975890257,1.9561899548012884,0.24457502156060576,64.90557463176498,0.0002804023503528637,0.00029273168570496895,9.551668042443075e-05
0.035908332213723276,0.09448800000000002,815.3200273118179,4.9817255242459195,0.9419510791553458,0.8477790451231063,9.674820140775698e-05,0.00258472483165032,0.0014129650752051773,0.0012560116851507662,0.00015695339035718238,0.041666666666666664,0.15071520014001197,4.026507104428745,2.201129437051439,1.956626063856872,0.2445033736662267,64.908700259624,0.00028026338272579176,0.0002925619902826031,9.528527260332923e-05
0.036197915538027495,0.09525000000000002,815.2618780309573,4.981575028657568,0.9420184327333905,0.8478785467523767,9.663594544434919e-05,0.002584173743418592,0.0014131309112539612,0.0012562311012849264,0.0001568998102718062,0.041666666666666664,0.1505475746298026,4.025842430627724,2.2014937645143813,1.9570620911644485,0.24443167382161574,64.9118253123265,0.00028012437779218456,0.00029239234940838947,9.505407222397474e-05
0.03648749886233172,0.09601200000000003,815.2037394118734,4.981424540313703,0.9420857167208119,0.8479779948381553,9.652380546531371e-05,0.002583622896159104,0.0014132966580635922,0.0012564504549251528,0.0001568462034412108,0.041666666666666664,0.15038011164653137,4.0251780138999935,2.2018579583007316,1.9574980366670058,0.2443599221054312,64.9149497894983,0.00027998532997232893,0.0002922227576186958,9.482307868409479e-05
0.03677708218663594,0.09677400000000001,815.1456114172348,4.98127405921165,0.9421529311138356,0.848077389217719,9.641178147694065e-05,0.002583072290950386,0.001413462315362865,0.001256669745535325,0.0001567925701303111,0.041666666666666664,0.15021281123527144,4.024513856124452,2.2022220180274705,1.9579338995652005,0.24428811893399777,64.91807369309885,0.0002798463527626903,0.00029205329975481837,9.459224738918376e-05
0.03706666551094016,0.09753600000000001,815.0874940665733,4.981123585349973,0.9422200759785826,0.848176729989896,9.629987336902897e-05,0.0025825219272437834,0.0014136278833164935,0.0012568889733346705,0.0001567389102845943,0.041666666666666664,0.1500456732519069,4.0238499564395935,2.202585943878382,1.9583696801365826,0.24421626421354997,64.92119702177577,0.00027970738658023736,0.00029188393708191526,9.43616165444239e-05
0.037356248835244375,0.09829800000000001,815.029387366538,4.9809731187267605,0.9422871513734968,0.8482760171958761,9.618808104417198e-05,0.002581971804862107,0.0014137933619931269,0.0012571081383630802,0.00015668522393281792,0.041666666666666664,0.14987869757397243,4.023186314609388,2.2029497359132146,1.9588053784020834,0.2441443579829046,64.92431977493152,0.00027956841320333863,0.00029171465627435224,9.413119443061367e-05
0.037645832159548594,0.09906000000000001,814.9712913177025,4.980822659339979,0.9423541573491047,0.8483752508488425,9.607640441815896e-05,0.002581421923801677,0.0014139587514147376,0.0012573272405802887,0.0001566315111372202,0.041666666666666664,0.14971188410034866,4.022522930690055,2.203313394131005,1.9592409942684077,0.24407240033439345,64.92744195232234,0.00027942943274719543,0.00029154545733025964,9.390098112348758e-05
0.03793541548385282,0.09982200000000002,814.9132059206399,4.980672207187593,0.9424210939559325,0.8484744309619788,9.59648434067792e-05,0.0025808722840588148,0.0014141240516032981,0.00125754627994603,0.00015657777196003949,0.041666666666666664,0.14954523272988404,4.0218598047378045,2.2036769185307987,1.9596765276422463,0.24400039136037074,64.93056355370442,0.0002792904453236994,0.0002913763402456095,9.367097669962404e-05
0.03822499880815704,0.10058400000000002,814.8551311759239,4.9805217622675695,0.9424879612445068,0.8485735575484685,9.585339792582198e-05,0.002580322885629841,0.001414289262580781,0.001257765256420038,0.00015652400646351395,0.041666666666666664,0.14937874336139462,4.02119693680883,2.2040403091116487,1.9601119784302776,0.2439283311532122,64.9336845788339,0.0002791514510428109,0.000291207305015224,9.344118123690697e-05
0.038514582132461256,0.10134600000000002,814.7970670841279,4.980371324577873,0.942554759265354,0.848672630621495,9.574206789107658e-05,0.0025797737285110766,0.0014144543843691583,0.0012579841699620477,0.00015647021470988187,0.041666666666666664,0.14921241589366416,4.020534326959323,2.2044035658726187,1.960547346539167,0.24385621980531563,64.9368050274669,0.00027901245001170935,0.00029103835163191014,9.321159481354713e-05
0.038804165456765474,0.102108,814.7390136458249,4.980220894116471,0.9426214880690006,0.8487716501942417,9.56308532183323e-05,0.0025792248126988424,0.001414619416990403,0.0012582030205317927,0.00015641639676138155,0.041666666666666664,0.14904625022544424,4.019871975245461,2.2047666888127817,1.9609826318755672,0.24378405740910108,64.93992489935955,0.00027887344233523177,0.0002908694800864453,9.298221750856346e-05
0.0390937487810697,0.10287000000000002,814.6809708615887,4.980070470881327,0.942688147705973,0.8488706162798921,9.551975382337838e-05,0.0025786761381894592,0.001414784360466487,0.0012584218080890072,0.00015636255268025123,0.041666666666666664,0.14888024625545396,4.019209881723408,2.2051296779312173,1.9614178343461166,0.24371184405701019,64.94304419426786,0.0002787344281160249,0.00029070069036824534,9.275304940147295e-05
0.03938333210537392,0.10363200000000002,814.6229387319925,4.979920054870409,0.9427547382267976,0.84896952889163,9.540876962200414e-05,0.002578127704979248,0.0014149492148193834,0.0012586405325934256,0.00015630868252872914,0.041666666666666664,0.1487144038823804,4.0185480464493235,2.205492533227017,1.9618529538574425,0.24363957984150675,64.94616291194785,0.000278595407453596,0.00029053198246426696,9.25240905724207e-05
0.039672915429678136,0.10439400000000001,814.5649172576095,4.979769646081681,0.9428212596820007,0.8490683880426385,9.529790052999884e-05,0.00257757951306453,0.0014151139800710642,0.001258859194004782,0.0001562547863690536,0.041666666666666664,0.1485487230048782,4.017886469479354,2.2058552546992796,1.9622879903161583,0.24356726485507646,64.94928105215554,0.0002784563804457247,0.0002903633563601302,9.229534110146196e-05
0.039962498753982355,0.10515600000000001,814.5069064390135,4.97961924451311,0.942887712122109,0.8491671937461012,9.51871464631518e-05,0.002577031562441626,0.001415278656243502,0.0012590777922828105,0.00015620086426346283,0.041666666666666664,0.14838320352156978,4.017225150869632,2.206217842347113,1.9627229436288631,0.2434948991902268,64.95239861464684,0.00027831734718796315,0.00029019481203975924,9.206680106938407e-05
0.04025208207828657,0.10591800000000001,814.4489062767776,4.97946885016266,0.9429540955976486,0.8492659460152016,9.507650733725224e-05,0.0025764838531068565,0.0014154432433586693,0.0012592963273872456,0.0001561469162741951,0.041666666666666664,0.14821784533104537,4.016564090676287,2.2065802961696344,1.963157813702147,0.2434224829394875,64.95551559917772,0.0002781783077729291,0.00029002634948455775,9.183847055667304e-05
0.0405416654025908,0.10668000000000002,814.3909167714753,4.979318463028299,0.9430204101591464,0.849364644863123,9.49659830680895e-05,0.0025759363850565422,0.0014156077414385385,0.0012595147992778212,0.00015609294246348866,0.041666666666666664,0.1480526483318629,4.015903288955432,2.20694261616597,1.9635926004425828,0.24335001619540989,64.95863200550404,0.0002780392622916467,0.000289857968674456,9.161034964402592e-05
0.04083124872689502,0.10744200000000002,814.3329379236799,4.979168083107992,0.9430866558571284,0.8494632903030492,9.485557357145282e-05,0.002575389158287005,0.0014157721505050822,0.0012597332079142716,0.00015603894289358182,0.041666666666666664,0.14788761242254803,4.015242745763173,2.2073048023352553,1.9640273037567333,0.24327749905056736,64.96174783338168,0.00027790021083221543,0.0002896896695874749,9.138243841216619e-05
0.041120832051199235,0.10820400000000001,814.2749697339648,4.979017710399705,0.9431528327421211,0.8495618823481634,9.47452787631315e-05,0.002574842172794565,0.0014159364705802725,0.001259951553256331,0.00015598491762671278,0.041666666666666664,0.14772273750159423,4.014582461155602,2.207666854676634,1.9644619235511467,0.24320493159755516,64.96486308256642,0.00027776115348141243,0.00028952145219987026,9.115473694154429e-05
0.041410415375503454,0.10896600000000001,814.2170122029034,4.978867344901404,0.9432189408646512,0.8496604210116492,9.463509855891485e-05,0.002574295428575543,0.001416100701686082,0.0012601698352637336,0.00015593086672511982,0.041666666666666664,0.14755802346746275,4.013922435188805,2.208028773189259,1.964896459732359,0.24313231392899043,64.96797775281408,0.0002776220903232381,0.00028935331648556,9.092724531212685e-05
0.04169999869980768,0.10972800000000002,814.1590653310692,4.978716986611053,0.9432849802752447,0.84975890630669,9.45250328745921e-05,0.0025737489256262604,0.0014162648438444834,0.0012603880538962135,0.00015587679025104122,0.041666666666666664,0.1473934702185825,4.0132626679188546,2.208390557872293,1.9653309122068936,0.24305964613751233,64.97109184388039,0.0002774830214395779,0.00028918526241720094,9.069996360399561e-05
0.0419895820241119,0.11049000000000002,814.1011291190354,4.978566635526619,0.9433509510244285,0.8498573382464694,9.441508162595255e-05,0.002573202663943038,0.001416428897077449,0.001260606209113505,0.00015582268826671525,0.041666666666666664,0.14722907765335028,4.012603159401814,2.2087522087249063,1.9657652808812605,0.24298692831578173,64.9742053555211,0.00027734394691064754,0.00028901728996469063,9.047289189628463e-05
0.042279165348416116,0.11125200000000002,814.0432035673755,4.9784162916460675,0.9434168531627287,0.8499557168441706,9.43052447287855e-05,0.0025726566435221965,0.0014165928614069511,0.0012608243008753422,0.00015576856083438013,0.041666666666666664,0.14706484567013065,4.011943909693734,2.20911372574628,1.9661995656619566,0.24291416055648143,64.97731828749187,0.0002772048668138984,0.00028884939909655445,9.024603026777859e-05
0.042568748672720334,0.11201400000000002,813.9852886766629,4.978265954967365,0.9434826867406718,0.8500540421129774,9.419552209888022e-05,0.0025721108643600565,0.0014167567368549624,0.0012610423291414595,0.00015571440801627416,0.041666666666666664,0.146900774167256,4.01128491885066,2.2094751089356026,1.9666337664554676,0.24284134295231616,64.98043063954837,0.00027706578122543954,0.0002886815897791867,9.001937879661897e-05
0.04285833199702456,0.11277600000000003,813.9273844474709,4.978115625488477,0.9435484518087843,0.8501523140660731,9.408591365202599e-05,0.0025715653264529394,0.0014169205234434551,0.0012612602938715908,0.00015566022987463559,0.041666666666666664,0.14673686304302638,4.01062618692862,2.209836358292073,1.967067883168264,0.24276847559601247,64.98354241144624,0.00027692669021969974,0.0002885138619774041,8.979293756032386e-05
0.04314791532132878,0.11353800000000003,813.8694908803728,4.977965303207369,0.9436141484175928,0.8502505327166412,9.397641930401208e-05,0.0025710200297971663,0.001417084221194402,0.0012614781950254707,0.00015560602647170265,0.041666666666666664,0.14657311219570981,4.009967713983639,2.2101974738148984,1.9675019157068059,0.24269555858031874,64.98665360294105,0.00027678759386797863,0.00028834621565368234,8.956670663528481e-05
0.043437498645632996,0.11430000000000001,813.8116079759424,4.977814988122006,0.9436797766176234,0.8503486980778651,9.38670389706278e-05,0.0025704749743890574,0.0014172478301297752,0.001261696032562833,0.00015555179786971366,0.041666666666666664,0.14640952152354195,4.009309500071723,2.2105584555032936,1.9679358639775368,0.24262259199800523,64.98976421378832,0.0002766484922402167,0.00028817865076793996,8.934068609700407e-05
0.043727081969937215,0.11506200000000001,813.7537357347526,4.977664680230355,0.9437453364594025,0.8504468101629284,9.375777256766242e-05,0.002569930160224934,0.0014174113502715476,0.001261913806443412,0.00015549754413090683,0.041666666666666664,0.14624609092472643,4.008651545248873,2.2109193033564853,1.9683697278868926,0.24254957594186408,64.99287424374364,0.00027650938540499923,0.0002880111672795545,8.911487602034768e-05
0.04401666529424143,0.11582400000000001,813.695874157377,4.977514379530382,0.9438108279934568,0.8505448689850146,9.364862001090522e-05,0.0025693855873011166,0.001417574781641691,0.0012621315166269419,0.00015544326531752046,0.041666666666666664,0.14608282029743455,4.007993849571081,2.211280017373707,1.9688035073412917,0.24247651050470923,64.99598369256245,0.00027637027342838514,0.0002878437651447326,8.888927647865043e-05
0.04430624861854566,0.11658600000000002,813.6380232443889,4.977364086020051,0.9438762512703127,0.850642874557307,9.353958121614547e-05,0.002568841255613927,0.0014177381242621784,0.001262349163073157,0.00015538896149179277,0.041666666666666664,0.1459197095398056,4.0073364130943245,2.211640597554203,1.9692372022471436,0.24240339577937647,64.99909256000024,0.0002762311563748071,0.0002876764443181578,8.866388754417645e-05
0.04459583194284988,0.11734800000000002,813.5801829963619,4.9772137996973305,0.9439416063404965,0.8507408268929892,9.343065609917247e-05,0.0025682971651596847,0.0014179013781549822,0.0012625667457417914,0.00015533463271596206,0.041666666666666664,0.1457567585499465,4.006679235874571,2.2120010438972244,1.9696708125108406,0.24233023185872324,65.00220084581241,0.00027609203430694923,0.00028750920475213357,8.843870928789399e-05
0.044885415267154095,0.11811000000000002,813.5223534138693,4.977063520560183,0.9440068932545347,0.8508387260052447,9.33218445757755e-05,0.002567753315934712,0.0014180645433420746,0.0012627842645925793,0.00015528027905226658,0.041666666666666664,0.1455939672259321,4.006022317967779,2.212361356402033,1.9701043380387657,0.24225701883562906,65.00530854975433,0.00027595290728570337,0.0002873420463975574,8.821374177953842e-05
0.045174998591458314,0.118872,813.4645344974842,4.976913248606577,0.9440721120629537,0.8509365719072569,9.321314656174384e-05,0.0025672097079353293,0.0014182276198454282,0.001263001719585255,0.0001552259005629446,0.041666666666666664,0.14543133546580522,4.005365659429897,2.2127215350679,1.970537778737289,0.24218375680299523,65.00841567158142,0.0002758137753700489,0.0002871749692026357,8.798898508714095e-05
0.04546458191576254,0.11963400000000003,813.4067262477804,4.976762983834477,0.94413726281628,0.8510343646122093,9.310456197286676e-05,0.0025666663411578567,0.0014183906076870156,0.0012632191106795526,0.00015517149731023434,0.041666666666666664,0.14526886316757626,4.004709260316858,2.2130815798941033,1.970971134512766,0.24211044585374455,65.01152221104894,0.0002756746386173747,0.0002870079731137703,8.776443927725816e-05
0.04575416524006676,0.12039600000000002,813.348928665331,4.976612726241849,0.9442023455650399,0.8511321041332853,9.299609072493355e-05,0.0025661232155986162,0.001418553506888809,0.0012634364378352062,0.0001551170693563741,0.041666666666666664,0.14510655022922372,4.004053120684593,2.213441490879933,1.9714044052715403,0.24203708608082203,65.01462816791225,0.00027553549708373006,0.00028684105807589416,8.754010441499937e-05
0.046043748564370976,0.12115800000000002,813.2911417507096,4.976462475826659,0.9442673603597599,0.8512297904836686,9.28877327337335e-05,0.0025655803312539284,0.0014187163174727811,0.00126365370101195,0.00015506261676360216,0.041666666666666664,0.14494439654869376,4.003397240589013,2.213801268024685,1.9718375909199426,0.24196367757719414,65.01773354192653,0.0002753963508229002,0.0002866742240307513,8.731598056354184e-05
0.046333331888675194,0.12192000000000001,813.2333655044894,4.9763122325868725,0.9443323072509665,0.8513274236765425,9.277948791505588e-05,0.002565037688120114,0.0014188790394609042,0.0012638709001695186,0.00015500813959415673,0.041666666666666664,0.1447824020239005,4.0027416200860255,2.2141609113276672,1.9722706913642922,0.24189022043584935,65.02083833284708,0.00027525719988773744,0.0002865074709192372,8.709206778452953e-05
0.04662291521297941,0.12268200000000001,813.1755999272438,4.976161996520455,0.944397186289186,0.8514250037250903,9.267135618468999e-05,0.002564495286193494,0.0014190416728751506,0.0012640880352676458,0.0001549536379102761,0.041666666666666664,0.14462056655272593,4.002086259231524,2.214520420788194,1.9727037065108934,0.2418167147497977,65.02394254042902,0.0002751180443289456,0.00028634079867948876,8.686836613750638e-05
0.04691249853728364,0.12344400000000003,813.1178450195463,4.976011767625373,0.944461997524945,0.8515225306424957,9.256333745842508e-05,0.0025639531254703887,0.001419204217737493,0.001264305106266066,0.00015489911177419855,0.041666666666666664,0.14445889003301984,4.001431158081391,2.21487979640559,1.973136636266039,0.2417431606120712,65.02704616442756,0.00027497888419577096,0.0002861742072473082,8.664487567988248e-05
0.047202081861587857,0.12420600000000002,813.0601007819702,4.975861545899591,0.9445267410087698,0.8516200044419423,9.245543165205047e-05,0.00256341120594712,0.0014193666740699039,0.001264522113124513,0.0001548445612481623,0.041666666666666664,0.14429737236260012,4.000776316691502,2.2152390381791904,1.9735694805360096,0.2416695581157235,65.0301492045978,0.0002748397195361026,0.00028600769655721616,8.642159646748659e-05
0.047491665185892075,0.12496800000000001,813.0023672150888,4.975711331341077,0.9445914167911867,0.8517174251366134,9.234763868135542e-05,0.002562869527620008,0.0014195290418943557,0.0012647390558027214,0.00015478998639440562,0.041666666666666664,0.1441360134392522,4.000121735117717,2.2155981461083374,1.974002239227072,0.24159590735383002,65.03325166069487,0.0002747005503964518,0.0002858412665413218,8.619852855382318e-05
0.04778124851019629,0.12573,812.9446443194757,4.975561123947794,0.9446560249227225,0.8518147927396924,9.223995846212921e-05,0.002562328090485374,0.0014196913212328208,0.0012649559342604252,0.0001547353872751668,0.041666666666666664,0.1439748131607296,3.999467413415888,2.215957120192382,1.9744349122454807,0.2415222084194879,65.0363535324738,0.0002745613768210665,0.0002856749171287261,8.59756719898229e-05
0.04807083183450052,0.12649200000000002,812.8869320957043,4.97541092371771,0.9447205654539033,0.8519121072643628,9.213239091016114e-05,0.002561786894539539,0.0014198535121072715,0.0012651727484573588,0.00015468076395268408,0.041666666666666664,0.1438137714247538,3.998813351641857,2.216315960430685,1.9748674994974786,0.24144846140581616,65.03945481968964,0.0002744221988541074,0.0002855086482484264,8.575302682498199e-05
0.04836041515880474,0.12725400000000003,812.8292305443478,4.975260730648791,0.9447850384352556,0.8520093687238083,9.202493594124047e-05,0.0025612459397788235,0.0014200156145396806,0.001265389498353256,0.00015462611648919572,0.041666666666666664,0.14365288812901403,3.9981595498514526,2.2166746668226165,1.9753000008892934,0.2413746664059553,65.04255552209735,0.0002742830165370892,0.0002853424598255368,8.553059310568046e-05
0.048649998483108955,0.12801600000000002,812.7715396659796,4.975110544739,0.9448494439173061,0.8521065771312121,9.191759347115649e-05,0.0025607052261995486,0.0014201776285520202,0.0012656061839078515,0.00015457144494694,0.041666666666666664,0.1434921631711675,3.9975060081004963,2.217033239367556,1.975732416327143,0.24130082351306784,65.04565563945192,0.0002741438299105944,0.00028517635178372465,8.530837087620903e-05
0.048939581807413174,0.128778,812.7138594611731,4.9749603659863055,0.944913781950581,0.8522037324997578,9.181036341569848e-05,0.0025601647537980355,0.001420339554166263,0.0012658228050808791,0.00015451674938815518,0.041666666666666664,0.1433315964488393,3.9968527264447964,2.217391678064891,1.9761647457172307,0.24122693282033777,65.04875517150828,0.0002740046390138218,0.0002850103240444349,8.508636017828788e-05
0.0492291651317174,0.12954000000000002,812.6561899305019,4.974810194388672,0.9449780525856065,0.8523008348426289,9.170324569065574e-05,0.0025596245225706043,0.0014205013914043816,0.0012660393618320733,0.00015446202987507947,0.041666666666666664,0.1431711878596225,3.9961997049401496,2.217749982914019,1.976596988965748,0.24115299442097088,65.05185411802131,0.0002738654438848526,0.0002848443765272782,8.486456105117993e-05
0.04951874845602162,0.13030200000000003,812.5985310745391,4.974660029944066,0.9450422558729096,0.8523978841730088,9.159624021181753e-05,0.0025590845325135767,0.001420663140288348,0.001266255854121168,0.0001544072864699512,0.041666666666666664,0.143010937301078,3.9955469436423448,2.2181081539143452,1.977029145978873,0.2410790084081947,65.05495247874589,0.00027372624455982347,0.000284678509149173,8.464297353121382e-05
0.049808331780325836,0.131064,812.5408828938582,4.974509872650452,0.945106391863016,0.852494880504081,9.148934689497315e-05,0.002558544783623273,0.001420824800840135,0.0012664722819078977,0.0001543525192350086,0.041666666666666664,0.14285084467073475,3.994894442607159,2.218466191065286,1.9774612166627727,0.24100497487525843,65.05805025343686,0.0002735870410744687,0.0002845127218257383,8.442159765243981e-05
0.050097915104630054,0.13182600000000003,812.4832453890326,4.974359722505797,0.9451704606064529,0.852591823849029,9.138256565591185e-05,0.0025580052758960147,0.001420986373081715,0.0012666886451519963,0.00015429772823248993,0.041666666666666664,0.14269090986608945,3.9942422018903576,2.2188240943662647,1.9778932009235994,0.240930893915433,65.06114744184899,0.00027344783346251294,0.0002843470144695845,8.420043344557929e-05
0.05038749842893427,0.132588,812.4256185606356,4.9742095795080665,0.9452344621537463,0.8526887142210361,9.127589641042295e-05,0.002557466009328122,0.0014211478570350603,0.001266904943813198,0.00015424291352463345,0.041666666666666664,0.14253113278460702,3.9935902215476964,2.219181863816716,1.978325098667495,0.24085676562201092,65.06424404373709,0.0002733086217569994,0.0002841813869919909,8.39794809390507e-05
0.0506770817532385,0.13335000000000002,812.3680024092407,4.974059443655226,0.9452983965554226,0.8527855516332861,9.116933907429571e-05,0.0025569269839159164,0.0014213092527221435,0.0012671211778512374,0.00015418807517367746,0.041666666666666664,0.14237151332372003,3.992938501634918,2.21953949941608,1.9787569098005864,0.2407825900883065,65.06734005885585,0.0002731694059888694,0.0002840158393008479,8.37587401577672e-05
0.05096666507754272,0.134112,812.3103969354213,4.973909314945241,0.9453622638620083,0.8528823360989622,9.106289356331942e-05,0.0025563881996557183,0.0014214705601649372,0.0012673373472258482,0.00015413321324186016,0.041666666666666664,0.1422120513808292,3.9922870422077588,2.2198970011638113,1.9791886342289906,0.2407083674076555,65.07043548696001,0.0002730301861893745,0.0002838503713036877,8.35382111241791e-05
0.051256248401846935,0.13487400000000002,812.2528021397507,4.973759193376079,0.94542606412403,0.852979067631248,9.095655979328336e-05,0.0025558496565438486,0.0014216317793854134,0.0012675534518967648,0.00015407832779141986,0.041666666666666664,0.14205274685330313,3.9916358433219394,2.2202543690593677,1.9796202718588096,0.24063409767341573,65.07353032780422,0.00027289096238689964,0.00028368498290414585,8.331789385715923e-05
0.05154583172615115,0.135636,812.1952180228022,4.973609078945704,0.9454897973920139,0.8530757462433269,9.085033767997681e-05,0.0025553113545766287,0.001421792910405545,0.0012677694918237217,0.00015402341888459477,0.041666666666666664,0.14189359963847833,3.9909849050331734,2.22061160310222,1.980051822596134,0.24055978097896613,65.07662458114311,0.00027275173461026444,0.00028351967400502,8.309778837304554e-05
0.05183541505045538,0.13639800000000002,812.1376445851495,4.973458971652081,0.9455534637164866,0.8531723719483827,9.074422713918905e-05,0.0025547732937503793,0.0014219539532473045,0.0012679854669664526,0.00015396848658362323,0.041666666666666664,0.14173460963365944,3.9903342273971605,2.2209687032918475,1.9804832863470418,0.24048541741770785,65.07971824673129,0.0002726125028858882,0.0002833544445060289,8.28778946842714e-05
0.0521249983747596,0.13716000000000003,812.0800818273656,4.973308871493179,0.9456170631479744,0.8532689447595982,9.063822808670937e-05,0.002554235474061421,0.0014221149079326639,0.0012682013772846918,0.00015391353095074343,0.041666666666666664,0.14157577673611899,3.9896838104695926,2.2213256696277366,1.9809146630175984,0.24041100708306326,65.08281132432334,0.00027247326724002467,0.00028318929430518004,8.265821280063733e-05
0.052414581699063816,0.13792200000000002,812.0225297500242,4.973158778466961,0.9456805957370038,0.8533654646901575,9.053234043832706e-05,0.002553697895506075,0.001422275774483596,0.0012684172227381736,0.00015385855204819366,0.041666666666666664,0.1414171008430974,3.9890336543061493,2.221682502109385,1.981345952513856,0.2403365500684765,65.08590381367378,0.0002723340276972398,0.0002830242232983344,8.243874272805896e-05
0.052704165023368034,0.13868400000000003,811.9649883536985,4.973008692571393,0.9457440615341012,0.8534619317532438,9.042656410983137e-05,0.002553160558080662,0.0014224365529220732,0.0012686330032866322,0.00015380354993821217,0.041666666666666664,0.14125858185180315,3.988383758962499,2.2220392007362992,1.9817771547418552,0.24026204646741336,65.08899571453713,0.0002721947842815158,0.00028285923137886946,8.221948446947581e-05
0.05299374834767225,0.13944600000000001,811.9074576389619,4.972858613804442,0.9458074605897931,0.8535583459620407,9.032089901701161e-05,0.002552623461781503,0.001422597243270068,0.0012688487188898018,0.00015374852468303724,0.041666666666666664,0.14110021965941283,3.9877341244943,2.222395765507994,1.9822082696076246,0.24018749637336134,65.09208702666788,0.00027205553701545516,0.0002826943184383873,8.200043802402886e-05
0.05328333167197648,0.14020800000000003,811.8499376063878,4.9727085421640735,0.9458707929546057,0.8536547073297316,9.021534507565706e-05,0.002552086606604919,0.0014227578455495527,0.0012690643695074167,0.00015369347634490714,0.041666666666666664,0.1409420141630708,3.987084750957198,2.222752196423993,1.9826392970171784,0.24011289987982926,65.09517774982044,0.00027191628592100836,0.00028252948436613564,8.17816033878457e-05
0.053572914996280696,0.14097,811.7924282565497,4.972558477648252,0.9459340586790658,0.8537510158694998,9.010990220155698e-05,0.0025515499925472308,0.0014229183597824996,0.0012692799550992108,0.0001536384049860601,0.041666666666666664,0.14078396525988962,3.9864356384068316,2.2231084934838297,1.9830702368765187,0.24003825708034782,65.09826788374923,0.0002717770310189991,0.00028236472904895663,8.156298055274913e-05
0.053862498320584914,0.14173200000000002,811.7349295900209,4.972408420254945,0.9459972578136996,0.853847271594529,9.000457031050068e-05,0.002551013619604759,0.0014230787859908817,0.0012694954756249186,0.0001535833106687344,0.041666666666666664,0.14062607284694975,3.985786786898824,2.223464656687047,1.9835010890916374,0.23996356806846927,65.10135742820863,0.00027163777232897175,0.00028220005237142146,8.134456950729066e-05
0.05415208164488913,0.142494,811.6774416073747,4.972258369982117,0.9460603904090336,0.8539434745180025,8.989934931827743e-05,0.0025504774877738246,0.001423239124196671,0.001269710931044274,0.00015352819345516828,0.041666666666666664,0.14046833682129972,3.9851381964887915,2.2238206860331955,1.9839318535685109,0.23988883293776733,65.104446382953,0.000271498509870359,0.00028203545421682364,8.112637023652462e-05
0.05444166496919336,0.14325600000000002,811.6199643091846,4.972108326827734,0.9461234565155942,0.8540396246531041,8.97942391406765e-05,0.0025499415970507487,0.0014233993744218402,0.0012699263213170114,0.00015347305340760004,0.041666666666666664,0.14031075707995602,3.9844898672323357,2.224176581521837,1.984362530213104,0.2398140517818374,65.10753474773662,0.00027135924366081856,0.00028187093446522193,8.090838272123286e-05
0.05473124829349758,0.14401800000000003,811.562497696024,4.971958290789763,0.9461864561839076,0.854135722013017,8.96892396934872e-05,0.0025494059474318524,0.0014235595366883617,0.001270141646402865,0.00015341789058826788,0.041666666666666664,0.14015333351990328,3.9838417991850514,2.2245323431525406,1.984793118931371,0.2397392246942964,65.1106225223138,0.00027121997371763436,0.00028170649299461887,8.069060693862917e-05
0.055020831617801795,0.14478000000000002,811.5050417684662,4.971808261866168,0.9462493894645007,0.8542317666109246,8.958435089249879e-05,0.0025488705389134564,0.0014237196110182078,0.0012703569062615689,0.00015336270505941015,0.041666666666666664,0.139996066038094,3.98319399240252,2.2248879709248848,1.9852236196292514,0.23966435176878298,65.1137097064388,0.00027108070005743177,0.00028154212968188765,8.047304286226334e-05
0.05531041494210601,0.145542,811.4475965270847,4.971658240054916,0.9463122564078997,0.8543277584600106,8.947957265350055e-05,0.002548335371491881,0.0014238795974333511,0.0012705721008528573,0.00015330749688326504,0.041666666666666664,0.13983895453144884,3.982546446940311,2.225243464838458,1.9856540322126728,0.23958943309895706,65.11679629986578,0.0002709414226950704,0.00028137784440007224,8.025569046124406e-05
0.05559999826641024,0.14630400000000005,811.3901619724527,4.971508225353971,0.946375057064631,0.8544236975734584,8.937490489228178e-05,0.002547800445163448,0.001424039495955764,0.0012707872301364646,0.00015325226612207085,0.041666666666666664,0.13968199889685654,3.9818991628539853,2.225598824892857,1.9860843565875506,0.23951446877850036,65.11988230234896,0.0002708021416457236,0.000281213637021119,8.003854970096665e-05
0.05588958159071446,0.14706600000000003,811.3327381051438,4.971358217761301,0.946437791485221,0.8545195839644515,8.927034752463174e-05,0.002547265759924478,0.0014241993066074193,0.0012710022940721248,0.0001531970128380658,0.041666666666666664,0.1395251990311737,3.9812521401990906,2.225954051087687,1.986514592659788,0.23943945890111598,65.12296771364248,0.00027066285692319995,0.0002810495074146348,7.982162054275335e-05
0.056179164915018676,0.14782800000000001,811.2753249257312,4.971208217274872,0.9465004597201961,0.8546154176461733,8.916590046633973e-05,0.002546731315771291,0.001424359029410289,0.0012712172926195719,0.0001531417370934882,0.041666666666666664,0.1393685548312252,3.9806053790311657,2.2263091434225655,1.9869447403352758,0.23936440356052874,65.12605253350048,0.00027052356854030283,0.0002808854554476571,7.960490294379733e-05
0.056468748239322894,0.14859000000000003,811.2179224347884,4.971058223892647,0.946563061820083,0.8547111986318072,8.906156363319503e-05,0.0025461971127002095,0.0014245186643863455,0.0012714322257385403,0.00015308643895057628,0.041666666666666664,0.13921206619380383,3.9799588794057383,2.2266641018971147,1.987374799519891,0.23928930285048486,65.12913676167702,0.00027038427651000606,0.00028072148098545903,7.93883968570664e-05
0.05675833156362711,0.149352,811.1605306328887,4.970908237612594,0.9466255978354078,0.8548069269345369,8.895733694098692e-05,0.0025456631507075533,0.0014246782115575616,0.0012716470933887645,0.0001530311184715683,0.041666666666666664,0.13905573301567056,3.9793126413783244,2.2270189265109694,1.9878047701195014,0.23921415686475214,65.13222039792618,0.0002702449808431083,0.0002805575838905783,7.917210223119606e-05
0.05704791488793134,0.15011400000000003,811.1031495206056,4.970758258432679,0.9466880678166972,0.8549026025675457,8.885322030550467e-05,0.0025451294297896437,0.0014248376709459095,0.0012718618955299783,0.00015297577571870256,0.041666666666666664,0.13889955519355432,3.9786666650044284,2.2273736172637717,1.9882346520399585,0.23913896569711984,65.13530344200196,0.0002701056815511317,0.0002803937640238591,7.89560190107425e-05
0.057337498212235556,0.15087600000000004,811.0457790985124,4.970608286350865,0.9467504718144775,0.854998225544017,8.874921364253758e-05,0.0025445959499428013,0.0014249970425733618,0.0012720766321219158,0.00015292041075421728,0.041666666666666664,0.1387435326241522,3.978020950339545,2.2277281741551738,1.9886644451871034,0.23906372944139878,65.13838589365837,0.00026996637864404647,0.00028023002124340836,7.874014713572078e-05
0.057627081536539775,0.15163800000000002,810.9884193671826,4.970458321365122,0.9468128098792751,0.8550937958771346,8.864531686787492e-05,0.002544062711163347,0.001425156326461891,0.0012722913031243115,0.00015286502364035074,0.041666666666666664,0.13858766520412935,3.9773754974391555,2.228082597184835,1.989094149466765,0.23898844819142126,65.14146775264933,0.0002698270721316933,0.00028006635540582856,7.852448654209765e-05
0.05791666486084399,0.1524,810.9310703271893,4.9703083634734115,0.9468750820616163,0.8551893135800818,8.854152989730597e-05,0.002543529713447602,0.0014253155226334696,0.0012725059084968996,0.00015280961443934118,0.041666666666666664,0.13843195283011903,3.976730306358734,2.2284368863524273,1.98952376478476,0.23891312204104112,65.14454901872881,0.00026968776202279584,0.00027990276636487055,7.830903716106569e-05
0.05820624818514822,0.15316200000000002,810.8737319791062,4.970158412673703,0.946937288412028,0.8552847786660418,8.843785264662002e-05,0.002542996956791887,0.0014254746311100697,0.0012727204481994142,0.00015275418321342691,0.041666666666666664,0.13827639539872255,3.976085377153741,2.228791041657629,1.9899532910468918,0.2388377510841337,65.1476296916507,0.00026954844832565057,0.0002797392539723459,7.809379891928289e-05
0.05849583150945244,0.15392400000000003,810.8164043235066,4.970008468963959,0.9469994289810362,0.8553801911481985,8.833428503160636e-05,0.002542464441192523,0.0014256336519136643,0.0012729349221915895,0.00015269873002484612,0.041666666666666664,0.13812099280650939,3.975440709879625,2.2291450631001286,1.9903827281589517,0.23876233541459557,65.15070977116885,0.00026940913104776446,0.00027957581807752966,7.787877173898999e-05
0.058785414833756655,0.15468600000000002,810.7590873609638,4.9698585323421485,0.9470615038191674,0.8554755510397352,8.823082696805426e-05,0.0025419321666458306,0.0014257925850662254,0.0012731493304331595,0.00015264325493583714,0.041666666666666664,0.13796574495001707,3.974796304591827,2.2294989506796234,1.9908120760267185,0.23868687512634523,65.15378925703708,0.0002692698101965219,0.0002794124585282043,7.76639555380605e-05
0.059074998158060874,0.15544800000000003,810.7017810920513,4.969708602806234,0.9471235129769483,0.8555708583538353,8.8127478371753e-05,0.002541400133148131,0.0014259514305897255,0.0012733636728838587,0.0001525877580086382,0.041666666666666664,0.13781065172575127,3.9741521613457724,2.2298527043958187,1.9912413345559596,0.2386113703133223,65.1568681490092,0.00026913048577841675,0.00027924917516922485,7.744935022947001e-05
0.05936458148236509,0.15621000000000002,810.6444855173423,4.969558680354184,0.9471854565049049,0.8556661131036823,8.802423915849186e-05,0.002540868340695745,0.0014261101885061373,0.001273577949503421,0.00015253223930548757,0.041666666666666664,0.1376557130301858,3.9735082801968806,2.230206324248432,1.9916705036524296,0.23853582106948795,65.15994644683897,0.0002689911577990418,0.0002790859678433133,7.723495572131319e-05
0.05965416480666932,0.15697200000000003,810.5872006374104,4.969408764983963,0.9472473344535639,0.8557613153024598,8.792110924406014e-05,0.0025403367892849935,0.001426268858837433,0.0012737921602515808,0.0001524766988886235,0.041666666666666664,0.13750092875976264,3.9728646612005556,2.230559810237188,1.9920995832218706,0.2384602274888248,65.16302415028015,0.0002688518262643929,0.00027892283639153743,7.702077191747053e-05
0.059943748130973536,0.157734,810.5299264528289,4.9692588566935365,0.9473091468734517,0.8558564649633511,8.781808854424711e-05,0.0025398054789121977,0.0014264274416055853,0.0012740063050880725,0.00015242113682028427,0.041666666666666664,0.13734629881089172,3.972221304412193,2.230913162361819,1.9925285731700124,0.23838458966533696,65.1661012590864,0.0002687124911788834,0.0002787597806519127,7.680679871650297e-05
0.060233331455277754,0.15849600000000003,810.4726629641711,4.969108955480871,0.9473708938150948,0.8559515620995399,8.771517697484203e-05,0.0025392744095736777,0.0014265859368325666,0.0012742203839726297,0.0001523655531627081,0.041666666666666664,0.13719182307995134,3.971578209887175,2.23126638062207,1.9929574734025726,0.23830890769304997,65.16917777301141,0.0002685731525474341,0.0002785968004611427,7.65930360126321e-05
0.06052291477958197,0.159258,810.4154101720106,4.968959061343932,0.9474325753290195,0.8560466067242094,8.761237445163422e-05,0.002538743581265755,0.0014267443445403491,0.0012744343968649871,0.0001523099479781333,0.041666666666666664,0.13703750146328778,3.970935377680875,2.2316194650176917,1.9933862838252563,0.23823318166601068,65.17225369180885,0.00026843381037348446,0.00027843389565280173,7.637948369472129e-05
0.0608124981038862,0.16002000000000002,810.3581680474983,4.968809174278236,0.9474941913402792,0.8561415987707759,8.750968109953463e-05,0.0025382129943074113,0.00142690266461796,0.0012746483436681093,0.00015225432125262205,0.041666666666666664,0.13688333418845583,3.9702928084731663,2.231972415407842,1.993815004315121,0.23815741156631876,65.17532901719895,0.00026829448320166496,0.00027827113171654416,7.616626397279069e-05
0.061102081428190416,0.16078200000000004,810.3009365696383,4.968659294279927,0.9475557418120819,0.8562365381932818,8.740709697986335e-05,0.0025376826489437107,0.001427060896988803,0.001274862224290124,0.00015219867300145034,0.041666666666666664,0.1367293213824404,3.9696505027961604,2.2323252316873914,1.9942436347411767,0.2380815974198345,65.17840375037463,0.00026815518609648724,0.00027810855507935276,7.595345916187609e-05
0.061391664752494635,0.16154400000000002,810.2437157940038,4.968509421351541,0.9476172270316002,0.8563314251536559,8.730462161399974e-05,0.0025371525445737463,0.00142721904192276,0.0012750760387921743,0.00015214300343335704,0.041666666666666664,0.13657546231684237,3.9690084595469726,2.232677914117949,1.994672175055213,0.23800573953637816,65.18147788741165,0.000268015885092763,0.00027794604218672086,7.574083724294665e-05
0.06168124807679885,0.16230600000000003,810.1865057209778,4.968359555491032,0.9476786470483798,0.8564262596645039,8.720225491936704e-05,0.0025366226811960584,0.00142737709944084,0.001275289787133702,0.00015208731260990958,0.041666666666666664,0.136421756890456,3.968366678785159,2.2330304626982223,1.9951006251628027,0.23792983800908424,65.18455142807592,0.0002678765802972668,0.0002777835933969707,7.552839916770591e-05
0.06197083140110307,0.16306800000000002,810.1293063509435,4.968209696696358,0.9477400019119668,0.8565210417384315,8.709999681338855e-05,0.0025360930588091864,0.0014275350695640526,0.0012755034692741487,0.00015203160059267543,0.041666666666666664,0.13626820500204442,3.967725160570271,2.2333828774269295,1.9955289849695075,0.23785389293110878,65.18762437213334,0.00026773727181563466,0.0002776212090625173,7.531614587701676e-05
0.0622604147254073,0.16383000000000003,810.0721176842836,4.968059844965473,0.9478012916719075,0.8566157713880442,8.69978472134875e-05,0.00253556367741167,0.001427692952313407,0.0012757170851729566,0.00015197586744322206,0.041666666666666664,0.13611480655033908,3.967083904961844,2.233735158302795,1.995957254380876,0.23777790439562874,65.1906967193498,0.00026759795975177323,0.0002774588895301686,7.510407830137694e-05
0.06254999804971151,0.16459200000000002,810.0149397213814,4.967910000296332,0.9478625163777478,0.8567104486259476,8.689580603708716e-05,0.002535034537002048,0.0014278507477099127,0.001275930634789567,0.0001519201132231169,0.041666666666666664,0.13596156143404012,3.966442912019405,2.234087305324557,1.9963854333024458,0.23770187249584238,65.19376846949115,0.0002674586442078624,0.00027729663514044795,7.489219736047578e-05
0.06283958137401574,0.16535400000000003,809.9577724626197,4.967760162686891,0.9479236760790335,0.856805073464747,8.679387320161078e-05,0.0025345056375788615,0.0014280084557745784,0.0012761441180834223,0.00015186433799392748,0.041666666666666664,0.1358084695518162,3.9658021818024736,2.2344393184909586,1.9968135216397433,0.237625797324969,65.19683962232321,0.0002673193252849333,0.0002771344462290007,7.468050396355826e-05
0.06312916469831996,0.16611600000000004,809.9006159083817,4.967610332135106,0.9479847708253111,0.8568996459170483,8.669204862448165e-05,0.0025339769791406486,0.0014281660765284138,0.001276357535013964,0.00015180854181722118,0.041666666666666664,0.13565553080230452,3.965161714370551,2.234791197800755,1.997241519298282,0.23754967897624896,65.19991017761176,0.0002671800030818964,0.00027697232312457165,7.446899900882944e-05
0.06341874802262418,0.16687800000000003,809.8434700590503,4.967460508638933,0.9480458006661262,0.8569941659954569,8.659033222312303e-05,0.00253344856168595,0.001428323609992428,0.001276570885540634,0.0001517527247545655,0.041666666666666664,0.13550274508411098,3.964521509783134,2.235142943252709,1.9976694261835635,0.23747351754294388,65.20298013512259,0.0002670406776970404,0.00027681026615141737,7.425768338441838e-05
0.0637083313469284,0.16764000000000004,809.7863349150086,4.9673106921963255,0.9481067656510251,0.8570886337125783,8.648872391495816e-05,0.002532920385213305,0.0014284810561876306,0.0012767841696228741,0.0001516968868675279,0.041666666666666664,0.1353501122958099,3.9638815680997057,2.235494554845595,1.998097242201079,0.23739731311833637,65.20604949462145,0.0002669013492264649,0.0002766482756271359,7.404655796716854e-05
0.06399791467123261,0.16840200000000002,809.7292104766395,4.96716088280524,0.9481676658295539,0.8571830490810183,8.638722361741031e-05,0.0025323924497212534,0.0014286384151350306,0.0012769973872201262,0.00015164102821767583,0.041666666666666664,0.1351976323359443,3.96324188937974,2.2358460325781935,1.998524967256306,0.23732106579573026,65.20911825587407,0.0002667620177654973,0.00027648635186400413,7.383562362355892e-05
0.06428749799553683,0.169164,809.6720967443262,4.967011080463634,0.9482285012512583,0.8572774121133822,8.628583124790275e-05,0.0025318647552083342,0.001428795686855637,0.0012772105382918319,0.00015158514886657676,0.041666666666666664,0.13504530510302581,3.9626024736826975,2.2361973764492964,1.9989526012547116,0.2372447756684503,65.21218641864613,0.0002666226834076266,0.0002763244951690271,7.36248812091988e-05
0.06457708131984105,0.16992600000000002,809.6149937184515,4.966861285169461,0.9482892719656848,0.8573717228222758,8.618454672385873e-05,0.002531337301673088,0.0014289528713704598,0.0012774236227974332,0.00015152924887579814,0.041666666666666664,0.1348931304955346,3.9619633210680316,2.2365485864577055,1.9993801441017507,0.2371684428298425,65.21525398270332,0.0002664833462449352,0.0002761627058427788,7.341433156887721e-05
0.06486666464414527,0.170688,809.5579013993985,4.966711496920677,0.9483499780223791,0.8574659812203045,8.608336996270152e-05,0.0025308100891140535,0.0014291099687005076,0.0012776366406963718,0.00015147332830690744,0.041666666666666664,0.1347411084119195,3.961324431595181,2.23689966260223,1.9998075957028663,0.23709206737327387,65.21832094781128,0.00026634400636866906,0.0002760009841810423,7.320397553678418e-05
0.06515624796844949,0.17145000000000002,809.5008197875503,4.966561715715238,0.9484106194708873,0.857560187320074,8.598230088185438e-05,0.0025302831175297706,0.0014292669788667901,0.0012778495919480895,0.00015141738722147214,0.041666666666666664,0.13458923875059786,3.960685805323576,2.23725060488169,2.0002349559634895,0.23701564939213252,65.22138731373565,0.0002662046638681487,0.0002758393304730557,7.299381393600152e-05
0.06544583129275372,0.17221200000000003,809.4437488832898,4.966411941551098,0.9484711963607557,0.8576543411341898,8.588133939874056e-05,0.0025297563869187793,0.0014294239018903165,0.0012780624765120284,0.00015136142568105963,0.041666666666666664,0.13443752140995582,3.9600474423126353,2.2376014132949136,2.0006622247890404,0.23693918897982746,65.22445308024201,0.00026606531883168643,0.00027567774500329945,7.278384757914767e-05
0.06573541461705794,0.17297400000000004,809.3866886870001,4.966262174426215,0.9485317087415299,0.8577484426752574,8.578048543078333e-05,0.0025292298972796187,0.0014295807377920958,0.0012782752943476298,0.00015130544374723746,0.041666666666666664,0.13428595628834802,3.959409342621767,2.2379520878407395,2.001089402084927,0.23686268622978915,65.22751824709594,0.0002659259713463311,0.0002755162280502072,7.257407726768503e-05
0.06602499794136216,0.17373600000000003,809.3296391990642,4.966112414338542,0.9485921566627564,0.8578424919558826,8.567973889540597e-05,0.002528703648610829,0.0014297374865931377,0.001278488045414336,0.00015124944148157303,0.041666666666666664,0.13413454328409774,3.9587715063103666,2.238302628518015,2.0015164877565454,0.23678614123546862,65.230582814063,0.0002657866214979329,0.00027535477988703056,7.236450379256351e-05
0.06631458126566638,0.17449800000000004,809.2726004198651,4.965962661286036,0.9486525401739809,0.8579364889886706,8.557909971003172e-05,0.0025281776409109497,0.0014298941483144511,0.0012787007296715888,0.00015119341894563381,0.041666666666666664,0.133983282295497,3.958133933437821,2.2386530353255956,2.001943481709279,0.23670955409033814,65.23364678090867,0.00026564726937073154,0.00027519340078090203,7.215512793333893e-05
0.0666041645899706,0.17526000000000003,809.2155723497858,4.965812915266652,0.9487128593247497,0.8580304337862273,8.547856779208384e-05,0.0025276518741785196,0.0014300507229770456,0.0012789133470788297,0.0001511373762009873,0.041666666666666664,0.1338321732208063,3.9574966240635057,2.2390033082623497,2.002370383848502,0.2366329248878913,65.23671014739853,0.0002655079150482086,0.00027503209099391507,7.194595045921981e-05
0.06689374791427481,0.176022,809.1585549892093,4.965663176278347,0.9487731141646086,0.8581243263611581,8.53781430589856e-05,0.0025271263484120793,0.0014302072106019302,0.0012791258975955006,0.00015108131330920092,0.041666666666666664,0.133681215958255,3.956859578246786,2.2393534473271512,2.002797194079575,0.2365562537216423,65.23977291329801,0.0002653685586125022,0.00027487085078266283,7.173697212822107e-05
0.06718333123857903,0.17678400000000002,809.1015483385187,4.9655134443190745,0.9488333047431039,0.8582181667260685,8.527782542816027e-05,0.002526601063610168,0.0014303636112101142,0.0012793383811810436,0.00015102523033184214,0.041666666666666664,0.13353041040604094,3.956222796047013,2.239703452518885,2.0032239123078464,0.2364795406851265,65.24283507837255,0.0002652292001441516,0.0002747096803975795,7.15281936872134e-05
0.06747291456288325,0.177546,809.044552398097,4.965363719386791,0.9488934311097813,0.8583119548935643,8.51776148170311e-05,0.002526076019771326,0.0014305199248226073,0.0012795507977949002,0.00015096912733047842,0.041666666666666664,0.13337975646233066,3.955586277523529,2.240053323836445,2.0036505384386545,0.23640278587190022,65.24589664238756,0.00026508983972350594,0.0002745485800847173,7.131961587277845e-05
0.06776249788718748,0.17830800000000005,808.9875671683271,4.965214001479453,0.9489534933141872,0.8584056908762507,8.507751114302135e-05,0.002525551216894092,0.001430676151460418,0.0012797631473965123,0.0001509130043666772,0.041666666666666664,0.13322925402525954,3.9549500227356678,2.240403061278735,2.004077072377326,0.23632598937554106,65.24895760510852,0.0002649504774288337,0.00027438755008390504,7.111123940999602e-05
0.0680520812114917,0.17907000000000003,808.9305926495922,4.965064290595014,0.9490134914058674,0.8584993746867338,8.497751432355428e-05,0.002525026654977006,0.0014308322911445563,0.0012799754299453218,0.000150856861502006,0.041666666666666664,0.13307890299293137,3.954314031742747,2.2407526648446674,2.004503514029175,0.23624915128964727,65.25201796630071,0.00026481111333775845,0.00027422659062973704,7.090306501306e-05
0.06834166453579592,0.17983200000000005,808.8736288422753,4.964914586731431,0.9490734254343681,0.8585930063376187,8.487762427605317e-05,0.0025245023340186076,0.0014309883438960312,0.0012801876454007705,0.00015080069879803222,0.041666666666666664,0.13292870326341885,3.953678304604078,2.2411021345331648,2.0049298632995036,0.2361722717078382,65.25507772572954,0.00026467174752666087,0.0002740657019512007,7.069509338540068e-05
0.06863124786010014,0.18059400000000003,808.8166757467592,4.964764889886658,0.9491332954492353,0.8586865858415111,8.477784091794127e-05,0.0025239782540174365,0.001431144309735852,0.0012803997937223001,0.00015074451631632337,0.041666666666666664,0.13277865473476325,3.9530428413789576,2.241451470343158,2.005356120093603,0.23609535072375423,65.25813688316033,0.0002645323800710072,0.0002739048842721567,7.048732521920129e-05
0.06892083118440435,0.18135600000000002,808.759733363427,4.9646152000586525,0.9491931015000149,0.8587801132110168,8.467816416664183e-05,0.002523454414972032,0.001431300188685028,0.0012806118748693526,0.00015068831411844686,0.041666666666666664,0.1326287573049746,3.9524076421266745,2.2418006722735884,2.0057822843167528,0.23601838843105677,65.26119543835838,0.0002643930110452586,0.00027374413781117277,7.027976119587975e-05
0.06921041450870857,0.18211800000000003,808.7028016926619,4.964465517245369,0.9492528436362531,0.858873588458741,8.457859393957813e-05,0.002522930816880934,0.0014314559807645684,0.0012808238888013697,0.0001506320922659702,0.041666666666666664,0.13247901087203157,3.9517727069065045,2.2421497403234056,2.0062083558742216,0.23594138492342814,65.26425339108896,0.00026425364052244855,0.00027358346278121573,7.007240198568981e-05
0.06949999783301279,0.18288000000000001,808.6458807348467,4.964315841444764,0.9493125219074959,0.8589670115972894,8.447913015417344e-05,0.0025224074597426827,0.0014316116859954824,0.001281035835477793,0.00015057585082046078,0.041666666666666664,0.13232941533388162,3.951138035777714,2.2424986744915687,2.0066343346712636,0.2358643402945714,65.26731074111733,0.00026411426857488165,0.0002734228593896957,6.986524824773233e-05
0.06978958115731701,0.18364200000000003,808.5889704903645,4.964166172654791,0.9493721363632894,0.8590603826392678,8.437977272785098e-05,0.0025218843435558165,0.0014317673043987796,0.0012812477148580648,0.00015051958984348615,0.041666666666666664,0.13217997058844078,3.9505036287995563,2.2428474747770486,2.0070602206131256,0.23578725463821099,65.27036748820872,0.00026397489527421646,0.0002732623278393225,6.965830063050675e-05
0.07007916448162123,0.184404,808.5320709595984,4.9640165108734084,0.9494316870531796,0.8591537015972813,8.428052157803406e-05,0.002521361468318876,0.001431922835995469,0.0012814595269016267,0.0001504633093966137,0.041666666666666664,0.132030676533594,3.9498694860312744,2.2431961411788204,2.007486013605039,0.23571012804809185,65.27342363212833,0.00026383552069033663,0.00027310186832695357,6.945155977087695e-05
0.07036874780592546,0.18516600000000005,808.4751821429313,4.963866856098569,0.9494911740267126,0.8592469684839359,8.41813766221459e-05,0.0025208388340304004,0.00143207828080656,0.0012816712715679203,0.00015040700954141093,0.041666666666666664,0.13188153306719475,3.9492356075321005,2.2435446736958737,2.0079117135522258,0.23563296061798017,65.27647917264132,0.00026369614489298905,0.00027294148104445526,6.924502629515825e-05
0.07065833113022968,0.18592800000000004,808.4183040407463,4.96371720832823,0.9495505973334342,0.8593401833118369,8.40823377776098e-05,0.0025203164406889297,0.0014322336388530616,0.0012818829488163877,0.00015035069033944527,0.041666666666666664,0.1317325400870655,3.948601993361258,2.2438930723272046,2.008337320359896,0.23555575244166305,65.27953410951288,0.00026355676795027295,0.0002727811661779779,6.903870081823481e-05
0.0709479144545339,0.18669000000000005,808.3614366534264,4.963567567560347,0.9496099570228906,0.85943334609359,8.398340496184899e-05,0.002519794288293003,0.0014323889101559835,0.0012820945586064707,0.00015029435185228421,0.041666666666666664,0.13158369749099716,3.9479686435779544,2.2442413370718195,2.008762833933248,0.2354785036129483,65.28258844250813,0.0002634173899299969,0.00027262092390916613,6.883258394419186e-05
0.07123749777883812,0.18745200000000004,808.3045799813546,4.963417933792874,0.949669253144628,0.8595264568418007,8.388457809228675e-05,0.00251927237684116,0.0014325440947363347,0.001282306100897611,0.0001502379941414952,0.041666666666666664,0.1314350051767496,3.9473355582413907,2.244589467928734,2.0091882541774684,0.23540121422566482,65.28564217139215,0.00026327801089895604,0.0002724607544138808,6.862667626590481e-05
0.07152708110314233,0.18821400000000002,808.2477340249137,4.9632683070237675,0.9497284857481921,0.8596195155690747,8.378585708634634e-05,0.002518750706331941,0.0014326991926151245,0.0012825175756492502,0.00015018161726864572,0.041666666666666664,0.13128646304205144,3.9467027374107544,2.2449374648969735,2.009613580997732,0.23532388437366245,65.28869529593007,0.000263138630922501,0.0002723006578626656,6.842097836500171e-05
0.07181666442744655,0.18897600000000003,808.1908987844871,4.963118687250984,0.9497876548831293,0.8597125222880175,8.368724186145102e-05,0.0025182292767638847,0.0014328542038133626,0.0012827289828208307,0.00015012522129530318,0.041666666666666664,0.13113807098459987,3.94607018114522,2.245285327975572,2.0100388142992034,0.2352465141508116,65.29174781588691,0.00026299925006567507,0.0002721406344213611,6.821549081228618e-05
0.07210624775175077,0.18973800000000002,808.1340742604576,4.962969074472477,0.9498467605989855,0.8598054770112344,8.358873233502406e-05,0.0025177080881355314,0.0014330091283520576,0.001282940322371794,0.00015006880628303508,0.041666666666666664,0.13098982890206104,3.9454378895039564,2.2456330571635723,2.010463953987034,0.23516910365100405,65.29479973102771,0.0002628598683928097,0.0002719806842504612,6.801021416740558e-05
0.07239583107605499,0.19050000000000003,808.0772604532083,4.962819468686205,0.9499058029453068,0.8598983797513314,8.34903284244887e-05,0.0025171871404454206,0.0014331639662522192,0.0012831515942615817,0.00015001237229340887,0.041666666666666664,0.13084173669206978,3.9448058625461178,2.245980652460029,2.0108889999663644,0.23509165296815213,65.29785104111748,0.0002627204859667724,0.00027182080750486065,6.780514897862577e-05
0.07268541440035921,0.19126200000000002,808.0204573631221,4.962669869890121,0.9499647819716391,0.8599912305209139,8.339203004726821e-05,0.0025166664336920917,0.0014333187175348564,0.0012833627984496357,0.00014995591938799202,0.041666666666666664,0.13069379425222974,3.944174100330847,2.246328113864004,2.0113139521423244,0.23501416219618926,65.30090174592122,0.0002625811028502968,0.00027166100433477914,6.760029578341915e-05
0.07297499772466344,0.19202400000000006,807.9636649905822,4.96252027808218,0.9500236977275285,0.8600840293325872,8.329383712078586e-05,0.0025161459678740843,0.0014334733822209788,0.0012835739348953984,0.00014989944762835197,0.041666666666666664,0.1305460014801133,3.943542602917274,2.246675441374568,2.011738810420031,0.23493663142906934,65.30395184520387,0.000262441719104881,0.00027150127488510947,6.739565510793921e-05
0.07326458104896766,0.19278600000000004,807.9068833359714,4.962370693260341,0.9500825502625211,0.8601767761989573,8.31957495624649e-05,0.0025156257429899383,0.0014336279603315955,0.0012837850035583107,0.00014984295707605618,0.041666666666666664,0.1303983582732618,3.9429113703645253,2.247022634990804,2.0121635747045903,0.23485906076076773,65.30700133873039,0.00026230233479155685,0.0002713416192960551,6.719122746734985e-05
0.07355416437327188,0.19354800000000003,807.8501123996729,4.9622211154225555,0.9501413396261629,0.8602694711326295,8.309776728972861e-05,0.0025151057590381935,0.001433782451887716,0.0012839960043978152,0.00014978644779267214,0.041666666666666664,0.1302508645291851,3.942280402731707,2.2473696947118014,2.0125882449010977,0.2347814502852801,65.31005022626566,0.000262162949970424,0.00027118203770210914,6.698701336560077e-05
0.0738437476975761,0.19431000000000004,807.7933521820696,4.962071544566782,0.9502000658679999,0.8603621141462094,8.299989022000025e-05,0.002514586016017389,0.0014339368569103491,0.0012842069373733532,0.0001497299198397673,0.041666666666666664,0.13010352014536206,3.941649700077918,2.2477166205366603,2.0130128209146356,0.2347038000966232,65.31309850757458,0.0002620235647007267,0.00027102253023281495,6.678301329536504e-05
0.07413333102188031,0.19507200000000002,807.7366026835446,4.961921980690974,0.9502587290375781,0.8604547052523026,8.290211827070306e-05,0.0025140665139260646,0.0014340911754205045,0.0012844178024443668,0.0001496733732789091,0.041666666666666664,0.12995632501924034,3.9410192624622473,2.2480634124644903,2.013437302650276,0.2346261102888347,65.31614618242202,0.0002618841790413174,0.00027086309701308695,6.657922773833654e-05
0.07442291434618453,0.19583400000000004,807.6798639044807,4.961772423793089,0.9503173291844439,0.8605472444635147,8.280445135926031e-05,0.00251354725276276,0.0014342454074391913,0.0012846285995702978,0.00014961680817166502,0.041666666666666664,0.1298092790482364,3.9403890899437717,2.2484100704944106,2.0138616900130804,0.23454838095597288,65.31919325057282,0.000261744793050273,0.00027070373816260294,6.637565716521462e-05
0.07471249767048875,0.19659600000000002,807.6231358452613,4.9616228738710815,0.9503758663581429,0.8606397317924513,8.270688940309528e-05,0.002513028232526015,0.001434399552987419,0.0012848393287105877,0.0001495602245796025,0.041666666666666664,0.1296623821297354,3.9397591825815548,2.248756594625548,2.014285982908096,0.23447061219211704,65.32223971179178,0.0002616054067843741,0.00027054445379535904,6.617230203500576e-05
0.07500208099479297,0.197358,807.5664185062691,4.961473330922907,0.9504343406082213,0.8607321672517179,8.260943231963122e-05,0.002512509453214369,0.0014345536120861965,0.0012850499898246787,0.00014950362256428904,0.041666666666666664,0.12951563416109158,3.939129540434652,2.249102984857041,2.014710181240361,0.2343928040913672,65.32528556584371,0.0002614660203009734,0.0002703852440219017,6.596916279645061e-05
0.07529166431909719,0.19812000000000002,807.5097118878873,4.961323794946521,0.9504927519842251,0.8608245508539198,8.251208002629138e-05,0.0025119909148263613,0.0014347075847565333,0.0012852605828720127,0.00014944700218729205,0.041666666666666664,0.12936903503962777,3.938500163562105,2.249449241188036,2.015134284914901,0.23431495674784406,65.32833081249336,0.00026132663365575865,0.00027022610894630606,6.576623988627852e-05
0.07558124764340142,0.19888200000000006,807.4530159904988,4.961174265939879,0.9505511005357006,0.8609168826116631,8.241483244049903e-05,0.0025114726173605323,0.0014348614710194387,0.001285471107812031,0.00014939036351017905,0.041666666666666664,0.12922258466263575,3.9378710520229467,2.2497953636176895,2.015558293836732,0.23423707025568946,65.3313754515055,0.0002611872469037721,0.00027006704866831366,6.556353373040327e-05
0.07587083096770564,0.19964400000000004,807.3963308144866,4.961024743900937,0.9506093863121935,0.861009162537553,8.231768947967744e-05,0.002510954560815421,0.0014350152708959218,0.0012856815646041758,0.00014933370659451744,0.041666666666666664,0.12907628292737622,3.9372422058761964,2.2501413521451674,2.0159822079108554,0.23415914470906563,65.33441948264479,0.00026104786010004835,0.00026990806328245124,6.536104474365014e-05
0.07616041429200986,0.20040600000000003,807.3396563602339,4.960875228827651,0.9506676093632501,0.8611013906441951,8.222065106124987e-05,0.0025104367451895676,0.001435168984406992,0.0012858919532078889,0.00014927703150187472,0.041666666666666664,0.1289301297310786,3.936613625180864,2.250487206769644,2.016406027042264,0.23408118020215593,65.33746290567599,0.0002609084732987544,0.0002697491528790786,6.515877332968748e-05
0.07644999761631407,0.20116800000000004,807.2829926281236,4.960725720717974,0.9507257697384163,0.8611935669441952,8.212371710263957e-05,0.002509919170481511,0.0014353226115736588,0.001286102273582612,0.00014922033829381832,0.041666666666666664,0.1287841249709413,3.9359853099959463,2.2508329274903054,2.016829751135939,0.2340031768291643,65.34050572036372,0.00026076908655314047,0.000269590317542643,6.495671988081305e-05
0.0767395809406183,0.20193000000000003,807.2263396185386,4.960576219569865,0.9507838674872381,0.8612856914501585,8.20268875212698e-05,0.0025094018366897913,0.001435476152416931,0.0012863125256877869,0.00014916362703191574,0.041666666666666664,0.1286382685441314,3.93535726038043,2.251178514306343,2.017253380096848,0.2339251346843155,65.34354792647267,0.00026062969991639347,0.0002694315573534499,6.475488477846384e-05
0.07702916426492251,0.20269200000000004,807.1696973318622,4.960426725381278,0.9508419026592616,0.861377764174691,8.193016223456385e-05,0.002508884743812948,0.0014356296069578185,0.0012865227094828555,0.0001491068977777344,0.041666666666666664,0.12849256034778514,3.9347294763932905,2.2515239672169627,2.0176769138299497,0.233847053861855,65.3465895237674,0.0002604903134409649,0.0002692728723865726,6.455326839260862e-05
0.07731874758922673,0.20345400000000002,807.1130657684771,4.960277238150168,0.9508998753040331,0.8614697851303978,8.183354115994494e-05,0.002508367891849521,0.0014357829752173299,0.0012867328249272596,0.0001490501505928418,0.041666666666666664,0.12834700027900744,3.9341019580934917,2.2518692862213756,2.0181003522401904,0.2337689344560491,65.34963051201258,0.00026035092717835505,0.000269114262712255,6.435187108236022e-05
0.07760833091353095,0.204216,807.0564449287664,4.96012775787449,0.9509577854710981,0.8615617543298849,8.173702421483637e-05,0.0025078512807980495,0.001435936257216475,0.001286942871980441,0.00014899338553880535,0.041666666666666664,0.12820158823487213,3.9334747055399863,2.2522144713188035,2.018523695232505,0.23369077656118473,65.35267089097275,0.0002602115411802348,0.0002689557283963339,6.415069319565173e-05
0.07789791423783517,0.20497800000000002,806.9998348131132,4.959978284552202,0.9510156332100032,0.8616536717857577,8.164061131666139e-05,0.0025073349106570736,0.0014360894529762628,0.0012871528506018415,0.00014893660267719256,0.041666666666666664,0.12805632411242204,3.9328477187917166,2.25255952250848,2.0189469427118176,0.2336125802715698,65.35571066041246,0.00026007215549739374,0.0002687972694992112,6.394973506890237e-05
0.0781874975621394,0.20574000000000003,806.9432354219007,4.959828818181258,0.9510734185702941,0.8617455375106216,8.154430238284324e-05,0.002506818781425132,0.0014362425625177027,0.001287362760750903,0.00014887980206957087,0.041666666666666664,0.12791120780866871,3.93222099790761,2.2529044397896434,2.019370094583041,0.23353434568153272,65.35874982009625,0.0002599327701797802,0.00026863888607672705,6.3748997027705e-05
0.07847708088644362,0.20650200000000005,806.8866467555115,4.9596793587596135,0.9511311416015169,0.8618373515170822,8.144809733080521e-05,0.002506302893100766,0.0014363955858618038,0.0012875726023870674,0.00014882298377750773,0.041666666666666664,0.1277662392205928,3.9315945429465877,2.2532492231615455,2.019793150751075,0.2334560728854226,65.3617883697886,0.00025979338527772555,0.00026848057818048567,6.354847938663088e-05
0.07876666421074784,0.20726400000000003,806.8300688143289,4.959529906285224,0.9511888023532176,0.8619291138177453,8.135199607797055e-05,0.002505787245682513,0.0014365485230295755,0.0012877823754697763,0.00014876614786257062,0.041666666666666664,0.12762141824514375,3.930968353967554,2.2535938726234455,2.0202161111208103,0.2333777619776094,65.36482630925397,0.0002596540008401047,0.000268322345856394,6.334818244872607e-05
0.07905624753505205,0.20802600000000004,806.7735015987358,4.959380460756045,0.9512464008749424,0.8620208244252163,8.125599854176253e-05,0.002505271839168915,0.0014367013740420272,0.0012879920799584717,0.00014870929438632702,0.041666666666666664,0.12747674477924,3.9303424310294086,2.253938388174613,2.0206389755971257,0.2332994130524838,65.36786363825689,0.0002595146169161818,0.0002681641891462999,6.31481065060814e-05
0.07934583085935627,0.20878800000000003,806.7169451091154,4.959231022170032,0.9513039372162374,0.8621124833521007,8.11601046396044e-05,0.0025047566735585097,0.001436854138920168,0.001288201715812595,0.00014865242341034431,0.041666666666666664,0.12733221871976885,3.929716774191032,2.2542827698143264,2.021061744084888,0.233221026204457,65.37090035656172,0.00025937523355413957,0.00026800610808723,6.294825183979493e-05
0.07963541418366049,0.20955000000000001,806.6603993458505,4.959081590525142,0.9513614114266484,0.8622040906110042,8.106431428891943e-05,0.0025042417488498375,0.0014370068176850072,0.0012884112829915887,0.00014859553499619005,0.041666666666666664,0.1271878399635866,3.9290913835113006,2.254627017541874,2.021484416488954,0.23314260152796115,65.37393646393292,0.00025923585080209205,0.0002678481027113573,6.274861871950364e-05
0.07992499750796471,0.21031200000000003,806.6038643093242,4.958932165819329,0.9514188235557215,0.8622956462145325,8.096862740713088e-05,0.0025037270650414382,0.0014371594103575543,0.001288620781454894,0.00014853862920543163,0.041666666666666664,0.12704360840751838,3.9284662590490744,2.2549711313565535,2.0219069927141673,0.2330641391174488,65.37697196013482,0.00025909646870772037,0.00026769017304640187,6.254920740416622e-05
0.08021458083226893,0.211074,806.5473399999195,4.958782748050549,0.9514761736530027,0.8623871501752909,8.0873043911662e-05,0.002503212622131851,0.0014373119169588183,0.001288830211161953,0.00014848170609963653,0.041666666666666664,0.12689952394835838,3.9278414008632034,2.255315111257671,2.022329472665362,0.2329856390673934,65.38000684493181,0.00025895708731826317,0.000267532319115257,6.235001814119574e-05
0.08050416415657315,0.21183600000000002,806.4908264180194,4.958633337216757,0.9515334617680383,0.8624786025058849,8.077756371993606e-05,0.002502698420119616,0.0014374643375098084,0.0012890395720722076,0.00014842476574037223,0.041666666666666664,0.12675558648286972,3.9272168090125277,2.2556589572445427,2.0227518562473605,0.23290710147228894,65.38304111808824,0.0002588177066804737,0.0002673745409363916,6.215105116711175e-05
0.08079374748087738,0.21259800000000004,806.434323564007,4.958483933315909,0.9515906879503743,0.8625700032189205,8.068218674937632e-05,0.0025021844590032726,0.0014376166720315342,0.0012892488641450994,0.00014836780818920618,0.041666666666666664,0.12661179590778446,3.926592483555874,2.2560026693164947,2.0231741433649737,0.2328285264266501,65.38607477936839,0.0002586783268407556,0.0002672168385232245,6.195230670730561e-05
0.0810833308051816,0.21336000000000005,806.3778314382652,4.958334536345961,0.9516478522495564,0.8626613523270029,8.058691291740606e-05,0.0025016707387813604,0.0014377689205450049,0.0012894580873400703,0.0001483108335077058,0.041666666666666664,0.12646815211980364,3.925968424552059,2.256346247472863,2.023596333923001,0.23274991402501222,65.38910782853657,0.00025853894784516525,0.00026705921188496193,6.175378497590103e-05
0.08137291412948582,0.21412200000000003,806.3213500411771,4.958185146304868,0.9517049547151308,0.8627526498427377,8.049174214144851e-05,0.002501157259452419,0.0014379210830712296,0.0012896672416165622,0.00014825384175743862,0.041666666666666664,0.12632465501559723,3.925344632059886,2.256689691712991,2.024018427826232,0.2326712643619313,65.39214026535704,0.00025839956973956556,0.000266901661026255,6.155548617618048e-05
0.08166249745379003,0.21488400000000005,806.2648793731257,4.958035763190586,0.9517619953966439,0.8628438957787306,8.039667433892696e-05,0.002500644021014988,0.0014380731596312177,0.001289876326934017,0.00014819683299997208,0.041666666666666664,0.12618130449180426,3.9247211061381484,2.257033002036233,2.024440424979444,0.23259257753198403,65.39517208959403,0.0002582601925691116,0.0002667441859468439,6.135741050007195e-05
0.08195208077809425,0.21564600000000003,806.2084194344941,4.95788638700107,0.9518189743436413,0.862935090147587,8.030170942726467e-05,0.0025001310234676073,0.0014382251502459784,0.0012900853432518762,0.0001481398072968736,0.041666666666666664,0.1260381004450327,3.9240978468456285,2.2573761784419526,2.024862325287402,0.2325138536297675,65.39820330101176,0.00025812081637921193,0.0002665867866424402,6.115955812874987e-05
0.08224166410239847,0.21640800000000002,806.1519702256651,4.957737017734275,0.9518758916056691,0.8630262329619126,8.020684732388488e-05,0.0024996182668088163,0.001438377054936521,0.001290294290529582,0.00014808276470971066,0.041666666666666664,0.12589504277185948,3.9234748542410975,2.2577192209295234,2.025284128654863,0.23243509274989974,65.40123389937446,0.00025798144121443435,0.00026642946310376697,6.096192923197989e-05
0.08253124742670269,0.21717000000000003,806.0955317470219,4.957587655388158,0.9519327472322735,0.863117324234313,8.011208794621087e-05,0.0024991057510371545,0.001438528873723855,0.0012905031687265758,0.00014802570530005074,0.041666666666666664,0.1257521313688306,3.922852128383311,2.2580621294983265,2.0257058349865686,0.23235629498701904,65.40426388444625,0.00025784206711922965,0.0002662722153173454,6.0764523968614735e-05
0.08282083075100691,0.21793200000000001,806.0391039989474,4.957438299960675,0.9519895412730005,0.8632083639773936,8.001743121166589e-05,0.002498593476151162,0.0014386806066289896,0.0012907119778022996,0.0001479686291294613,0.041666666666666664,0.12560936613246104,3.922229669331019,2.258404904147755,2.0261274441872534,0.23227746043578468,65.4072932559913,0.0002577026941379214,0.0002661150432651816,6.0567342486583525e-05
0.08311041407531114,0.21869400000000006,805.9826869818248,4.957288951449779,0.952046273777396,0.8632993522037602,7.992287703767321e-05,0.002498081442149378,0.0014388322536729337,0.0012909207177161954,0.00014791153625950978,0.041666666666666664,0.12546674695923474,3.921607477142955,2.258747544877209,2.026548956161638,0.23219858919087616,65.41032201377375,0.00025756332231436025,0.00026595794692461255,6.037038492241111e-05
0.08339999739961536,0.21945600000000004,805.926280696037,4.957139609853427,0.9521029447950063,0.8633902889260181,7.982842534165608e-05,0.002497569649030342,0.001438983814876697,0.0012911293884277047,0.00014785442675176364,0.041666666666666664,0.12532427374560481,3.920985551877844,2.2590900516861003,2.0269703708144338,0.23211968134699382,65.41335015755766,0.0002574239516919365,0.00026580092626856614,6.017365140180092e-05
0.08368958072391958,0.22021800000000005,805.869885141967,4.9569902751695745,0.9521595543753774,0.8634811741567731,7.973407604103778e-05,0.002497058096792594,0.0014391352902612886,0.0012913379898962696,0.00014779730066779038,0.041666666666666664,0.12518194638799318,3.920363893594399,2.259432424573849,2.027391688050339,0.23204073699885863,65.41637768710716,0.0002572845823143407,0.000265643981265963,5.997714203950705e-05
0.0839791640482238,0.22098000000000004,805.8135003199977,4.956840947396176,0.9522161025680551,0.8635720079086306,7.963982905324157e-05,0.0024965467854346736,0.0014392866798477177,0.0012915465220813317,0.00014774015806915742,0.041666666666666664,0.12503976478279097,3.91974250235132,2.259774663539883,2.0278129077740426,0.23196175624121182,65.41940460218623,0.0002571452142246429,0.00026548711188074394,5.9780856939081625e-05
0.08426874737252801,0.22174200000000002,805.7571262305124,4.95669162653119,0.9522725894225855,0.8636627901941962,7.95456842956907e-05,0.00249603571495512,0.0014394379836569938,0.001291754984942333,0.00014768299901743223,0.041666666666666664,0.12489772882635829,3.919121378207298,2.260116768583644,2.0282340298902217,0.2318827391688155,65.42243090255899,0.0002570058474657206,0.0002653303180729093,5.9584796193147413e-05
0.08455833069683223,0.22250400000000004,805.700762873894,4.956542312572569,0.952329014988515,0.8637535210260756,7.945164168580843e-05,0.0024955248853524735,0.001439589201710126,0.0012919633784387152,0.00014762582357418226,0.041666666666666664,0.1247558384150243,3.9185005212210093,2.2604587397045783,2.0286550543035413,0.2318036858764521,65.42545658798936,0.0002568664820803007,0.0002651735997978873,5.938895988337103e-05
0.08484791402113645,0.22326600000000002,805.6444102505253,4.9563930055182706,0.9523853793153891,0.8638442004168742,7.935770114101803e-05,0.002495014296625273,0.0014397403340281236,0.00129217170252992,0.00014756863180097498,0.041666666666666664,0.12461409344508716,3.917879931451121,2.2608005769021453,2.0290759809186576,0.2317245964589248,65.42848165824137,0.00025672711811107745,0.0002650169570069767,5.919334808039892e-05
0.08513749734544067,0.22402800000000003,805.5880683607896,4.956243705366249,0.9524416824527543,0.8639348283791976,7.926386257874276e-05,0.0024945039487720587,0.001439891380631996,0.0012923799571753897,0.00014751142375937787,0.041666666666666664,0.12447249381281422,3.9172596089562868,2.2611422801758123,2.0294968096402144,0.2316454710110572,65.43150611307898,0.0002565877556000625,0.00026486038964652724,5.899796084384662e-05
0.08542708066974489,0.22479000000000002,805.5317372050698,4.95609441211446,0.9524979244501565,0.8640254049256515,7.917012591640589e-05,0.00249399384179137,0.0014400423415427525,0.0012925881423345655,0.00014745419951095836,0.041666666666666664,0.12433103941444179,3.916639553795152,2.261483849525056,2.0299175403728436,0.23156630962769348,65.43452995226612,0.0002564483945894994,0.000264703897659263,5.8802798222221174e-05
0.08571666399404912,0.22555200000000006,805.475416783749,4.955945125760859,0.9525541053571416,0.8641159300688411,7.907649107143066e-05,0.0024934839756817467,0.001440193216781402,0.0012927962579668895,0.00014739695911728394,0.041666666666666664,0.12418973014617525,3.9160197660263463,2.2618252849493627,2.030338173021167,0.23148711240369832,65.43755317556669,0.00025630903512138944,0.0002645474809835209,5.860786025350714e-05
0.08600624731835334,0.22631400000000004,805.41910709721,4.955795846303403,0.9526102252232558,0.8642064038213725,7.898295796124035e-05,0.0024929743504417284,0.0014403440063689543,0.0012930043040318036,0.00014733970263992204,0.041666666666666664,0.12404856590418913,3.9154002457084904,2.2621665864482288,2.0307587074897966,0.23140787943395696,65.4405757827446,0.0002561696772376019,0.0002643911395533246,5.841314696436693e-05
0.08629583064265756,0.22707600000000006,805.3628081458361,4.955646573740045,0.952666284098045,0.864296826195851,7.888952650325821e-05,0.002492464966069854,0.0014404947103264184,0.0012932122804887496,0.00014728243014044013,0.041666666666666664,0.12390754658462698,3.9147809929001918,2.262507754021159,2.031179143683331,0.23132861081337505,65.44359777356371,0.00025603032097971966,0.0002642348732979746,5.8218658370623946e-05
0.08658541396696177,0.22783800000000004,805.3065199300102,4.955497308068743,0.9527222820310555,0.864387197204882,7.879619661490752e-05,0.0024919558225646645,0.0014406453286748035,0.001293420187297169,0.0001472251416804057,0.041666666666666664,0.12376667208360152,3.9141620076600483,2.2628487876676684,2.0315994815063583,0.2312493066368789,65.44661914778784,0.00025589096638921696,0.00026407868214317555,5.80243944771638e-05
0.08687499729126599,0.22860000000000003,805.2502424501151,4.95534804928745,0.9527782190718331,0.8644775168610713,7.870296821361153e-05,0.0024914469199246985,0.001440795861435119,0.0012936280244165042,0.00014716783732138616,0.041666666666666664,0.1236259422971945,3.913543290046644,2.2631896873872814,2.0320197208634574,0.23116996699941508,65.44963990518086,0.00025575161350736326,0.0002639225660100832,5.783035527803677e-05
0.08716458061557021,0.22936200000000004,805.1939757065343,4.955198797394124,0.9528340952699238,0.8645677851770245,7.860984121679351e-05,0.0024909382581484955,0.0014409463086283742,0.0012938357918061965,0.00014711051712494903,0.041666666666666664,0.12348535712145675,3.912924840118551,2.2635304531795315,2.0324398616591934,0.2310905919959509,65.4526600455065,0.00025561226237573773,0.0002637665248159293,5.763654075647918e-05
0.08745416393987443,0.23012400000000002,805.1377196996503,4.95504955238672,0.9528899106748739,0.8646580021653469,7.85168155418767e-05,0.002490429837234596,0.0014410966702755783,0.001294043489425688,0.0001470531811526617,0.041666666666666664,0.12334491645240833,3.912306657934333,2.2638710850439625,2.032859903798123,0.23101118172147395,65.4556795685286,0.0002554729130353971,0.00026361055847350665,5.7442950884640446e-05
0.08774374726417865,0.23088600000000004,805.0814744298465,4.9549003142631936,0.9529456653362294,0.8647481678386443,7.842389110628437e-05,0.0024899216571815388,0.0014412469463977405,0.0012942511172344203,0.0001469958294660917,0.041666666666666664,0.12320462018603837,3.91168874355254,2.264211582980127,2.033279847184791,0.23093173627099248,65.45869847401087,0.000255333565527268,0.00026345466689153905,5.724958562391598e-05
0.08803333058848287,0.23164800000000002,805.0252398975057,4.954751083021499,0.9530013593035362,0.8648382822095223,7.83310678274398e-05,0.0024894137179878643,0.0014413971370158705,0.0012944586751918355,0.00014693846212680643,0.041666666666666664,0.12306446821830505,3.911071097031708,2.2645519469875866,2.0336996917237298,0.23085225573953497,65.46171676171703,0.00025519421989231923,0.000263298849974494,5.705644492470464e-05
0.0883229139127871,0.23241000000000006,804.969016103011,4.954601858659592,0.9530569926263402,0.8649283452905862,7.823834562276624e-05,0.0024889060196521115,0.001441547242150977,0.0012946661632573752,0.00014688107919637338,0.041666666666666664,0.12292446044513583,3.9104537184303667,2.264892177065914,2.0341194373194638,0.23077274022215058,65.46473443141083,0.00025505487617167455,0.0002631431076232842,5.686352872688596e-05
0.08861249723709132,0.23317200000000005,804.9128030467455,4.954452641175429,0.9531125653541879,0.8650183570944417,7.814572440968694e-05,0.00248839856217282,0.0014416972618240696,0.001294873581390481,0.00014682368073636005,0.041666666666666664,0.12278459676242716,3.909836607807028,2.265232273214689,2.0345390838765027,0.23069318981390877,65.4677514828559,0.00025491553440581835,0.00026298743973380444,5.6670836959199806e-05
0.08890208056139554,0.23393400000000003,804.856600729092,4.954303430566966,0.9531680775366249,0.8651083176336946,7.805320410562519e-05,0.0024878913455485298,0.0014418471960561576,0.0012950809295505952,0.0001467662668083338,0.041666666666666664,0.1226448770660448,3.9092197652201968,2.265572235433504,2.0349586312993493,0.2306136046098995,65.47076791581594,0.0002547761946357975,0.00026283184619873743,5.647836953984032e-05
0.08919166388569975,0.23469600000000004,804.8004091504336,4.954154226832158,0.9532235292231974,0.8651982269209502,7.796078462800422e-05,0.0024873843697777805,0.0014419970448682504,0.0012952882076971595,0.0001467088374738622,0.041666666666666664,0.12250530125182345,3.908603190728363,2.265912063721959,2.0353780794924914,0.23053398470523312,65.47378373005456,0.00025463685690247403,0.0002626763269065524,5.628612637605625e-05
0.08948124721000397,0.23545800000000003,804.7442283111534,4.95400502996896,0.9532789204634516,0.865288084968814,7.78684658942473e-05,0.0024868776348591116,0.0014421468082813568,0.0012954954157896154,0.00014665139279451263,0.041666666666666664,0.1223658692155672,3.907986884390009,2.2662517580796626,2.03579742836041,0.23045433019504039,65.47679892533537,0.0002544975212460546,0.0002625208817409044,5.609410736420676e-05
0.08977083053430819,0.23622000000000004,804.6880582116344,4.953855839975327,0.9533342513069334,0.8653778917898918,7.777624782177772e-05,0.0024863711407910626,0.0014422964863164865,0.0012957025537874052,0.0001465939328318526,0.041666666666666664,0.12222658085304922,3.907370846263599,2.2665913185062343,2.036216677807572,0.23037464117447257,65.479813501422,0.00025435818770753126,0.0002623655105823841,5.590231239014793e-05
0.09006041385861241,0.23698200000000003,804.6318988522596,4.953706656849217,0.9533895218031888,0.865467647396789,7.76841303280187e-05,0.0024858648875721733,0.0014424460789946485,0.0012959096216499703,0.00014653645764744957,0.041666666666666664,0.12208743606001173,3.9067550764075905,2.266930745001303,2.0366358277384338,0.23029491773870128,65.48282745807795,0.000254218856327405,0.0002622102133071236,5.571074132887374e-05
0.09034999718291663,0.237744,804.5757502334119,4.953557480588584,0.9534447320017639,0.8655573518021112,7.759211333039353e-05,0.0024853588752009833,0.0014425955863368522,0.0012961166193367526,0.00014647896730287093,0.041666666666666664,0.12194843473216638,3.90613957488043,2.2672700375645074,2.037054878057443,0.23021515998291844,65.4858407950668,0.0002540795271465639,0.0002620549897877153,5.551939404475147e-05
0.09063958050722085,0.23850600000000002,804.5196123554745,4.9534083111913825,0.9534998819522047,0.8656470050184641,7.750019674632546e-05,0.0024848531036760326,0.001442745008364107,0.0012963235468071942,0.00014642146185968425,0.041666666666666664,0.12180957676519376,3.9055243417405476,2.267609196195495,2.037473828669034,0.23013536800233658,65.48885351215206,0.0002539402002052489,0.00026189983989192067,5.532827039107228e-05
0.09092916383152508,0.23926800000000006,804.4634852188303,4.95325914865557,0.9535549717040573,0.8657366070584532,7.740838049323776e-05,0.00248434757299586,0.0014428943450974221,0.0012965304040207365,0.00014636394137945688,0.041666666666666664,0.12167086205474385,3.904909377046364,2.267948220893923,2.0378926794776313,0.2300555418921883,65.49186560909726,0.00025380087554423395,0.00026174476348449037,5.513737021101382e-05
0.0912187471558293,0.24003000000000005,804.4073688238624,4.953109992979101,0.9536100013068678,0.8658261579346839,7.731666448855369e-05,0.0024838422831590054,0.0014430435965578066,0.0012967371909368218,0.00014630640592375638,0.041666666666666664,0.12153229049643571,3.9042946808562875,2.2682871116594567,2.0383114303876497,0.22997568174772695,65.49487708566583,0.0002536615532041318,0.0002615897604255427,5.4946693336586805e-05
0.09150833048013352,0.24079200000000003,804.3512631709538,4.952960844159931,0.9536649708101821,0.865915657659762,7.72250486496965e-05,0.002483337234164009,0.0014431927627662701,0.0012969439075148914,0.00014624885555415012,0.041666666666666664,0.12139386198585773,3.9036802532287185,2.2686258684917746,2.0387300813034903,0.2298957876642259,65.49788794162126,0.0002535222332256255,0.00026143483057193675,5.475623958938169e-05
0.09179791380443773,0.24155400000000005,804.2951682604873,4.952811702196016,0.9537198802635464,0.8660051062462929,7.713353289408946e-05,0.00248283242600941,0.0014433418437438217,0.0012971505537143874,0.00014619129033220565,0.041666666666666664,0.12125557641856734,3.9030660942220394,2.2689644913905616,2.0391486321295456,0.22981585973697907,65.50089817672695,0.00025338291564956465,0.0002612799737763332,5.4566008780422724e-05
0.09208749712874195,0.24231600000000003,804.2390840928464,4.952662567085311,0.9537747297165065,0.8660945037068822,7.704211713915584e-05,0.002482327858693748,0.0014434908395114705,0.0012973571294947516,0.00014613371031949035,0.041666666666666664,0.12111743369009134,3.9024522038946237,2.269302980355512,2.039567082770197,0.22973589806130065,65.5039077907463,0.00025324360051627793,0.00026112518988716845,5.4376000709788527e-05
0.09237708045304617,0.24307800000000004,804.1830106684137,4.952513438825772,0.9538295192186087,0.8661838500541356,7.695080130231888e-05,0.0024818235322155626,0.001443639750090226,0.0012975636348154258,0.00014607611557757174,0.041666666666666664,0.12097943369592573,3.901838582304834,2.2696413353863316,2.0399854331298135,0.22965590273252526,65.50691678344272,0.00025310428786705277,0.00026097047874995593,5.4186215167382195e-05
0.09266666377735039,0.24384000000000003,804.1269479875722,4.952364317415355,0.9538842488193989,0.8662731453006585,7.685958530100187e-05,0.0024813194465733938,0.0014437885755010976,0.0012977700696358517,0.00014601850616801723,0.041666666666666664,0.12084157633153574,3.9012252295110192,2.2699795564827348,2.0404036831127557,0.22957587384600772,65.50992515457955,0.0002529649777423929,0.0002608158402055992,5.3996651932261365e-05
0.09295624710165461,0.244602,804.0708960507052,4.952215202852014,0.9539389185684233,0.8663623894590565,7.676846905262804e-05,0.0024808156017657804,0.0014439373157650944,0.0012979764339154714,0.00014596088215239434,0.041666666666666664,0.12070386149235579,3.9006121455715164,2.2703176436444448,2.040821832623372,0.22949581149712334,65.51293290392015,0.00025282567018319494,0.0002606612740912229,5.3807310772866495e-05
0.09324583042595883,0.24536400000000003,804.0148548581955,4.9520660951337065,0.9539935285152276,0.8664515825419353,7.667745247462069e-05,0.002480311997791263,0.0014440859709032256,0.0012981827276137264,0.00014590324359227048,0.041666666666666664,0.12056628907378969,3.899999330544654,2.2706555968711952,2.041239881566,0.22941571578126763,65.51594003122783,0.000252686365230487,0.00026050678024055053,5.36181914473402e-05
0.09353541375026306,0.24612600000000004,803.9588244104262,4.951916994258386,0.9540480787093581,0.8665407245619002,7.658653548440305e-05,0.0024798086346483807,0.0014442345409365004,0.0012983889506900587,0.00014584559054921312,0.041666666666666664,0.12042885897121035,3.899386784488745,2.270993416162729,2.041657829844967,0.22933558679385638,65.51894653626584,0.0002525470629252948,0.00026035235848337107,5.342929370291279e-05
0.09382499707456728,0.24688800000000005,803.9028047077803,4.951767900224009,0.954102569200361,0.8666298155315572,7.649571799939839e-05,0.0024793055123356732,0.0014443830258859286,0.0012985951031039102,0.00014578792308478974,0.041666666666666664,0.12029157107996002,3.898774507462089,2.2713311015187982,2.042075677364589,0.22925542463032575,65.52195241879753,0.00025240776330881764,0.0002601980086458079,5.3240617276948745e-05
0.0941145803988715,0.24765000000000004,803.8467957506408,4.9516188130285315,0.9541570000377819,0.8667188554635114,7.640499993702998e-05,0.00247880263085168,0.001444531425772519,0.0012988011848147226,0.0001457302412605678,0.041666666666666664,0.12015442529535025,3.8981624995229796,2.271668652939166,2.0424934240291717,0.22917522938613222,65.52495767858606,0.0002522684664223404,0.0002600437305502248,5.305216189564985e-05
0.09440416372317571,0.24841200000000005,803.7907975393908,4.951469732669909,0.9542113712711674,0.8668078443703685,7.631438121472107e-05,0.002478299990194941,0.001444679740617281,0.0012990071957819376,0.00014567254513811473,0.041666666666666664,0.12001742151266183,3.897550760729693,2.272006070423602,2.0429110697430093,0.22909500115675244,65.52796231539472,0.00025212917230709294,0.00025988952401501624,5.2863927275242334e-05
0.09469374704747993,0.24917400000000003,803.7348100744133,4.951320659146097,0.954265682950063,0.8668967822647342,7.622386174989493e-05,0.002477797590363996,0.0014448279704412238,0.001299213135964997,0.000145614834778998,0.041666666666666664,0.11988055962714482,3.8969392911404968,2.272343353971888,2.0433286144103864,0.22901474003768346,65.53096632898668,0.000251989881004543,0.00025973538885536266,5.267591312116116e-05
0.09498333037178415,0.24993600000000002,803.6788333560912,4.95117159245505,0.9543199351240151,0.8669856691592139,7.613344145997483e-05,0.002477295431357384,0.0014449761152653567,0.0012994190053233431,0.0001455571102447851,0.041666666666666664,0.11974383953401864,3.8963280908136437,2.272680503583815,2.043746057935576,0.22893444612444255,65.53396971912514,0.00025185059255617505,0.00025958132488223265,5.2488119128543994e-05
0.09527291369608837,0.25069800000000003,803.6228673848076,4.951022532594725,0.9543741278425696,0.8670745050664135,7.604312026238401e-05,0.0024767935131736448,0.0014451241751106893,0.0012996248038164172,0.00014549937159704347,0.041666666666666664,0.11960726112847193,3.895717159807378,2.2730175192591826,2.044163400222841,0.22885411951256718,65.53697248557322,0.00025171130700386585,0.0002594273319035979,5.230054498238142e-05
0.09556249702039259,0.25146,803.5669121609454,4.950873479563076,0.9544282611552726,0.8671632899989382,7.595289807454575e-05,0.0024762918358113184,0.0014452721499982305,0.0012998305314036612,0.00014544161889734058,0.041666666666666664,0.1194708243056627,3.895106498179929,2.273354400997801,2.0445806411764327,0.22877376029761523,65.5399746280941,0.00025157202438944374,0.0002592734097233824,5.211319035696921e-05
0.0958520803446968,0.252222,803.5109676848879,4.95072443335806,0.95448233511167,0.8672520239693936,7.58627748138833e-05,0.0024757903992689446,0.0014454200399489894,0.001300036188044517,0.00014538385220724386,0.041666666666666664,0.11933452896071824,3.894496105989516,2.273691148799488,2.0449977807005926,0.22869336857516454,65.54297614645087,0.0002514327447547305,0.0002591195581418322,5.192605491637326e-05
0.09614166366900104,0.25298400000000004,803.4550339570179,4.9505753939776325,0.9545363497613081,0.8673407069903856,7.577275039781992e-05,0.002475289203545062,0.001445567844983976,0.0013002417736984267,0.0001453260715883208,0.041666666666666664,0.11919837498873515,3.8938859832943433,2.274027762664074,2.045414818699551,0.22861294444081348,65.5459770404066,0.00025129346814174405,0.0002589657769556808,5.1739138314182645e-05
0.09643124699330526,0.253746,803.3991109777184,4.950426361419747,0.9545903051537328,0.8674293390745194,7.56828247437789e-05,0.002474788248638211,0.001445715565124199,0.0013004472883248314,0.00014526827710213886,0.041666666666666664,0.11906236228477945,3.893276130152608,2.2743642425913957,2.0458317550775273,0.22853248799018053,65.54897730972439,0.0002511541945929997,0.00025881206595838906,5.155244019395946e-05
0.09672083031760947,0.25450800000000007,803.3431987473725,4.950277335682362,0.9546442013384899,0.8675179202344006,7.559299776918345e-05,0.0024742875345469314,0.0014458632003906677,0.0013006527318831737,0.00014521046881026548,0.041666666666666664,0.11892649074388638,3.8926665466224915,2.274700588581302,2.046248589738732,0.22845199931890434,65.55197695416727,0.00025101492415072473,0.00025865842493936754,5.136596018869498e-05
0.09701041364191369,0.25527000000000005,803.2872972663632,4.950128316763431,0.9546980383651259,0.867606450482635,7.550326939145688e-05,0.0024737870612697626,0.0014460107508043917,0.001300858104332895,0.00014515264677426816,0.041666666666666664,0.11879076026106054,3.892057232762163,2.2750368006336497,2.046665322587362,0.2283714785226439,65.55497597349824,0.00025087565685766533,0.00025850485368492945,5.1179697921240696e-05
0.09729999696621791,0.25603200000000004,803.2314065350735,4.94997930466091,0.9547518162831865,0.8676949298318278,7.541363952802244e-05,0.0024732868288052435,0.0014461582163863799,0.001301063405633437,0.00014509481105571433,0.041666666666666664,0.11865517073127597,3.8914481886297834,2.275372878748306,2.047081953527606,0.2282909256970783,65.55797436748037,0.0002507363927564106,0.00025835135197769296,5.099365300430386e-05
0.09758958029052213,0.256794,803.1755265538864,4.9498302993727545,0.954805535142218,0.8677833582945851,7.532410809630338e-05,0.002472786837151915,0.0014463055971576419,0.001301268635744242,0.00014503696171617143,0.041666666666666664,0.118519722049476,3.8908394142834966,2.275708822925147,2.0474984824636406,0.22821034093790665,65.56097213587655,0.0002505971318900579,0.0002581979195967703,5.0807825040121416e-05
0.09787916361482635,0.257556,803.1196573231849,4.949681300896921,0.9548591949917662,0.867871735883512,7.523467501372296e-05,0.0024722870863083156,0.0014464528931391867,0.0013014737946247512,0.00014497909881720696,0.041666666666666664,0.1183844141105733,3.890230909781438,2.2760446331640596,2.047914909299632,0.22812972434084872,65.5639692784498,0.00025045787430170107,0.00025804455631783763,5.062221362103886e-05
0.09816874693913057,0.25831800000000005,803.0637988433522,4.949532309231364,0.9549127958813773,0.8679600626112143,7.514534019770445e-05,0.002471787576272986,0.001446600104352024,0.001301678882234407,0.00014492122242038837,0.041666666666666664,0.11824924680944994,3.8896226751817298,2.276380309464938,2.0483312339397375,0.22804907600164398,65.56696579496301,0.00025031862003442097,0.00025789126191284466,5.043681832888007e-05
0.0984583302634348,0.25908000000000003,803.007951114771,4.949383324374039,0.9549663378605974,0.8680483384902974,7.505610356567112e-05,0.002471288307044465,0.0014467472308171624,0.0013018838985326508,0.0001448633325872831,0.041666666666666664,0.11811422004095741,3.889014710542482,2.2767158518276887,2.048747456288101,0.22796839601605234,65.56996168517914,0.0002501793691320593,0.0002577380361509518,5.0251638735599464e-05
0.09874791358773902,0.2598420000000001,802.9521141378247,4.949234346322902,0.9550198209789723,0.868136563533367,7.49669650350462e-05,0.0024707892786212924,0.0014468942725556118,0.0013020888434789246,0.00014480542937945866,0.041666666666666664,0.11797933369991648,3.888407015921792,2.277051260252225,2.0491635762488576,0.2278876844798538,65.572956948861,0.0002500401216382422,0.00025758487879726667,5.006667440292323e-05
0.09903749691204324,0.26060400000000006,802.8962879128959,4.949085375075907,0.9550732452860482,0.8682247377530288,7.4877924523253e-05,0.0024702904910020077,0.0014470412295883813,0.0013022937170326702,0.00014474751285848246,0.041666666666666664,0.11784458768111747,3.8877995913777474,2.2773865347384725,2.049579593726132,0.22780694148884856,65.57595158577153,0.0002499008775968017,0.00025743178961383,4.988192488249859e-05
0.09932708023634745,0.26136600000000004,802.840472440368,4.948936410631013,0.9551266108313712,0.8683128611618879,7.478898194771475e-05,0.0024697919441851513,0.00144718810193648,0.0013024985191533293,0.00014468958308592198,0.041666666666666664,0.11770998187931993,3.8871924369684203,2.277721675286364,2.049995508624037,0.22772616713885677,65.57894559567355,0.0002497616370521472,0.0002572787683593414,4.9697389715995256e-05
0.09961666356065167,0.262128,802.7846677206237,4.948787452986173,0.9551799176644872,0.8684009337725503,7.470013722585472e-05,0.002469293638169262,0.0014473348896209173,0.001302703249800344,0.00014463164012334468,0.041666666666666664,0.11757551618925294,3.886585552751873,2.2780566818958436,2.0504113208466763,0.22764536152571901,65.58193897832987,0.0002496224000481888,0.0002571258147885491,4.95130684346159e-05
0.09990624688495589,0.26289,802.7288737540463,4.948638502139343,0.9552331658349423,0.8684889555976215,7.461139027509616e-05,0.0024687955729528798,0.0014474815926627026,0.0013029079089331558,0.000144573684032318,0.041666666666666664,0.11744119050561488,3.8859789387861547,2.2783915545668636,2.0508270302981417,0.22756452474529565,65.5849317335033,0.00024948316662988973,0.0002569729286538074,4.932896056012543e-05
0.10019583020926011,0.26365200000000005,802.6730905410185,4.948489558088479,0.9552863553922826,0.8685769266497069,7.452274101286233e-05,0.0024682977485345437,0.0014476282110828448,0.0013031124965112069,0.00014451571487440946,0.041666666666666664,0.1173070047230737,3.8853725951293034,2.2787262932993873,2.0512426368825154,0.22748365689346764,65.58792386095662,0.00024934393684204693,0.0002568201097034639,4.914506560394748e-05
0.10048541353356433,0.26441400000000004,802.6173180819236,4.9483406208315355,0.955339486386054,0.8686648469414122,7.443418935657653e-05,0.0024678001649127944,0.0014477747449023538,0.0013033170124939386,0.00014445773271118645,0.041666666666666664,0.11717295873626668,3.8847665218393446,2.2790608980933866,2.0516581405038683,0.2274027580661355,65.59091536045257,0.00024920471072965416,0.00025666735768280094,4.8961383067504815e-05
0.10077499685786855,0.265176,802.5615563771445,4.948191690366468,0.9553925588658028,0.8687527164853429,7.434573522366199e-05,0.002467302822086171,0.0014479211941422383,0.0013035214568407933,0.00014439973760421647,0.041666666666666664,0.11703905243980052,3.88416071897429,2.279395368948843,2.0520735410662616,0.22732182835922027,65.5939062317539,0.00024906548833802424,0.00025651467233376375,4.8777912442352845e-05
0.10106458018217278,0.26593800000000006,802.5058054270643,4.948042766691234,0.9554455728810748,0.8688405352941047,7.425737853154196e-05,0.0024668057200532127,0.0014480675588235078,0.0013037258295112123,0.00014434172961506696,0.041666666666666664,0.11690528572825139,3.883555186592141,2.2797297058657477,2.052488838473746,0.22724086786866285,65.5968964746233,0.0002489262697127781,0.0002563620533950082,4.8594653210205926e-05
0.101354163506477,0.26670000000000005,802.4500652320659,4.947893849803787,0.9554985284814163,0.8689283033803029,7.416911919763973e-05,0.00246630885881246,0.0014482138389671716,0.0013039301304646376,0.0001442837088053054,0.041666666666666664,0.11677165849616492,3.8829499247508874,2.2800639088441015,2.0529040326303596,0.2271598766904243,65.59988608882348,0.00024878705489965583,0.00025620950060202676,4.8411604842684226e-05
0.10164374683078121,0.26746200000000003,802.3943357925323,4.947744939702084,0.9555514257163729,0.8690160207565433,7.408095713937855e-05,0.0024658122383624517,0.0014483600345942388,0.001304134359660511,0.00014422567523649925,0.041666666666666664,0.11663817063805625,3.8823449335085054,2.280397977883916,2.0533191234401342,0.227078854920486,65.60287507411712,0.00024864784394485243,0.0002560570136871041,4.8228766801711746e-05
0.10193333015508543,0.268224,802.3386171088465,4.94759603638408,0.9556042646354911,0.8691036874354314,7.399289227418167e-05,0.002465315858701728,0.001448506145725719,0.0013043385170582744,0.00014416762897021597,0.041666666666666664,0.11650482204840984,3.881740212922959,2.2807319129852095,2.0537341108070866,0.22699780265484895,65.60586343026685,0.00024850863689458263,0.00025590459237907515,4.804613853924006e-05
0.10222291347938965,0.26898600000000006,802.2829091813918,4.947447139847729,0.9556570452883166,0.8691913034295727,7.390492451947237e-05,0.002464819719828828,0.0014486521723826213,0.0013045426026173697,0.000144109570068023,0.041666666666666664,0.11637161262167973,3.8811357630521983,2.2810657141480126,2.054148994635226,0.22691671998953436,65.60885115703526,0.0002483694337955215,0.00025575223640391347,4.7863719497585465e-05
0.10251249680369387,0.26974800000000004,802.2272120105508,4.947298250090989,0.9557097677243956,0.8692788687515729,7.381705379267392e-05,0.002464323821742292,0.001448798114585955,0.0013047466162972386,0.0001440514985914878,0.041666666666666664,0.11623854225228945,3.8805315839541663,2.2813993813723648,2.05456377482855,0.22683560702058375,65.61183825418499,0.0002482302346946963,0.0002555999454843855,4.768150910901728e-05
0.10280208012799809,0.27051000000000003,802.1715255967069,4.947149367111815,0.9557624319932743,0.8693663834140375,7.372928001120954e-05,0.002463828164440659,0.0014489439723567293,0.0013049505580573228,0.00014399341460217787,0.041666666666666664,0.11610561083463194,3.879927675686789,2.281732914658314,2.0549784512910465,0.22675446384405842,65.61482472147861,0.0002480910396390674,0.0002554477193396837,4.749950679620488e-05
0.1030916634523023,0.271272,802.1158499402429,4.947000490908161,0.9558150381444985,0.8694538474295721,7.364160309250254e-05,0.002463332747922469,0.0014490897457159536,0.0013051544278570642,0.00014393531816166063,0.041666666666666664,0.11597281826306972,3.8793240383079834,2.2820663140059194,2.055393023926692,0.22667329055603977,65.61781055867868,0.0002479518486762612,0.0002552955576863888,4.731771197201164e-05
0.10338124677660653,0.272034,802.0601850415419,4.946851621477984,0.9558675862276144,0.8695412608107821,7.355402295397616e-05,0.0024628375721862618,0.001449235434684637,0.0013053582256559047,0.00014387720933150357,0.041666666666666664,0.1158401644319347,3.8787206718756506,2.2823995794152485,2.0558074926394534,0.22659208725262933,65.62079576554773,0.0002478126618538857,0.00025514346023772374,4.713612403967677e-05
0.10367083010091076,0.27279600000000004,802.0045309009868,4.946702758819239,0.9559200762921678,0.8696286235702733,7.346653951305365e-05,0.0024623426372305766,0.001449381039283789,0.0013055619514132863,0.0001438190881732741,0.041666666666666664,0.1157076492355284,3.8781175764476825,2.2827327108863793,2.0562218573332873,0.2265108540299484,65.62378034184829,0.0002476734792201721,0.0002549914267039068,4.695474239263117e-05
0.10396041342521498,0.2735580000000001,801.9488875189606,4.946553902929882,0.9559725083877051,0.8697159357206511,7.337915268715829e-05,0.002461847943053953,0.0014495265595344186,0.0013057656050886504,0.00014376095474853977,0.041666666666666664,0.11557527256812183,3.8775147520819577,2.2830657084193993,2.0566361179121384,0.22642959098413867,65.62676428734282,0.00024753430082330994,0.00025483945679193813,4.677356641476981e-05
0.1042499967495192,0.27432000000000006,801.8932548958467,4.946405053807869,0.9560248825637719,0.8698031972745212,7.329186239371334e-05,0.0024613534896549306,0.0014496719954575354,0.0013059691866414388,0.00014370280911886794,0.041666666666666664,0.11544303432395545,3.87691219883634,2.283398572014404,2.0570502742799417,0.22634829821136138,65.62974760179381,0.00024739512671211977,0.00025468755020592777,4.6592595480304095e-05
0.10453958007382341,0.27508200000000005,801.8376330320276,4.946256211451153,0.9560771988699148,0.869890408244489,7.320466855014206e-05,0.0024608592770320498,0.0014498173470741484,0.0013061726960310938,0.00014364465134582613,0.041666666666666664,0.11531093439723934,3.8763099167686876,2.283731301671501,2.0574643263406243,0.22626697580779817,65.63273028496371,0.00024725595693528957,0.00025453570664666427,4.6411828953739324e-05
0.10482916339812763,0.27584400000000003,801.7820219278866,4.946107375857692,0.9561294573556793,0.8699775686431603,7.31175710738677e-05,0.0024603653051838495,0.0014499626144052673,0.0013063761332170567,0.00014358648149098181,0.041666666666666664,0.11517897268215305,3.8757079059368382,2.284063897390806,2.0578782739980976,0.22618562386965038,65.63571233661492,0.0002471167915423199,0.0002543839258123668,4.623126619023829e-05
0.10511874672243185,0.276606,801.7264215838067,4.945958547025441,0.9561816580706118,0.8700646784831404,7.303056988231354e-05,0.002459871574108869,0.0014501077974719008,0.0013065794981587696,0.0001435282996159024,0.041666666666666664,0.11504714907284577,3.875106166398625,2.2843963591724443,2.0582921171562694,0.2261042424931396,65.6386937565099,0.00024697763058280565,0.000254232207398052,4.605090653526072e-05
0.10540833004673607,0.27736800000000006,801.6708320001708,4.945809724952356,0.9562338010642583,0.870151737777035,7.294366489290282e-05,0.002459378083805649,0.0014502528962950585,0.0013067827908156745,0.0001434701057821554,0.041666666666666664,0.11491546346343612,3.8745046982118607,2.2847286870165515,2.0587058557190305,0.22602283177450708,65.64167454441099,0.00024683847410652876,0.00025408055109536217,4.5870749324675306e-05
0.10569791337104029,0.27813000000000004,801.6152531773621,4.945660909636391,0.9562858863861646,0.8702387465374497,7.285685602305883e-05,0.0024588848342727283,0.0014503979108957496,0.001306986011147213,0.00014341190005130822,0.041666666666666664,0.11478391574801235,3.8739035014343535,2.2850608809232726,2.0591194895902665,0.2259413918100142,65.64465470008055,0.00024669932216382173,0.0002539289565936289,4.569079388510292e-05
0.1059874966953445,0.27889200000000003,801.5596851157634,4.945512101075503,0.9563379140858771,0.87032570477699,7.27701431902048e-05,0.002458391825508647,0.0014505428412949835,0.0013071891591128265,0.00014335368248492836,0.041666666666666664,0.11465250582063227,3.873302576123894,2.2853929408927622,2.059533018673849,0.22585992269594243,65.64763422328095,0.00024656017480531475,0.000253777423578914,4.551103953356413e-05
0.10627708001964874,0.27965400000000007,801.5041278157579,4.9453632992676475,0.9563898842129416,0.8704126125082616,7.268352631176401e-05,0.0024578990575119444,0.0014506876875137694,0.0013073922346719575,0.00014329545314458326,0.041666666666666664,0.11452123357532319,3.872701922338262,2.2857248669251833,2.059946442873642,0.22577842452859279,65.65061311377447,0.00024642103208171004,0.00025362595173422523,4.533148557757107e-05
0.10656666334395296,0.28041600000000005,801.4485812777285,4.945214504210778,0.9564417968169042,0.8704994697438699,7.259700530515974e-05,0.0024574065302811598,0.0014508324495731166,0.0013075952377840476,0.00014323721209184043,0.041666666666666664,0.11439009890608218,3.8721015401352243,2.2860566590207108,2.060359762093497,0.2256968974042867,65.65359137132344,0.00024628189404445543,0.00025347454073997624,4.5152131315391704e-05
0.10685624666825717,0.28117800000000004,801.3930455020583,4.945065715902853,0.9564936519473108,0.8705862764964205,7.251058008781521e-05,0.0024569142438148335,0.0014509771274940342,0.0013077981684085384,0.00014317895938826725,0.041666666666666664,0.11425910170687567,3.8715014295725383,2.2863883171795276,2.060772976237257,0.22561534141936518,65.65656899569011,0.00024614276074500527,0.00025332319027325756,4.497297603583411e-05
0.10714582999256139,0.28194,801.3375204891303,4.944916934341827,0.9565454496537078,0.870673032778519,7.242425057715372e-05,0.0024564221981115053,0.0014511217212975318,0.001308001026504872,0.00014312069509543124,0.041666666666666664,0.1141282418716399,3.870901590707946,2.2867198414018266,2.061186085208753,0.22553375667018927,65.65954598663676,0.00024600363223530443,0.0002531719000088984,4.4794019018389035e-05
0.10743541331686561,0.28270200000000006,801.2820062393275,4.944768159525655,0.9565971899856409,0.8707597386027709,7.23380166905985e-05,0.002455930393169714,0.0014512662310046183,0.0013082038120324898,0.00014306241927489985,0.041666666666666664,0.11399751929428047,3.8703020235991756,2.28705123168781,2.061599088911808,0.2254521432531399,65.66252234392559,0.0002458645085677411,0.00025302066961832163,4.4615259533287594e-05
0.10772499664116983,0.28346400000000005,801.2265027530328,4.944619391452291,0.9566488729926563,0.8708463939817819,7.225187834557284e-05,0.0024554388289879997,0.0014514106566363033,0.0013084065249508341,0.00014300413198824053,0.041666666666666664,0.11386693386867286,3.869702728303947,2.287382488037691,2.0620119872502323,0.225370501264618,65.66549806731884,0.0002457253897948136,0.00025286949877041865,4.4436696841405874e-05
0.10801457996547405,0.28422600000000003,801.1710100306295,4.944470630119694,0.9567004987243001,0.8709329989281576,7.216583545949997e-05,0.002454947505564902,0.001451554998213596,0.0013086091652193467,0.00014294583329702072,0.041666666666666664,0.11373648548866191,3.869103704879964,2.287713610451691,2.0624247801278277,0.22528883080104417,65.66847315657866,0.00024558627596951016,0.0002527183871309922,4.425833019428686e-05
0.10830416328977827,0.284988,801.1155280725004,4.9443218755258185,0.9567520672301181,0.8710195534545032,7.207988794980319e-05,0.0024544564228989605,0.0014516992557575055,0.001308811732797469,0.00014288752326280794,0.041666666666666664,0.11360617404806235,3.8685049533849227,2.2880445989300413,2.0628374674483845,0.2252071319588593,65.67144761146726,0.00024544716714525855,0.0002525673343634204,4.4080158834502955e-05
0.10859374661408248,0.28575,801.0600568790285,4.944173127668618,0.9568035785596566,0.8711060575734247,7.199403573390575e-05,0.002453965580988715,0.0014518434292890414,0.0013090142276446432,0.0001428292019471696,0.041666666666666664,0.1134759994406583,3.8679064738765003,2.288375453472983,2.063250049115683,0.2251254048345236,65.67442143174677,0.0002453080633758047,0.0002524163401282405,4.39021819952798e-05
0.10888332993838672,0.28651200000000004,801.0045964505969,4.94402438654605,0.9568550327624614,0.8711925112975276,7.190827872923087e-05,0.0024534749798327043,0.0014519875188292127,0.001309216649720311,0.00014277086941167315,0.041666666666666664,0.11334596156020363,3.867308266412366,2.288706174080767,2.063662525033495,0.22504364952451764,65.67739461717932,0.00024516896471509593,0.0002522654040827563,4.37243989005916e-05
0.10917291326269093,0.28727400000000003,800.9491467875886,4.94387565215607,0.956906429888079,0.8712789146394172,7.182261685320186e-05,0.002452984619429469,0.0014521315243990287,0.001309418998983914,0.0001427125257178861,0.041666666666666664,0.11321606030042186,3.8667103310501765,2.2890367607536537,2.064074895105579,0.22496186612534158,65.680367167527,0.00024502987121764687,0.000252114525882085,4.354680876543469e-05
0.10946249658699515,0.28803600000000007,800.8937078903866,4.943726924496632,0.9569577699860549,0.8713652676116992,7.173705002324197e-05,0.0024524944997775487,0.0014522754460194987,0.0013096212753948944,0.00014265417092737588,0.041666666666666664,0.11308629555500616,3.866112667847574,2.289367213491913,2.064487159235686,0.22488005473351555,65.6833390825519,0.00024489078293823746,0.000251963705178355,4.336941079563548e-05
0.10975207991129937,0.28879800000000005,800.838279759374,4.943578203565694,0.9570090531059353,0.8714515702269793,7.165157815677447e-05,0.0024520046208754824,0.0014524192837116322,0.0013098234789126937,0.00014259580510171,0.041666666666666664,0.11295666721761935,3.865515276862188,2.289697532295824,2.064899317327556,0.22479821544557946,65.68631036201607,0.00024475169993215534,0.0002518129416212572,4.319220418806372e-05
0.11004166323560359,0.28956000000000004,800.7828623949338,4.943429489361209,0.9570602792972664,0.8715378224978629,7.15662011712226e-05,0.0024515149827218103,0.0014525630374964383,0.0013100256094967539,0.00014253742830245582,0.041666666666666664,0.11282717518189389,3.864918158151638,2.2900277171656773,2.0653113692849168,0.224716348358093,65.68928100568155,0.0002446126222550245,0.0002516622348573465,4.301518813043607e-05
0.11033124655990781,0.290322,800.7274557974488,4.943280781881134,0.9571114486095942,0.8716240244369557,7.148091898400964e-05,0.0024510255853150715,0.0014527067073949263,0.0013102276671065167,0.00014247904059118088,0.041666666666666664,0.11269781934143201,3.86432131177353,2.290357768101772,2.0657233150114895,0.2246344535676359,65.69225101331041,0.0002444735499625385,0.00025151158453067186,4.283836180138896e-05
0.11062082988421203,0.291084,800.6720599673023,4.943132081123424,0.9571625610924648,0.8717101760568631,7.139573151255884e-05,0.002450536428653806,0.0014528502934281053,0.001310429651701424,0.00014242064202945261,0.041666666666666664,0.11256859958980545,3.8637247377854544,2.2906876851044147,2.0661351544109823,0.22455253117080742,65.69522038466455,0.0002443344831112229,0.00025136099028294506,4.266172437073577e-05
0.11091041320851625,0.29184600000000005,800.6166749048772,4.942983387086035,0.9572136167954238,0.8717962773701907,7.131063867429347e-05,0.002450047512736553,0.0014529937956169847,0.0013106315632409177,0.00014236223267883848,0.041666666666666664,0.11243951582055585,3.863128436244995,2.2910174681739255,2.0665468873870956,0.22447058126422686,65.69818911950603,0.00024419542175790226,0.0002512104517529483,4.248527499936896e-05
0.11119999653282048,0.2926080000000001,800.5613006105564,4.942834699766922,0.9572646157680179,0.8718823283895444,7.122564038663678e-05,0.0024495588375618533,0.001453137213982574,0.0013108334016844394,0.00014230381260090595,0.041666666666666664,0.1123105679271944,3.862532407209718,2.2913471173106315,2.0669585138435167,0.22438860394453322,65.70115721759676,0.00024405636595951623,0.0002510599685769247,4.2309012839134227e-05
0.1114895798571247,0.2933700000000001,800.5059370847231,4.942686019164041,0.9573155580597928,0.8719683291275293,7.114073656701204e-05,0.002449070403128245,0.0014532805485458823,0.001311035166991431,0.00014224538185722248,0.041666666666666664,0.11218175580320205,3.8619366507371784,2.2916766325148705,2.067370033683925,0.22430659930838523,65.70412467869869,0.00024391731577367526,0.00025090954038849226,4.2132937033059e-05
0.11177916318142891,0.29413200000000006,800.4505843277603,4.9425373452753485,0.9573664437202946,0.8720542795967511,7.105592713284252e-05,0.002448582209434269,0.0014534237993279187,0.0013112368591213345,0.00014218694050935555,0.041666666666666664,0.11205307934202949,3.86134116688492,2.29200601378699,2.0677814468119897,0.22422456745246158,65.70709150257373,0.0002437782712583152,0.0002507591668186623,4.195704671538546e-05
0.11206874650573313,0.29489400000000004,800.3952423400509,4.942388678098798,0.9574172727990691,0.8721401798098155,7.097121200155147e-05,0.002448094256478464,0.0014535669663496926,0.0013114384780335915,0.00014212848861887257,0.041666666666666664,0.11192453843709707,3.860745955710473,2.2923352611273464,2.0681927531313686,0.22414250847346054,65.71005768898377,0.0002436392324716396,0.00025060884749585435,4.178134101135802e-05
0.11235832983003735,0.29565600000000003,800.339911121978,4.942240017632346,0.9574680453456627,0.8722260297793281,7.088659109056216e-05,0.00244760654425937,0.0014537100496322135,0.0013116400236876438,0.00014207002624734105,0.041666666666666664,0.11179613298179489,3.8601510172713533,2.2926643745363062,2.0686039525457107,0.22406042246810032,65.71302323769066,0.0002435001994725702,0.0002504585820462832,4.160581903763604e-05
0.11264791315434157,0.29641800000000007,800.2845906739246,4.942091363873948,0.9575187614096213,0.8723118295178942,7.080206431729784e-05,0.0024471190727755263,0.0014538530491964904,0.0013118414960429333,0.00014201155345632845,0.041666666666666664,0.11166786286948284,3.859556351625068,2.2929933540142464,2.0690150449586535,0.22397830953311873,65.71598814845629,0.00024336117232010425,0.00025030837009332163,4.143047990213931e-05
0.11293749647864579,0.29718000000000006,800.2292809962738,4.94194271682156,0.957569421040491,0.8723975790381197,7.071763159918176e-05,0.002446631842025473,0.0014539959650635328,0.001312042895058902,0.00014195307030740218,0.041666666666666664,0.11153972799349042,3.8589619588291084,2.2933221995615525,2.069426030273827,0.2238961697652734,65.71895242104245,0.00024322215107371872,0.00025015821125774193,4.125532270385673e-05
0.11322707980295,0.29794200000000004,800.1739820894085,4.941794076473137,0.9576200242878177,0.8724832783526099,7.063329285363723e-05,0.00244614485200775,0.0014541387972543498,0.0013122442206949913,0.00014189457686212975,0.041666666666666664,0.11141172824711708,3.858367838940955,2.293650911178619,2.069836908394847,0.2238140032613417,65.72191605521095,0.00024308313579343656,0.0002500081051580952,4.1080346533231695e-05
0.11351666312725422,0.298704,800.1186939537116,4.941645442826634,0.9576705712011475,0.8725689274739703,7.054904799808748e-05,0.002445658102720896,0.0014542815457899505,0.0013124454729106433,0.0001418360731820786,0.041666666666666664,0.11128386352363188,3.857773992018074,2.2939794888658533,2.0702476792253233,0.22373181011812077,65.7248790507236,0.00024294412653958256,0.00024985805141035394,4.0905550472107095e-05
0.11380624645155846,0.29946600000000007,800.0634165895665,4.941496815880009,0.9577210618300265,0.8726545264148068,7.046489694995575e-05,0.002445171594163451,0.0014544242106913447,0.0013126466516653,0.0001417775593288162,0.041666666666666664,0.11115613371627361,3.85718041811792,2.2943079326236684,2.070658342668853,0.2236495904324274,65.72784140734217,0.0002428051233729038,0.00024970804962801444,4.073093359352252e-05
0.11409582977586268,0.30022800000000005,800.0081499973558,4.941348195631214,0.9577714962240008,0.8727400751877248,7.038083962666535e-05,0.002444685326333955,0.0014545667919795414,0.0013128477569184028,0.00014171903536391,0.041666666666666664,0.11102853871825101,3.8565871172979356,2.29463624245249,2.0710688986290253,0.22356734430109815,65.73080312482836,0.000242666126354613,0.00024955809942219095,4.055649496215381e-05
0.1143854131001669,0.30099000000000004,799.9528941774628,4.941199582078207,0.9578218744326163,0.8728255738053299,7.02968759456395e-05,0.0024441992992309475,0.0014547092896755498,0.0013130487886293936,0.00014166050134892743,0.041666666666666664,0.1109010784227424,3.8559940896155487,2.294964418352751,2.071479347009417,0.22348507182098912,65.7337642029439,0.00024252713554624058,0.00024940820040153777,4.0382233633943674e-05
0.11467499642447111,0.3017520000000001,799.8976491302703,4.941050975218943,0.9578721965054191,0.8729110222802274,7.021300582430149e-05,0.0024437135128529677,0.0014548517038003791,0.0013132497467577145,0.00014160195734543604,0.041666666666666664,0.1107737527228961,3.8554013351281764,2.2952924603248963,2.071889687713597,0.2234027730889765,65.73672464145055,0.0002423881510098861,0.0002492583521722985,4.0208148656428705e-05
0.11496457974877533,0.30251400000000006,799.8424148561616,4.940902375051377,0.9579224624919552,0.8729964206250233,7.012922918007457e-05,0.0024432279671985557,0.0014549940343750389,0.001313450631262807,0.0001415434034150032,0.041666666666666664,0.11064656151183,3.854808853893223,2.29562036836938,2.072299920645123,0.2233204482019557,65.73968444010993,0.0002422491728081253,0.0002491085543385861,4.003423906866221e-05
0.11525416307307955,0.30327600000000005,799.7871913555194,4.9407537815734655,0.9579726724417709,0.8730817688523229,7.004554593038201e-05,0.002442742662266251,0.0014551362814205382,0.0013136514421041132,0.00014148483961919642,0.041666666666666664,0.11051950468263201,3.854216645968078,2.2959481424866643,2.072710045707542,0.2232380972568421,65.7426435986837,0.00024211020100350897,0.0002489588065015723,3.986050390096769e-05
0.11554374639738377,0.30403800000000003,799.731978628727,4.940605194783163,0.9580228264044117,0.8731670669747318,6.996195599264705e-05,0.0024422575980545926,0.0014552784449578865,0.0013138521792410748,0.00014142626601958315,0.041666666666666664,0.11039258212835969,3.853624711410121,2.296275782677223,2.073120062804394,0.22315572035057069,65.74560211693354,0.00024197123565956915,0.00024880910826073014,3.9686942175684434e-05
0.11583332972168799,0.3048,799.6767766761673,4.940456614678426,0.9580729244294243,0.8732523150048557,6.987845928429297e-05,0.0024417727745621215,0.0014554205250080928,0.0013140528426331334,0.00014136768267773085,0.041666666666666664,0.11026579374204046,3.853033050276717,2.296603288941538,2.073529971839205,0.22307331758009602,65.74855999462102,0.0002418322768399841,0.00024865945921293794,3.951355290647811e-05
