catalyst_mass_kg,bed_length_m,temperature_k,pressure_bar,co_conversion,methane_yield,flow_CO_mol_s,flow_H2_mol_s,flow_CH4_mol_s,flow_H2O_mol_s,flow_CO2_mol_s,flow_N2_mol_s,concentration_CO_mol_m3,concentration_H2_mol_m3,concentration_CH4_mol_m3,concentration_H2O_mol_m3,concentration_CO2_mol_m3,concentration_N2_mol_m3
0.0,0.0,623.15,5.0,0.0,0.0,0.0016666666666666668,0.006666666666666667,0.0,0.0,0.0,0.041666666666666664,3.216784483209663,12.867137932838652,0.0,0.0,0.0,80.41961208024156
0.007239583107605501,0.0007620000000000002,797.4401350733855,4.999999010251286,0.8504834520165643,0.7292929292745635,0.00024919424663905954,0.003222186225018334,0.0012154882154576058,0.0010135040110644008,0.00020198420454491515,0.041666666666666664,0.39504941015315254,5.108154721729374,1.9269221061116202,1.606715111439849,0.32020699491227866,66.05446278042052
0.014479166215211002,0.0015240000000000004,821.3050243415902,4.999997900048919,0.9347921164063107,0.8374444255274461,0.00010867980598948207,0.0026416906906486944,0.0013957407092124103,0.001233494557924432,0.00016224615143968832,0.041666666666666664,0.16856198594448543,4.097252704977206,2.164788790947764,1.9131455972195952,0.2516431939634707,64.62484927236571
0.0217187493228165,0.0022860000000000007,821.080732797537,4.999996785726754,0.9353567880917811,0.8383030597812087,0.00010773868651369803,0.002636907581766062,0.0013971717663020145,0.0012354155526278566,0.00016175621382586813,0.041666666666666664,0.1671580568060184,4.091198450697937,2.1677312489751173,1.9167642543976067,0.25096699481289086,64.6464075158237
0.028958332430422003,0.003048000000000001,820.7881018601032,4.999995671833137,0.9357350453496855,0.8388421158776896,0.00010710825775052423,0.002633944303219362,0.0013980701931294828,0.0012365819775196198,0.00016148821576157345,0.041666666666666664,0.16624547608033588,4.088212560395682,2.169980632043288,1.9193306275594442,0.25065000471931753,64.67190282204696
0.0361979155380275,0.003810000000000001,820.4955787473908,4.999994558378611,0.9361110111743138,0.8393791095526266,0.00010648164804281014,0.002630990955094163,0.001398965182587711,0.001237745346728362,0.00016121983601105941,0.041666666666666664,0.16533805500026053,4.085238491647472,2.1722257924590274,1.9218936969440397,0.25033209575055393,64.69739858121984
0.043437498645633,0.004572000000000001,820.2033126428062,4.9999934453627155,0.9364850851773797,0.8399147359458986,0.00010585819137103371,0.002628043569144126,0.0013998578932431643,0.0012389073113674924,0.00016095058202738238,0.041666666666666664,0.16443474412917997,4.082269555672755,2.1744682344501016,1.9244557658315355,0.25001246885422557,64.72288618681188
0.050677081753238505,0.005334000000000001,819.9113037526814,4.999992332784966,0.9368572740383919,0.8404489972381636,0.00010523787660268009,0.0026251021419640467,0.0014007483287302727,0.0012400678675733552,0.0001606804613086278,0.041666666666666664,0.1635355322177068,4.079305757305631,2.1767079575998847,1.927016823755648,0.24969113407998866,64.74836559841407
0.05791666486084401,0.006096000000000002,819.6195522064555,4.9999912206448744,0.9372275842192923,0.8409818952332958,0.00010462069296784618,0.0026221666722979994,0.001401636492055493,0.0012412270105889621,0.00016040948161824138,0.041666666666666664,0.16264040856240575,4.076347104987545,2.178944960668001,1.9295768589768911,0.2493681019269547,64.77383677990899
0.0651562479684495,0.006858000000000001,819.3280581856509,4.9999901089419545,0.9375960221412655,0.8415134319978106,0.0001040066297645575,0.0026192371570711885,0.0014025223866630178,0.001242384736600723,0.00016013765021400525,0.041666666666666664,0.1617493625301813,4.073393604145035,2.1811792430020462,1.9321358611205943,0.24904338211738905,64.79929969221574
0.072395831076055,0.007620000000000002,819.0368218485457,4.999988997675723,0.9379625942948274,0.8420436094994509,0.00010339567617528769,0.0026163135939828563,0.0014034060158324183,0.0012435410413502543,0.00015986497463387451,0.041666666666666664,0.16086238328389507,4.070445261488849,2.183410803746121,1.9346938191478198,0.24871698483433155,64.82475429758442
0.0796354141836605,0.008382000000000002,818.7458433534179,4.999987886845691,0.9383273071704937,0.8425724297059595,0.00010278782138251036,0.002613395980732244,0.001404287382843266,0.001244695920579172,0.00015959146241580435,0.041666666666666664,0.1599794599583426,4.067502083724352,2.1856396420501043,1.9372507220051836,0.24838892028104356,64.85020055821336
0.086874997291266,0.009144000000000003,818.4551228585455,4.999986776451376,0.9386901672587805,0.843099894585079,0.00010218305456869914,0.002610484315018592,0.0014051664909751317,0.001245849370029092,0.00015931712109774988,0.041666666666666664,0.15910058166025057,4.064564077551496,2.1878657570696536,1.939806558624867,0.24805919868100174,64.87563843624912
0.09411458039887151,0.009906000000000002,818.1646605222065,4.999985666492291,0.9390511810502034,0.8436260061045521,0.00010158136491632765,0.0026075785945411426,0.0014060433435075868,0.001247001385441631,0.00015904195821766617,0.041666666666666664,0.15822573746827426,4.061631249664784,2.190089147966223,1.942361317924638,0.24772783027789258,64.9010678937866
0.10135416350647701,0.010668000000000002,817.874456502679,4.999984556967953,0.9394103550352784,0.8441507662321215,0.00010098274160786952,0.002604678816999137,0.0014069179437202026,0.0012481519625584046,0.00015876598131350843,0.041666666666666664,0.15735491643299515,4.058703606753255,2.1923098139070674,1.9449149888078614,0.2473948253356068,64.92648889286899
0.10859374661408251,0.011430000000000003,817.5845109582409,4.9999834478778755,0.939767695704521,0.8446741769355302,0.00010038717382579835,0.002601784980091817,0.0014077902948925504,0.001249301097121029,0.00015848919792323175,0.041666666666666664,0.1564881075769188,4.055781155500438,2.194527754065256,1.9474675601635159,0.24706019413823282,64.95190139548781
0.11583332972168801,0.012192000000000003,817.2948240471703,4.999982339221573,0.9401232095484474,0.8451962401825209,9.979465075258778e-05,0.0025988970815184233,0.0014086604003042016,0.0012504487848711207,0.00015821161558479124,0.041666666666666664,0.15562529989447235,4.052863902584335,2.196742967619677,1.950019020866211,0.24672394699005093,64.97730536358301
0.12307291282929352,0.012954000000000004,817.0053959277453,4.99998123099856,0.9404769030575731,0.8457169579408362,9.920516157071141e-05,0.0025960151189781976,0.0014095282632347272,0.0012515950215502955,0.00015793324183614206,0.041666666666666664,0.15476648235200294,4.049951854677381,2.1989554537550497,1.9525693597762006,0.2463860942155271,65.00270075904288
0.130312495936899,0.013716000000000002,816.7162267466555,4.999980123208356,0.9408287827158247,0.8462363321901418,9.861869547362559e-05,0.002593139090079913,0.0014103938869835697,0.001252739802950895,0.00015765408418438528,0.041666666666666664,0.15391164390722953,4.0470450183660684,2.2011652117260354,1.9551185658479542,0.2460466461148518,65.0280875446817
0.1375520790445045,0.014478000000000003,816.4273165177565,4.999979015850518,0.9411788549619095,0.8467543650303248,9.803524173015084e-05,0.0025902689915555015,0.0014112572750505413,0.0012538831253413635,0.0001573741498608884,0.041666666666666664,0.15306077363363568,4.044143399554327,2.203372241483431,1.9576666291004288,0.24570561261986532,65.05346569440245
0.14479166215211,0.015240000000000004,816.1386655977177,4.999977908924502,0.9415271264341281,0.8472710582267878,9.745478927645328e-05,0.002587404822699445,0.0014121184303779797,0.0012550249835425427,0.0001570934469871475,0.041666666666666664,0.15221385998913023,4.041247006346273,2.205576541137299,1.960213536411203,0.24536300496305127,65.07883515321656
0.1520312452597155,0.016002000000000002,815.8502741415978,4.999976802429825,0.9418736036329853,0.8477864137743807,9.68773272783578e-05,0.0025845465810469224,0.0014129773562906345,0.0012561653733697564,0.0001568119830725884,0.041666666666666664,0.15137089180245955,4.038355845160371,2.20777810997864,1.9627592767087825,0.24501883350690498,65.10419588318004
0.159270828367321,0.016764000000000005,815.562142304455,4.999975696366004,0.9422182930589864,0.8483004336679527,9.630284490168929e-05,0.00258169426413311,0.0014138340561132545,0.0012573042906383282,0.0001565297656266368,0.041666666666666664,0.1505318578742217,4.035469922408923,2.209976947304508,1.9653038389076496,0.2446731086339984,65.1295478462985
0.1665104114749265,0.017526000000000003,815.2742702413483,4.999974590732557,0.9425612012126364,0.8488131199023538,9.573133131227264e-05,0.002578847869493187,0.0014146885331705896,0.0012584417311635816,0.00015624680215871846,0.041666666666666664,0.1496967469768655,4.032589244498053,2.212173052418018,1.9678472119082773,0.24432584074697306,65.15489100452709
0.173749994582532,0.018288000000000006,814.9866581073359,4.999973485529,0.9429023345944404,0.8493244744724332,9.516277567593274e-05,0.00257600739466233,0.0014155407907873888,0.0012595776907608402,0.00015596310017825912,0.041666666666666664,0.1488655478546899,4.02971381782766,2.2143664246283574,1.970389384597149,0.24397704026853315,65.18022531977057
0.18098957769013752,0.019050000000000004,814.6993060574764,4.9999723807548495,0.9432416997049033,0.8498344993730409,9.459716715849447e-05,0.0025731728371757166,0.0014163908322884016,0.0012607121652454276,0.0001556786671946845,0.041666666666666664,0.14803824922384323,4.026843648791407,2.2165570632507956,1.9729303458467746,0.24362671764143806,65.20555075388339
0.18822916079774302,0.019812000000000003,814.4122142468284,4.999971276409623,0.9435793030445304,0.8503431965990265,9.403449492578274e-05,0.0025703441945685254,0.0014172386609983775,0.0012618451504326676,0.00015539351071742043,0.041666666666666664,0.1472148397723228,4.023978743776677,2.2187449676066917,1.9754700845157054,0.24327488332849526,65.23086726866957
0.19546874390534852,0.020574000000000005,814.1253828304505,4.999970172492837,0.9439151511138265,0.8508505681452394,9.347474814362245e-05,0.002567521464375933,0.0014180842802420657,0.0012629766421378835,0.00015510763825589256,0.041666666666666664,0.1463953081599746,4.021119109164552,2.2209301370235046,1.9780085894485533,0.24292154781255218,65.256174825883
0.20270832701295402,0.021336000000000004,813.838811963401,4.99996906900401,0.944249250413297,0.8513566160065292,9.291791597783844e-05,0.002564704644133117,0.0014189276933442155,0.0012641066361763992,0.0001548210573195267,0.041666666666666664,0.14557964301849297,4.018264751329778,2.223112570834802,1.9805458494760055,0.2425667215964894,65.2814733872272
0.20994791012055952,0.022098000000000007,813.5525018007387,4.999967965942657,0.9445816074434467,0.8518613421777458,9.236398759425564e-05,0.0025618937313752563,0.0014197689036295764,0.0012652351283635383,0.00015453377541774856,0.041666666666666664,0.14476783295142073,4.015415676640741,2.2252922683802705,1.9830818534148436,0.2422104152032121,65.30676291435555
0.21718749322816502,0.022860000000000005,813.2664524975219,4.9999668633082965,0.9449122287047805,0.8523647486537387,9.181295215869894e-05,0.0025590887236375277,0.0014206079144228978,0.0012663621145146244,0.0001542458000599839,0.041666666666666664,0.14395986653414924,4.01257189145943,2.227469229005723,1.9856165900679579,0.2418526391756426,65.33204336887123
0.22442707633577053,0.023622000000000008,812.9806642088093,4.999965761100445,0.9452411206978041,0.8528668374293573,9.12647988369932e-05,0.002556289618455109,0.0014214447290489289,0.001267487590444981,0.0001539571387556585,0.041666666666666664,0.14315573231391845,4.0097334021414115,2.22964345206311,1.9881500482243668,0.2414934040767121,65.35731471232722
0.23166665944337603,0.024384000000000006,812.6951370896594,4.999964659318619,0.945568289923022,0.8533676104994514,9.071951679496336e-05,0.0025534964133631776,0.0014222793508324191,0.0012686115519699316,0.00015366779901419803,0.041666666666666664,0.1423554188098177,4.0069002150358,2.2318149369105273,1.9906822166592357,0.24113272048935283,65.38257690622656
0.23890624255098153,0.02514600000000001,812.4098712951308,4.999963557962336,0.9458937428809394,0.8538670698588708,9.017709519843426e-05,0.0025507091058969114,0.0014231117830981182,0.0012697339949048001,0.00015337778834502831,0.041666666666666664,0.14155891451278582,4.004072336485225,2.2339836829122275,1.9932130841338909,0.24077059901648956,65.40782991202207
0.24614582565858703,0.025908000000000007,812.1248669802818,4.9999624570311125,0.9462174860720615,0.8543652175024649,8.963752321323082e-05,0.002547927693591488,0.0014239420291707748,0.0012708549150649102,0.00015308711425757505,0.041666666666666664,0.14076620788561217,4.0012497728258065,2.236149689438626,1.99574263939584,0.2404070502810311,65.4330736911166
0.25338540876619253,0.026670000000000006,811.8401243001712,4.999961356524465,0.9465395259968932,0.8548620554250832,8.910079000517792e-05,0.002545152173982085,0.0014247700923751387,0.001271974308265585,0.000152795784261264,0.041666666666666664,0.13997728736293724,3.998432530387118,2.2383129558663133,1.998270871178788,0.24004208492586201,65.45830820486306
0.260624991873798,0.027432000000000005,811.5556434098575,4.999960256441912,0.9468598691559398,0.8553575856215755,8.856688474010046e-05,0.0025423825446038804,0.0014255959760359593,0.0012730921703221487,0.00015250380586552092,0.041666666666666664,0.13919214135125368,3.9956206154921596,2.2404734815780607,2.0007977682026556,0.23967571361383372,65.48353341456433
0.26786457498140354,0.028194000000000007,811.271424464399,4.999959156782969,0.9471785220497061,0.8558518100867913,8.80357965838233e-05,0.0025396188029920513,0.0014264196834779857,0.0012742084970499246,0.00015221118657977154,0.041666666666666664,0.1384107582289076,3.9928140344573326,2.2426312659628365,2.003323319173601,0.23930794702775618,65.50874928147351
0.275104158089009,0.028956000000000006,810.9874676188545,4.999958057547155,0.9474954911786971,0.8563447308155805,8.750751470217136e-05,0.0025368609466817757,0.0014272412180259676,0.0012753232842642366,0.0001519179339134416,0.041666666666666664,0.1376331263460996,3.990012793592399,2.2447863084158057,2.00584751278403,0.2389387958703882,65.53395576679372
0.28234374119661454,0.02971800000000001,810.7037730282824,4.999956958733984,0.9478107830434183,0.8568363498027924,8.698202826096953e-05,0.002534108973208231,0.0014280605830046542,0.0012764365277804079,0.00015162405537595688,0.041666666666666664,0.13685923402488634,3.9872168992004604,2.246938608338347,2.0083703377126216,0.23856827086442914,65.55915283167832
0.28958332430422,0.030480000000000007,810.4203408477413,4.9999558603429755,0.9481244041443744,0.8573266690432768,8.645932642604268e-05,0.002531362880106596,0.0014288777817387948,0.0012775482234137622,0.00015132955847674308,0.041666666666666664,0.13608906955918212,3.9844263575779255,2.2490881651380574,2.010891782624344,0.23819638275250932,65.58434043723088
0.29682290741182554,0.03124200000000001,810.1371712322897,4.999954762373645,0.9484363609820706,0.8578156905318832,8.593939836321572e-05,0.0025286226649120463,0.0014296928175531389,0.0012786583669796233,0.000151034450725226,0.041666666666666664,0.13532262121476052,3.9816411750144733,2.2512349782287653,2.0134118361704716,0.23782314229718093,65.60951854450519
0.304062490519431,0.032004000000000005,809.8542643369861,4.99995366482551,0.9487466600570118,0.8583034162634613,8.542223323831355e-05,0.0025258883251597615,0.0014305056937724357,0.0012797669542933148,0.00015073873963083136,0.041666666666666664,0.13455987722925639,3.9788613577930354,2.253379047030536,2.015930486988607,0.23744856028090838,65.63468711450544
0.31130207362703655,0.03276600000000001,809.5716203168893,4.999952567698088,0.9490553078697034,0.8587898482328608,8.490782021716101e-05,0.002523159858384918,0.0014313164137214347,0.0012808739811701604,0.0001504424327029849,0.041666666666666664,0.13380082581216773,3.97608691218975,2.2555203709696845,2.018447723702696,0.23707264750605905,65.65984610818607
0.318541656734642,0.03352800000000001,809.2892393270574,4.999951470990894,0.9493623109206503,0.8592749884349311,8.439614846558304e-05,0.0025204372621226937,0.0014321249807248853,0.0012819794434254833,0.00015014553745111233,0.041666666666666664,0.13304545514485805,3.9733178444739474,2.2576589494787807,2.02096353492305,0.23669541479489323,65.68499548645197
0.32578123984224755,0.03429000000000001,809.0071215225491,4.999950374703447,0.9496676757103573,0.859758838864522,8.388720714940451e-05,0.0025177205339082668,0.0014329313981075367,0.0012830833368746076,0.00014984806138463948,0.041666666666666664,0.13229375338055863,3.97055416090811,2.2597947819966633,2.0234779092463624,0.23631687298955487,65.71013521015846
0.333020822949853,0.03505200000000001,808.7252670584232,4.999949278835264,0.9499714087393298,0.8602414015164829,8.338098543445031e-05,0.0025150096712768144,0.0014337356691941383,0.0012841856573328567,0.00014955001201299206,0.041666666666666664,0.1315457086443708,3.9677958677478378,2.2619278679684443,2.0259908352557288,0.23593703295206078,65.7352652401113
0.34026040605745855,0.03581400000000001,808.4436760897379,4.999948183385861,0.9502735165080728,0.8607226783856636,8.287747248654534e-05,0.0025123046717635145,0.0014345377973094394,0.0012852864006155543,0.00014925139684559578,0.041666666666666664,0.13080130903326898,3.96504297124183,2.264058206845522,2.028502301520668,0.23555590556429143,65.76038553706687
0.347499989165064,0.03657600000000001,808.1623487715519,4.999947088354755,0.9505740055170914,0.8612026714669138,8.237665747151449e-05,0.0025096055329035445,0.0014353377857781898,0.0012863855625380237,0.00014895222339187644,0.041666666666666664,0.1300605426161031,3.962295477631847,2.2661857980855897,2.0310122965971376,0.23517350172798032,65.785496061732
0.35473957227266956,0.03733800000000001,807.8812852589238,4.999945993741463,0.9508728822668905,0.861681382755083,8.187852955518263e-05,0.002506912252232082,0.0014361356379251383,0.001287483138915589,0.00014865249916125978,0.041666666666666664,0.12932339743360174,3.9595533931526776,2.2683106411526417,2.033520809027558,0.23478983236470347,65.81059677476422
0.36197915538027503,0.03810000000000001,807.6004857069119,4.999944899545502,0.9511701532579752,0.8621588142450206,8.138307790337466e-05,0.002504224827284305,0.0014369313570750345,0.0012885791255635734,0.0001483522316631715,0.041666666666666664,0.1285898614983752,3.956816724032115,2.2704327355169873,2.036027827340829,0.2344049084158693,65.83568763677172
0.36921873848788056,0.038862000000000015,807.3199502705749,4.9999438057663905,0.9514658249908508,0.8626349679315766,8.089029168191547e-05,0.0025015432555953914,0.0014377249465526278,0.0012896735182973008,0.0001480514284070374,0.041666666666666664,0.12785992279491867,3.95408547649092,2.272552080655256,2.0385333400523504,0.23401874084270793,65.86076860831338
0.37645832159548603,0.039624000000000006,807.0396790950294,4.999942712403648,0.9517599035512726,0.8631098459428359,8.040016074787895e-05,0.0024988675331210322,0.0014385164099047266,0.0012907663140674622,0.00014775009598897506,0.041666666666666664,0.12713357037542464,3.951359654331134,2.2746686764510042,2.0410373375037354,0.23363133918716267,65.88583965133147
0.38369790470309156,0.04038600000000001,806.7596723082257,4.9999416194567985,0.952052394657164,0.8635834504541551,7.991267557139348e-05,0.002496197654888723,0.0014393057507569253,0.0012918575105953741,0.00014744824031326183,0.041666666666666664,0.12641079423846008,3.948639259972691,2.2767825229755765,2.043539811295464,0.23324271192009766,65.91090072934541
0.39093748781069704,0.04114800000000001,806.4799300711885,4.999940526925348,0.9523433056315942,0.8640557831246459,7.942782394734308e-05,0.0024935336220428344,0.00144009297187441,0.0012929471012062931,0.00014714587081982754,0.041666666666666664,0.125691580114276,3.945924305195846,2.2788936187696365,2.0460407459044823,0.23285287310523045,65.935951800721
0.39817707091830257,0.04191000000000002,806.200452523865,4.9999394348088195,0.9526326428447834,0.8645268459485493,7.894559525869422e-05,0.002490875431905461,0.0014408780765809157,0.0012940350819306554,0.0001468429948019708,0.041666666666666664,0.12497591622208,3.943214795928353,2.2810019633765037,2.0485401301725896,0.23246183344408133,65.96099282705943
0.40541665402590804,0.04267200000000001,805.9212398062027,4.999938343106729,0.9529204126669519,0.8649966409201061,7.846597888841343e-05,0.0024882230817986966,0.001441661068200177,0.0012951214487988973,0.00014653961955299026,0.041666666666666664,0.12426379075345452,3.9405107380901607,2.2831075563460774,2.0510379529289415,0.23206960365739482,65.98602376991637
0.41265623713351357,0.043434000000000014,805.6422920581487,4.999937251818597,0.9532066214683197,0.8654651700335573,7.798896421946717e-05,0.002485576569044635,0.001442441950055929,0.0012962061978414549,0.00014623575236618458,0.041666666666666664,0.12355519187236133,3.937812137593403,2.285210397234853,2.053534202990074,0.23167619448512913,66.01104459080217
0.41989582024111904,0.04419600000000001,805.3636094196502,4.999936160943943,0.9534912756191068,0.8659324352831438,7.751454063482198e-05,0.002482935890965371,0.0014432207254719063,0.0012972893250887644,0.00014593140053485238,0.041666666666666664,0.12285010771514589,3.9351190003423553,2.2873104856059228,2.056028869159919,0.23128161668644437,66.03605525118176
0.4271354033487246,0.04495800000000001,805.0851920306546,4.999935070482287,0.9537743814895334,0.8663984386631063,7.70426975174443e-05,0.0024803010448829974,0.001443997397771844,0.0012983708265712623,0.00014562657135229232,0.041666666666666664,0.12214852639054163,3.9324313322334055,2.289407821028987,2.058521940229828,0.23088588103969143,66.06105571247483
0.43437498645633005,0.04572000000000001,804.8070400311092,4.999933980433148,0.9540559454498196,0.8668631821676861,7.657342425030069e-05,0.0024776720281196093,0.0014447719702794768,0.0012994506983193845,0.00014532127211180305,0.041666666666666664,0.12145043597967496,3.9297491391550294,2.291502403080367,2.0610134049785893,0.2304889983424002,66.08604593605575
0.4416145695639356,0.046482000000000016,804.5291535609613,4.999932890796045,0.9543359738701854,0.8673266677911239,7.61067102163576e-05,0.0024750488379973005,0.0014455444463185398,0.0013005289363635672,0.00014501551010668315,0.041666666666666664,0.12075582453606976,3.9270724269877566,2.293594231343007,2.063503252172453,0.23009097941126805,66.1110258832537
0.44885415267154105,0.047244000000000015,804.2515327601582,4.999931801570498,0.954614473120851,0.8677888975276605,7.564254479858155e-05,0.002472431471838165,0.0014463148292127677,0.001301605536734247,0.00014470929263023135,0.041666666666666664,0.12006468008565259,3.9244012016041396,2.2956833054064902,2.0659914705651468,0.22969183508214833,66.13599551535273
0.4560937357791466,0.048006000000000014,803.974177768647,4.999930712756027,0.9548914495720366,0.8682498733715373,7.518091737993903e-05,0.0024698199269642973,0.0014470831222858954,0.0013026804954618598,0.00014440262697574624,0.041666666666666664,0.11937699062675779,3.9217354688687305,2.2977696248670436,2.0684780488979015,0.22929157621003798,66.16095479359181
0.46333331888675205,0.04876800000000001,803.6970887263752,4.9999296243521485,0.9551669095939621,0.8687095973169946,7.472181734339654e-05,0.0024672142006977905,0.0014478493288616577,0.0013037538085768417,0.00014409552043652648,0.041666666666666664,0.11869274413013262,3.919075234638039,2.299853189327547,2.0709629758994677,0.2288902136690657,66.18590367916482
0.47057290199435753,0.04953000000000001,803.42026577329,4.999928536358385,0.9554408595568477,0.8691680713582736,7.426523407192059e-05,0.0024646142903607397,0.0014486134522637894,0.0013048254721096293,0.0001437879803058707,0.041666666666666664,0.11801192853894289,3.916420504760515,2.301933998397544,2.0734462402861413,0.2284877583524798,66.21084213322075
0.47781248510196306,0.05029200000000002,803.1437090493386,4.999927448774255,0.9557133058309134,0.8696252974896153,7.381115694847764e-05,0.0024620201932752384,0.0014493754958160255,0.0013058954820906585,0.00014348001387707755,0.041666666666666664,0.11733453176877835,3.9137712850765096,2.304012051693248,2.0759278307617803,0.22808422117263588,66.23577011686352
0.48505206820956853,0.05105400000000001,802.8674186944684,4.999926361599278,0.9559842547863795,0.8700812777052604,7.335957535603423e-05,0.0024594319067633803,0.0014501354628421008,0.0013069638345503656,0.00014317162844344565,0.041666666666666664,0.11666054170765863,3.911127581418246,2.306087348837554,2.0784077360178284,0.22767961306098433,66.26068759115225
0.49229165131717406,0.051816000000000015,802.5913948486267,4.9999252748329726,0.9562537127934659,0.87053601399945,7.291047867755683e-05,0.0024568494281472604,0.00145089335666575,0.001308030525519187,0.00014286283129827368,0.041666666666666664,0.1159899462160389,3.9084893996097927,2.3081598894600446,2.080885944733336,0.2272739449680578,66.28559451710123
0.49953123442477954,0.052578000000000014,802.3156376517607,4.99992418847486,0.9565216862223928,0.870989508366425,7.246385629601195e-05,0.002454272754748972,0.0014516491806107084,0.0013090955510275588,0.00014255362973486028,0.041666666666666664,0.1153227331268163,3.9058567454670325,2.310229673197003,2.0833624455749846,0.2268672278634588,66.31049085568004
0.5067708175323851,0.05334000000000001,802.0401472438176,4.999923102524457,0.9567881814433803,0.8714417628004263,7.201969759436609e-05,0.0024517018838906097,0.0014524029380007105,0.001310158907105917,0.00014224403104650407,0.041666666666666664,0.11465889024533574,3.903229624797629,2.312296699691417,2.0858372271971017,0.22645947273584624,66.33537656781343
0.5140104006399906,0.05410200000000002,801.7649237647449,4.9999220169812855,0.9570532048266486,0.8718927792956946,7.157799195558573e-05,0.0024491368128942673,0.001453154632159491,0.001311220589784698,0.0001419340425265037,0.041666666666666664,0.11399840534939643,3.9006080434009975,2.3143609685929913,2.0883102782416896,0.22605069059292296,66.3602516143816
0.521249983747596,0.05486400000000001,801.4899673544897,4.999920931844864,0.9573167627424176,0.8723425598464711,7.113872876263739e-05,0.0024465775390820387,0.0014539042664107854,0.0013122805950943383,0.00014162367146815783,0.041666666666666664,0.11334126618925862,3.897992007068276,2.3164224795581556,2.0907815873384448,0.22564089246142274,66.38511595622012
0.5284895668552015,0.055626000000000016,801.2152781529995,4.999919847114712,0.9575788615609074,0.8727911064469968,7.070189739848755e-05,0.0024440240597760183,0.001454651844078328,0.0013133389190652736,0.00014131292516476507,0.041666666666666664,0.11268746048764981,3.8953815215822925,2.3184812322500714,2.0932511431047773,0.22523008938709654,66.40996955412002
0.5357291499628071,0.056388000000000014,800.9408561506949,4.9999187627903705,0.9578395062522115,0.8732384209169447,7.026748957964753e-05,0.002441476371128538,0.001455397368194908,0.0013143955594795934,0.0001410018088670251,0.041666666666666664,0.11203697967999089,3.8927765915310792,2.320537226279303,2.0957189373040945,0.22481828921710126,66.43481238040982
0.5429687330704126,0.05715000000000002,800.666701596075,4.999917678871336,0.9580987041354266,0.8736845053174075,6.983549310762237e-05,0.0024389344715974783,0.0014561408421956792,0.0013154505110091108,0.00014069033133827898,0.041666666666666664,0.11138980890076401,3.8901772239806323,2.322590461197311,2.0981849560925356,0.22440550534675843,66.45964438712116
0.550208316178018,0.05791200000000001,800.3928146355396,4.999916595357125,0.9583564616387247,0.8741293616371557,6.940589726879217e-05,0.002436398358637987,0.0014568822693952596,0.0013165037695694413,0.00014037849997752878,0.041666666666666664,0.11074593563635485,3.8875834248679344,2.32464093665339,2.100649187850966,0.22399174904449706,66.48446553435674
0.5574478992856235,0.05867400000000001,800.1191953851276,4.999915512247261,0.9586127849123725,0.8745729918345337,6.89786918127125e-05,0.0024338680294448806,0.0014576216530575563,0.0013175553314379548,0.00014006632177131193,0.041666666666666664,0.1101053480887068,3.8849951998454024,2.326688652305818,2.103111621600392,0.22357703094759024,66.50927578455395
0.5646874823932291,0.05943600000000002,799.8458439608778,4.999914429541265,0.9588676801066367,0.8750153978678854,6.855386648893891e-05,0.0024313434812129756,0.0014583589964464758,0.0013186051928920203,0.0001397538037061659,0.041666666666666664,0.1094680344330736,3.8824125545565655,2.328733607819827,2.105572246350587,0.2231613617114942,66.53407510011132
0.5719270655008346,0.06019800000000002,799.5727604788294,4.999913347238659,0.9591211533717837,0.8754565816955553,6.813141104702698e-05,0.002428824711137089,0.0014590943028259255,0.0013196533502090077,0.0001394409527686282,0.041666666666666664,0.10883398281802675,3.8798354946360316,2.3307758028676107,2.1080310511001197,0.222744752009835,66.55886344338862
0.57916664860844,0.060960000000000014,799.2999450550212,4.999912265338964,0.9593732108580807,0.8758965452758872,6.771131523653226e-05,0.002426311716412037,0.001459827575459812,0.0013206997996662864,0.00013912777594523622,0.041666666666666664,0.10820318136546304,3.877264025709463,2.332815237128332,2.1104880248363718,0.22232721253439464,66.58364077670693
0.5864062317160456,0.06172200000000001,799.0273978054923,4.9999111838417045,0.9596238587157938,0.8763352905672256,6.72935688070103e-05,0.002423804494232636,0.0014605588176120428,0.0013217445375412259,0.00013881428022252744,0.041666666666666664,0.10757561817061229,3.8746981533935423,2.334851910288135,2.1129431565355627,0.2219087539950971,66.60840706234869
0.5936458148236511,0.06248400000000002,798.7551188462817,4.9999101027464015,0.95987310309519,0.8767728195279146,6.687816150801667e-05,0.0024213030417937027,0.0014612880325465245,0.0013227875601111957,0.00013850047258703936,0.041666666666666664,0.10695128130204518,3.872137883295944,2.3368858220401507,2.1153964351627708,0.22148938711999486,66.6331622625577
0.6008853979312566,0.06324600000000002,798.4831082934281,4.999909022052575,0.9601209501465359,0.8772091341162985,6.646508308910695e-05,0.0024188073562900537,0.0014620152235271643,0.0013238288636535653,0.0001381863600253094,0.041666666666666664,0.10633015880168138,3.869583221015308,2.3389169720845056,2.1178478496719557,0.22106912265525447,66.65790633953934
0.608124981038862,0.06400800000000001,798.2113662629708,4.99990794175975,0.9603674060200981,0.8776442362907213,6.605432329983668e-05,0.0024163174349165054,0.0014627403938178689,0.0013248684444457043,0.00013787194952387505,0.041666666666666664,0.10571223868479755,3.8670341721412047,2.3409453601283303,2.120297389005983,0.2206479713651427,66.68263925546044
0.6153645641464676,0.06477000000000002,797.9398928709485,4.999906861867447,0.9606124768661432,0.8780781280095272,6.564587188976141e-05,0.0024138332748678748,0.0014634635466825455,0.0013259062987649821,0.00013755724806927377,0.041666666666666664,0.10509750894003582,3.8644907422541115,2.3429709858857715,2.1227450420966445,0.22022594403201196,66.70736097244954
0.6226041472540731,0.06553200000000002,797.6686882334003,4.999905782375187,0.960856168834938,0.8785108112310606,6.523971860843673e-05,0.0024113548733389776,0.001464184685385101,0.0013269424228887683,0.000137242262648043,0.041666666666666664,0.10448595752941212,3.8619529369253764,2.3449938490779942,2.125190797864683,0.2198030514562861,66.73207145259673
0.6298437303616786,0.06629400000000002,797.3977524663651,4.999904703282494,0.961098488076749,0.8789422879136652,6.48358532054182e-05,0.002408882227524631,0.0014649038131894423,0.0013279768130944325,0.00013692700024672022,0.041666666666666664,0.10387757238832493,3.8594207617171934,2.347013949433196,2.127634645219815,0.2193793044564458,66.75677065795396
0.637083313469284,0.06705600000000002,797.127085685882,4.999903624588891,0.9613394407418433,0.8793725600156856,6.443426543026136e-05,0.002406415334619651,0.0014656209333594762,0.001329009465659344,0.0001366114678518429,0.041666666666666664,0.10327234142556393,3.856894222182572,2.349031286686612,2.130076573060753,0.21895471386901397,66.78145855053492
0.6443228965768896,0.06781800000000002,796.8566880079898,4.999902546293896,0.961579032980487,0.8798016294954661,6.403494503252178e-05,0.0024039541918188545,0.0014663360491591103,0.0013300403768608724,0.0001362956724499485,0.041666666666666664,0.10267025252331903,3.854373323865306,2.3510458605805256,2.132516570275229,0.21852929054854076,66.80613509231517
0.6515624796844951,0.06858000000000002,796.5865595487275,4.999901468397034,0.961817270942947,0.8802294983113507,6.363788176175503e-05,0.002401498796317058,0.0014670491638522512,0.0013310695429763872,0.00013597962102757447,0.041666666666666664,0.10207129353718941,3.8518580722999434,2.3530576708642745,2.13495462574002,0.21810304536758904,66.83080024523223
0.6588020627921006,0.06934200000000003,796.3167004241341,4.999900390897827,0.96205416077949,0.8806561684216834,6.324306536751667e-05,0.0023990491453090785,0.0014677602807028056,0.001332096960283258,0.00013566332057125826,0.041666666666666664,0.10147545229619265,3.8493484730117586,2.3550667172942616,2.137390728320967,0.21767598921671896,66.85545397118561
0.666041645899706,0.07010400000000001,796.0471107502485,4.999899313795796,0.9622897086403827,0.8810816417848085,6.285048559936226e-05,0.0023966052359897317,0.001468469402974681,0.001333122625058854,0.00013534677806753738,0.041666666666666664,0.10088271660277433,3.846844531516722,2.3570729996339623,2.139824866873003,0.217248133004473,66.88009623203689
0.6732812290073116,0.07086600000000001,795.7777906431098,4.999898237090464,0.9625239206758917,0.8815059203590704,6.246013220684735e-05,0.0023941670655538345,0.001469176533931784,0.0013341465335805452,0.00013503000050294923,0.041666666666666664,0.10029307423281736,3.844346253321469,2.359076517653933,2.1422570302401764,0.21681948765736064,66.9047269896098
0.6805208121149171,0.07162800000000002,795.5087402187569,4.999897160781352,0.9627568030362834,0.881929006102813,6.207199493952752e-05,0.0023917346311962033,0.0014698816768380217,0.0013351686821257008,0.00013471299486403135,0.041666666666666664,0.09970651293565176,3.8418536439232693,2.361077271131819,2.1446872072556693,0.21639006411984305,66.92934620569024
0.6877603952225226,0.07239000000000002,795.2399595932287,4.999896084867982,0.962988361871825,0.8823509009743807,6.168606354695831e-05,0.0023893079301116546,0.0014705848349573013,0.0013361890669716906,0.00013439576813732113,0.041666666666666664,0.09912302043406457,3.8393667088100036,2.3630752598523657,2.147115386741831,0.2159598733543173,66.95395384202645
0.694999978330128,0.07315200000000002,794.9714488825642,4.999895009349877,0.9632186033327829,0.8827716069321174,6.13023277786953e-05,0.0023868869594950055,0.0014712860115535292,0.0013372076843958837,0.00013407832730935606,0.041666666666666664,0.0985425844243097,3.8368854534601247,2.3650704836074214,2.149541557510193,0.215528926341101,66.97854986032894
0.7022395614377336,0.07391400000000002,794.7032082028026,4.9998939342265585,0.9634475335694236,0.8831911259343678,6.0920777384294056e-05,0.002384471716541072,0.001471985209890613,0.0013382245306756497,0.00013376067936667361,0.041666666666666664,0.09796519257611822,3.834409883342629,2.3670629421959517,2.1519657083614967,0.21509723407841616,67.00313422227065
0.7094791445453391,0.07467600000000002,794.4352375514881,4.999892859497574,0.9636751575603754,0.8836094597751066,6.0541404066041214e-05,0.002382062197587732,0.0014726824329585112,0.0013392396034931932,0.00013344282961702826,0.041666666666666664,0.09739083568739151,3.831940003065466,2.369052635309138,2.1543878306418955,0.21466480491129436,67.02770689870448
0.7167187276529445,0.07543800000000002,794.1675368572434,4.999891785162476,0.9639014795103726,0.8840266101272753,6.0164200816045666e-05,0.002379658398489936,0.001473377683545459,0.0013402529014170934,0.00013312478228007598,0.041666666666666664,0.0968195066170629,3.829475816746811,2.371039562507036,2.156807917286962,0.21423164546421405,67.05226786571706
0.7239583107605501,0.07620000000000002,793.9001065449321,4.999890711220715,0.9641265085591522,0.8844425793522365,5.9789152401413144e-05,0.0023772603187381613,0.001474070965587061,0.0013412644170856646,0.00013280654865310663,0.041666666666666664,0.0962511849083145,3.8270173321382837,2.3730237238376444,2.1592259504385223,0.21379777364335248,67.0768170607424
0.7311978938681556,0.07696200000000002,793.6329466937198,4.999889637671815,0.9643502504783162,0.8848573693430878,5.941624920280629e-05,0.002374867955331093,0.0014747622822384797,0.0013422741471898953,0.00013248813520029475,0.041666666666666664,0.09568585914563449,3.8245645545151503,2.375005119052528,2.1616419196109873,0.21336319968586004,67.10135444811054
0.7384374769757611,0.07772400000000003,793.3660573827718,4.999888564515304,0.9645727110394674,0.8852709819929269,5.9045481600887724e-05,0.0023724813052674177,0.0014754516366548781,0.0013432820884207736,0.0001321695483858148,0.041666666666666664,0.09512351788843854,3.822117489142441,2.376983747910629,2.164055814309616,0.21292793384542186,67.12587999212259
0.7456770600833665,0.07848600000000001,793.0994386912538,4.999887491750708,0.9647938960142078,0.8856834191948515,5.86768399763201e-05,0.0023701003655458206,0.0014761390319914193,0.0013442882374692883,0.00013185079467384128,0.041666666666666664,0.09456414967107993,3.8196761412749187,2.3789596101782773,2.1664676240305334,0.21249198639224176,67.1503936570507
0.7529166431909721,0.07924800000000001,792.8330906983311,4.999886419377553,0.9650138111741403,0.8860946828419595,5.831031470976603e-05,0.002367725133164988,0.0014768244714032659,0.0013452925910264276,0.0001315318805285487,0.041666666666666664,0.09400774300286031,3.8172405161570513,2.3809327056291973,2.168877338260758,0.21205536761302704,67.17489540713821
0.7601562262985776,0.08001000000000003,792.5670134831695,4.999885347395365,0.965232462290867,0.8865047748273485,5.794589618188814e-05,0.0023653556051236057,0.0014775079580455809,0.00134629514578318,0.0001312128124141115,0.041666666666666664,0.09345428636804012,3.814810619022984,2.3829030340445185,2.1712849464782225,0.21161808781097263,67.19938520659974
0.7673958094061831,0.08077200000000002,792.3012071249342,4.99988427580367,0.9654498551359906,0.8869136970441163,5.758357477334907e-05,0.0023629917784203595,0.0014781894950735273,0.0013472958984305334,0.00013089359679470424,0.041666666666666664,0.09290376822584959,3.8123864550965116,2.3848705952127793,2.1736904381517994,0.21118015730574544,67.22386301962119
0.7746353925137885,0.08153400000000002,792.0356717027908,4.999883204601995,0.9656659954811131,0.8873214513853607,5.7223340864811445e-05,0.002360633650053935,0.0014788690856422679,0.0013482948456594768,0.00013057424013450137,0.041666666666666664,0.09235617701049943,3.8099680295910496,2.38683538892994,2.176093802741326,0.2107415864334681,67.24832881035988
0.7818749756213941,0.08229600000000002,791.7704072959046,4.999882133789867,0.9658808890978372,0.8877280397441791,5.6865184836937895e-05,0.0023582812170230183,0.0014795467329069654,0.0013492919841609984,0.00013025474889767738,0.041666666666666664,0.09181150113119213,3.807555347709605,2.3887974149993854,2.1784950296976255,0.2103023855467032,67.27278254294457
0.7891145587289996,0.08305800000000002,791.5054139834415,4.99988106336681,0.9660945417577653,0.8881334640136695,5.6509097070391056e-05,0.0023559344763262953,0.0014802224400227828,0.0013502873106260864,0.0001299351295484068,0.041666666666666664,0.09126972897213295,3.8051484146447523,2.390756673231936,2.180894108462532,0.20986256501443695,67.29722418147558
0.7963541418366051,0.08382000000000003,791.2406918445668,4.9998799933323514,0.9663069592324998,0.8885377260869297,5.615506794583355e-05,0.002353593424962452,0.001480896210144883,0.0013512808217457295,0.00012961538855086406,0.041666666666666664,0.0907308488925413,3.8027472355785994,2.3927131634458574,2.183291028468916,0.2094221352220627,67.32165369002483
0.8035937249442106,0.08458200000000002,790.9762409584458,4.999878923686018,0.9665181472936432,0.8889408278570573,5.5803087843928015e-05,0.0023512580599301743,0.001481568046428429,0.0013522725142109157,0.0001292955323692237,0.041666666666666664,0.09019484922666238,3.8003518156827663,2.394666885466863,2.185685779140708,0.2089811065713652,67.34607103263592
0.8108333080518161,0.08534400000000002,790.7120614042443,4.999877854427337,0.9667281117127977,0.8893427712171499,5.545314714533707e-05,0.0023489283782281473,0.0014822379520285833,0.0013532623847126335,0.0001289755674676602,0.041666666666666664,0.08966171828377861,3.7979621601183498,2.3966178391281265,2.1880783498929226,0.20853948948050344,67.37047617332425
0.8180728911594216,0.08610600000000003,790.4481532611277,4.9998767855558315,0.9669368582615661,0.8897435580603055,5.510523623072335e-05,0.0023466043768550575,0.0014829059301005093,0.0013542504299418716,0.00012865550031034804,0.041666666666666664,0.08913144434822148,3.7955782740359014,2.3985660242702886,2.1904687301316828,0.2080972943839942,67.394869076077
0.8253124742670271,0.08686800000000003,790.1845166082614,4.9998757170710295,0.9671443927115504,0.8901431902796215,5.475934548074949e-05,0.0023442860528095906,0.0014835719837993694,0.0013552366465896181,0.00012833533736146172,0.041666666666666664,0.08860401567938354,3.793200162575394,2.400511440741463,2.1928569092542447,0.20765453173269552,67.41924970485333
0.8325520573746326,0.08763000000000001,789.921151524811,4.999874648972457,0.967350720834353,0.890541669768196,5.441546527607812e-05,0.0023419734030904324,0.0014842361162803268,0.0013562210313468614,0.00012801508508517573,0.041666666666666664,0.08807942051173029,3.790827830866199,2.402454088397247,2.1952428766490226,0.2072112119937897,67.4436180235843
0.8397916404822381,0.08839200000000003,789.658058089942,4.999873581259642,0.9675558484015768,0.8909389984191265,5.407358599737186e-05,0.0023396664246962693,0.0014848983306985442,0.00135720358090459,0.0001276947499456646,0.041666666666666664,0.08755764705481242,3.788461284027055,2.404393967100727,2.197626621695615,0.20676734565076635,67.46797399617314
0.8470312235898436,0.08915400000000002,789.3952363828198,4.999872513932109,0.967759781184824,0.8913351781255106,5.3733698025293344e-05,0.0023373651146257864,0.0014855586302091844,0.0013581842919537922,0.00012737433840710275,0.041666666666666664,0.0870386834932782,3.7861005271660364,2.4063310767224872,2.200008133764825,0.2063229432034052,67.49231758649513
0.8542708066974491,0.08991600000000002,789.13268648261,4.999871446989384,0.9679625249556969,0.8917302107804463,5.339579174050521e-05,0.0023350694698776697,0.0014862170179674107,0.0013591631611854565,0.0001270538569336647,0.041666666666666664,0.08652251798688601,3.7837455653805327,2.408265417140619,2.2023874022186916,0.20587801516775928,67.51664875839784
0.8615103898050546,0.09067800000000002,788.870408468478,4.999870380430995,0.9681640854857979,0.8921240982770313,5.3059857523670075e-05,0.002332779487450605,0.0014868734971283856,0.001360140185290571,0.00012673331198952498,0.041666666666666664,0.08600913867051682,3.7813964037572156,2.4101969882407253,2.2047644164105082,0.20543257207613724,67.54096747570108
0.8687499729126601,0.09144000000000002,788.6084024195893,4.999869314256466,0.9683644685467296,0.8925168425083632,5.272588575545058e-05,0.002330495164343279,0.001487528070847272,0.0013611153609601244,0.000126412710038858,0.041666666666666664,0.08549853365418704,3.779053047372011,2.412125789915932,2.207139165684854,0.20498662447708604,67.56527370219709
0.8759895560202656,0.09220200000000003,788.3466684151095,4.999868248465324,0.9685636799100944,0.8929084453675397,5.239386681650935e-05,0.0023282164975543767,0.0014881807422792328,0.001362088684885105,0.00012609205754583836,0.041666666666666664,0.08499069102306138,3.7767155012900675,2.4140518220668907,2.2095116393776144,0.2045401829353736,67.58956740165048
0.8832291391278712,0.09296400000000003,788.0852065342041,4.9998671830570975,0.9687617253474946,0.8932989087476586,5.206379108750901e-05,0.002325943484082584,0.001488831514579431,0.0013630601537565012,0.00012577136097464048,0.041666666666666664,0.08448559883746602,3.77438377056574,2.4159750846017958,2.21188182681601,0.20409325803197098,67.61384853779852
0.8904687222354766,0.09372600000000002,787.8240168560385,4.999866118031309,0.9689586106305327,0.8936882345418177,5.1735648949112206e-05,0.002323676120926587,0.0014894803909030296,0.0013640297642653011,0.00012545062678943883,0.041666666666666664,0.0839832451329017,3.7720578602425463,2.417895577436378,2.214249717318617,0.2036458603640344,67.63811707435092
0.8977083053430821,0.09448800000000003,787.5630994597782,4.999865053387487,0.969154341530811,0.8940764246431145,5.140943078198155e-05,0.0023214144050850718,0.001490127374405191,0.0013649975131024936,0.00012512986145440797,0.041666666666666664,0.08348361792005711,3.7697377753531494,2.419813300493927,2.2166153001954014,0.2031980005448882,67.66237297499025
0.9049478884506876,0.09525000000000003,787.3024544245887,4.999863989125158,0.9693489238199322,0.894463480944647,5.1085126966779677e-05,0.002319158333556724,0.0014907724682410785,0.0013659633969590667,0.00012480907143372236,0.041666666666666664,0.08298670518482235,3.767423520919323,2.4217282537052895,2.2189785647477343,0.20274968920400574,67.68661620337173
0.9121874715582932,0.09601200000000003,787.0420818296357,4.999862925243848,0.9695423632694985,0.8948494053395128,5.0762727884169225e-05,0.0023169079033402286,0.0014914156755658548,0.0013669274125260088,0.00012448826319155646,0.041666666666666664,0.08249249488830264,3.7651151019519284,2.423640437008879,2.2213395002684257,0.20230093698699209,67.71084672312351
0.9194270546658986,0.09677400000000003,786.7819817540844,4.999861861743082,0.9697346656511123,0.8952341997208098,5.0442223914812814e-05,0.002314663111434273,0.001492056999534683,0.0013678895564943085,0.00012416744319208482,0.041666666666666664,0.08200097496683198,3.7628125234508825,2.425549850350685,2.2236980960417463,0.2018517545555656,67.73506449784658
0.9266666377735041,0.09753600000000003,786.5221542771004,4.999860798622388,0.9699258367363761,0.8956178659816353,5.012360543937308e-05,0.002312423954837542,0.0014926964433027256,0.0013688498255549541,0.0001238466178994819,0.041666666666666664,0.08151213333198724,3.760515790405131,2.427456493684281,2.2260543413434557,0.20140215258753957,67.75926949111506
0.9339062208811096,0.09829800000000002,786.2625994778492,4.999859735881291,0.9701158822968925,0.8960004060150873,4.980686283851265e-05,0.002310190430548722,0.0014933340100251457,0.001369808216398934,0.0001235257937779222,0.041666666666666664,0.0810259578706021,3.7582249077926195,2.429360366970827,2.228408225440827,0.20095214177680365,67.78346166647607
0.9411458039887151,0.09906000000000002,786.0033174354965,4.999858673519317,0.9703048081042636,0.8963818217142637,4.949198649289416e-05,0.0023079625355664985,0.0014939697028571062,0.0013707647257172365,0.0001232049772915802,0.041666666666666664,0.0805424364447813,3.7559398805802657,2.431261470179085,2.2307597375926713,0.20050173283330536,67.80764098744991
0.9483853870963206,0.09982200000000002,785.7443082292074,4.999857611535994,0.9704926199300918,0.896762114972262,4.917896678318023e-05,0.0023057402668895575,0.00149460352495377,0.00137171935020085,0.00012288417490463038,0.041666666666666664,0.08006155689191512,3.753660713723932,2.4331598032854225,2.2331088670493697,0.20005093648303168,67.8318074175302
0.9556249702039261,0.10058400000000003,785.4855715004567,4.999856549930877,0.9706793180606368,0.8971412868293971,4.88678032322722e-05,0.002303523618059564,0.0014952354780489953,0.0013726720928403924,0.00012256338536031314,0.041666666666666664,0.07958332195275694,3.7513874084020276,2.4350553651688003,2.235455614422597,0.19959975099326946,67.85596095389201
0.9628645533115316,0.10134600000000003,785.2271074535354,4.9998554887034725,0.9708649099528042,0.8975193393769975,4.855848341199303e-05,0.0023013125875625076,0.0014958655656283292,0.0013736229481787813,0.00012224261760125833,0.041666666666666664,0.07910771484309846,3.7491199714191366,2.436948156006653,2.2377999651369933,0.1991481911168149,67.88010155018587
0.9701041364191371,0.10210800000000002,784.9689162882299,4.999854427853297,0.9710494029520275,0.8978962747359759,4.825099507995422e-05,0.0022991071735013573,0.0014964937912266265,0.0013745719110433371,0.00012192188033499987,0.041666666666666664,0.07863471905119916,3.74685840897786,2.438838176082675,2.240141905083075,0.19869627124684233,67.90422916053997
0.9773437195267426,0.10287000000000003,784.7109980431424,4.999853367379883,0.9712328023682701,0.8982720947210255,4.794532938621642e-05,0.0022969073726280967,0.001497120157868376,0.0013755189786330982,0.00012160117938698814,0.041666666666666664,0.07816432357982761,3.744602725758064,2.4407254253038517,2.2424814244154696,0.19824400113571264,67.92834375150723
0.9845833026343481,0.10363200000000003,784.4533527568751,4.999852307282761,0.9714151135114959,0.8986468011468399,4.764147748084029e-05,0.00229471318169471,0.0014977446685780667,0.0013764641481471037,0.00012128052058267352,0.041666666666666664,0.07769651740880675,3.742352926427685,2.442609903585021,2.244818513282252,0.19779139055018732,67.95244528962317
0.9918228857419537,0.10439400000000003,784.1959804680303,4.9998512475614625,0.9715963416916681,0.8990203958281126,4.733943051388649e-05,0.00229252459745318,0.0014983673263801876,0.001377407416784392,0.00012095990974750634,0.041666666666666664,0.0772312894950278,3.740109015642713,2.444491610848882,2.247153161824976,0.19733844927141145,67.97653374140619
0.9990624688495591,0.10515600000000003,783.9388812152101,4.999850188215518,0.9717764922187506,0.8993928805795367,4.7039179635415695e-05,0.00229034161665549,0.001498988134299228,0.0013783487817440013,0.00012063935270693699,0.041666666666666664,0.07676862877246408,3.737870998047153,2.4463705470259955,2.249485360178694,0.19688518709489528,68.00060907335738
1.0063020519571646,0.10591800000000003,783.6820550370169,4.99984912924446,0.9719555704027069,0.8997642572158057,4.6740715995488555e-05,0.002288164236053624,0.0014996070953596761,0.0013792882402249708,0.00012031885528641582,0.041666666666666664,0.07630852415218521,3.7356388782730146,2.448246712054803,2.2518150984719867,0.19643161383049695,68.024671251961
1.0135416350647701,0.10668000000000002,783.4255019720528,4.999848070647818,0.9721335815535005,0.9001345275516129,4.644403074416573e-05,0.002285992452399565,0.0015002242125860216,0.0013802257894263389,0.00011999842331139321,0.041666666666666664,0.07585096452237114,3.733412660940273,2.450120105881619,2.2541423668269838,0.1959777393024043,68.0487202436841
1.0207812181723757,0.10744200000000004,783.1692220589199,4.999847012425126,0.9723105309810953,0.9005036934016518,4.614911503150789e-05,0.002283826262445297,0.0015008394890027531,0.001381161426547144,0.0001196780626073195,0.041666666666666664,0.07539593874832665,3.7311923506568525,2.451990728460652,2.256467155359392,0.19552357334911688,68.072756014977
1.0280208012799812,0.10820400000000004,782.9132153362207,4.999845954575912,0.9724864239954546,0.9008717565806159,4.585596000757568e-05,0.002281665662942802,0.0015014529276343599,0.001382095148786425,0.00011935777899964508,0.041666666666666664,0.07494343567249567,3.7289779520185933,2.4538585797540016,2.258789454178517,0.19506912582342784,68.09677853227309
1.0352603843875867,0.10896600000000004,782.6574818425572,4.9998448970997105,0.9726612659065421,0.9012387189031982,4.5564556822429785e-05,0.0022795106506440658,0.0015020645315053304,0.0013830269533432206,0.00011903757831382029,0.041666666666666664,0.07449344411447595,3.7267694696092337,2.4557236597316683,2.261109253387294,0.19461440659240578,68.12078776198909
1.042499967495192,0.10972800000000002,782.4020216165317,4.99984383999605,0.9728350620243215,0.9016045821840925,4.527489662613085e-05,0.00227736122230107,0.001502674303640154,0.0013839568374165692,0.00011871746637529551,0.041666666666666664,0.07404595287103374,3.724566908000375,2.4575859683715646,2.263426543082307,0.1941594255373763,68.14478367052507
1.0497395506027976,0.11049000000000002,782.1468346967465,4.999842783264462,0.9730078176587562,0.9019693482379919,4.498697056873955e-05,0.002275217374665798,0.00150328224706332,0.0013848847982055094,0.00011839744900952109,0.041666666666666664,0.07360095071611855,3.7223702717514615,2.459445505659515,2.265741313353818,0.19370419255390364,68.16876622426447
1.056979133710403,0.11125200000000003,781.8919211218036,4.99984172690448,0.9731795381198101,0.9023330188795899,4.4700769800316525e-05,0.002273079104490234,0.0015038883647993167,0.0013858108329090797,0.0001180775320419474,0.041666666666666664,0.07315842640087834,3.720179565409759,2.4613022715892696,2.2680535542857907,0.1932487175517723,68.19273538957441
1.0642187168180086,0.11201400000000003,781.6372809303056,4.999840670915633,0.9733502287174465,0.90269559592358,4.441628547092245e-05,0.002270946408526362,0.0015044926598726334,0.001386734938726319,0.00011775772129802481,0.041666666666666664,0.07271836865367433,3.717994793510319,2.463156266162504,2.2703632559559166,0.19279301045496824,68.21669113280544
1.0714582999256141,0.11277600000000003,781.3829141608543,4.999839615297454,0.9735198947616293,0.9030570811846552,4.413350873061799e-05,0.0022688192835261635,0.0015050951353077588,0.0013876571128562656,0.00011743802260320367,0.041666666666666664,0.07228076618009652,3.715815960575958,2.465007489388834,2.2726704084356415,0.19233708120166026,68.2406334202919
1.0786978830332197,0.11353800000000004,781.1288208520522,4.999838560049471,0.9736885415623217,0.9034174764775094,4.38524307294638e-05,0.002266697726241624,0.0015056957941291824,0.0013885773524979586,0.00011711844178293436,0.041666666666666664,0.07184560766297875,3.713643071117234,2.4668559412858153,2.2749750017901893,0.19188093974418105,68.26456221835188
1.0859374661408252,0.11430000000000004,780.8750010425014,4.99983750517122,0.9738561744294877,0.9037767836168357,4.357304261752054e-05,0.002264581733424726,0.0015062946393613929,0.001389495654850436,0.00011679898466266723,0.041666666666666664,0.07141288176241445,3.7114761296324166,2.4687016218789566,2.2772770260785897,0.1914245960490088,68.28847749328735
1.0931770492484307,0.11506200000000004,780.6214547708041,4.999836450662229,0.9740227986730906,0.9041350044173274,4.329533554484888e-05,0.002262471301827452,0.0015068916740288792,0.001390412017112737,0.00011647965706785264,0.041666666666666664,0.07098257711577212,3.7093151406074636,2.4705445312017202,2.279576471353702,0.1909680600967473,68.3123792113842
1.100416632356036,0.11582400000000002,780.3681820755626,4.999835396522029,0.9741884196030943,0.904492140693678,4.3019300661509486e-05,0.0022603664282017876,0.0015074869011561301,0.0013913264364838996,0.00011616046482394097,0.041666666666666664,0.07055468233771112,3.7071601085159975,2.472384669295534,2.281873327662242,0.19051134188210783,68.33626733891239
1.1076562154636416,0.11658600000000002,780.1151829953791,4.999834342750152,0.9743530425294622,0.9048481942605809,4.274492911756299e-05,0.0022582671092997142,0.001508080323767635,0.0013922389101629629,0.00011584141375638257,0.041666666666666664,0.07012918602019746,3.7050110378192715,2.4742220362097957,2.284167585044809,0.19005445141388924,68.36014184212598
1.114895798571247,0.11734800000000002,779.8624575688559,4.99983328934613,0.974516672762158,0.9052031669327295,4.247221206307009e-05,0.0022561733418732166,0.0015086719448878826,0.0013931494353489652,0.00011552250969062781,0.041666666666666664,0.06970607673252001,3.7028679329661554,2.47605663200188,2.2864592335359104,0.18959739871495893,68.38400268726326
1.1221353816788526,0.11811000000000003,779.6100058345951,4.999832236309494,0.9746793156111452,0.9055570605248172,4.2201140648091424e-05,0.0022540851226742777,0.001509261767541362,0.0013940580092409456,0.00011520375845212705,0.041666666666666664,0.06928534302130644,3.7007307983931015,2.477888456737147,2.2887482631639897,0.18914019382223363,68.40784984054682
1.1293749647864582,0.11887200000000003,779.3578275726157,4.999831183639842,0.9748409730663034,0.9059098763686337,4.193171155616096e-05,0.002252002446140765,0.001509849793947723,0.0013949646329617367,0.00011488516113769671,0.041666666666666664,0.06886698251898772,3.6985996358239928,2.4797175099049253,2.2910346710774094,0.18868283907667915,68.43168328854482
1.1366145478940637,0.11963400000000003,779.1059229203087,4.999830131336658,0.9750016517783213,0.9062616164329698,4.16639137027978e-05,0.002249925310231888,0.001510436027388283,0.0013958693019894934,0.00011456672555049989,0.041666666666666664,0.0684509800569271,3.6964744512207575,2.481543791722012,2.29331844420903,0.18822534776223124,68.45550298955962
1.1438541310016692,0.12039600000000004,778.8542920100913,4.999829079399435,0.9751613582888347,0.9066122826988239,4.139773618527566e-05,0.0022478537126437164,0.0015110204711647065,0.0013967720120248183,0.0001142484592915985,0.041666666666666664,0.06803732073815039,3.6943552501303096,2.4833673024639977,2.2955995698626,0.18776773285073398,68.47930890235277
1.1510937141092747,0.12115800000000004,778.6029348420229,4.9998280278277125,0.9753200974268069,0.9069618769059069,4.113317095532171e-05,0.00224578764982645,0.0015116031281765115,0.0013976727608184746,0.0001139303675097474,0.041666666666666664,0.0676259943418361,3.6922420366057347,2.485188042132722,2.2978780390530518,0.18731000332909356,68.50310099612237
1.15833329721688,0.12192000000000003,778.3518514161628,4.999826976621026,0.9754778740212021,0.9073104007939296,4.0870209964663115e-05,0.0022437271182302906,0.001512184001323216,0.001398571546121225,0.00011361245535370146,0.041666666666666664,0.06721699062634462,3.6901348146867496,2.487006010738236,2.300153842791191,0.18685216819655495,68.52687924005983
1.1655728803244856,0.12268200000000003,778.1010417325704,4.999825925778915,0.9756346929009837,0.9076578561026027,4.0608845165027015e-05,0.0022416721143054385,0.001512763093504338,0.0013994683656838329,0.00011329472797221554,0.041666666666666664,0.06681029932923327,3.68803358839968,2.4888212082988073,2.3024269720837203,0.18639423646468384,68.55064360334991
1.1728124634320911,0.12344400000000003,777.850505791305,4.9998248753009165,0.9757905588951156,0.9080042445716373,4.034906850814058e-05,0.002239622634502095,0.0015133404076193957,0.0014003632172570615,0.0001129771905140445,0.041666666666666664,0.06640591016727157,3.6859383617574344,2.4906336348409255,2.30469741793326,0.1859362171573486,68.5743940551708
1.1800520465396966,0.12420600000000004,777.6002435924256,4.999823825186566,0.9759454768325615,0.9083495679407438,4.009087194573099e-05,0.002237578675270461,0.0015139159465679065,0.0014012560985916737,0.00011265984812794321,0.041666666666666664,0.06600381283645666,3.683849138759492,2.492443290399313,2.306965171338379,0.1854781193107027,68.5981305646943
1.1872916296473022,0.12496800000000004,777.3502551359919,4.999822775435403,0.9760994515422848,0.9086938279496332,3.983424742952538e-05,0.0022355402330607376,0.0015144897132493887,0.0014021470074384325,0.00011234270596266653,0.041666666666666664,0.06560399701202863,3.6817659233918625,2.49425017501692,2.30923022329361,0.18501995197316573,68.62185310108573
1.1945312127549077,0.12573000000000004,777.1005404220631,4.999821726046964,0.9762524878532495,0.9090370263380162,3.957918691125093e-05,0.0022335073043231253,0.0015150617105633604,0.0014030359415481014,0.00011202576916696933,0.041666666666666664,0.06520645234848621,3.679688719627078,2.4960542887449466,2.311492564789483,0.18456172420540579,68.6455616335042
1.2017707958625132,0.12649200000000005,776.8510994506984,4.999820677020786,0.9764045905944191,0.9093791648456035,3.9325682342634794e-05,0.0022314798855078257,0.0015156319414093393,0.0014039228986714432,0.00011170904288960648,0.041666666666666664,0.0648111684796024,3.6776175314241684,2.4978556316428366,2.3137521868125432,0.18410344508032112,68.66925613110257
1.2090103789701185,0.12725400000000003,776.6019322219572,4.999819628356407,0.9765557645947575,0.909720245212106,3.907372567540414e-05,0.002229457973065039,0.0015162004086868436,0.0014048078765592211,0.00011139253227933285,0.041666666666666664,0.06441813501844036,3.67555236272863,2.4996542037782863,2.3160090803453794,0.1836451236830213,68.69293656302764
1.216249962077724,0.12801600000000002,776.3530387358988,4.999818580053364,0.9767060146832284,0.9100602691772347,3.8823308861286127e-05,0.0022274415634449666,0.0015167671152953913,0.0014056908729621984,0.00011107624248490328,0.041666666666666664,0.06402734155736914,3.673493217472413,2.501450005227255,2.3182632363666458,0.18318676911080933,68.71660289842012
1.2234895451853296,0.12877800000000003,776.1044189925825,4.999817532111195,0.9768553456887953,0.9103992384807,3.857442385200791e-05,0.00222543065309781,0.0015173320641345002,0.0014065718856311378,0.00011076017865507266,0.041666666666666664,0.06363877766807992,3.671440099573892,2.5032430360739646,2.3205146458510884,0.18272839047316264,68.74025510641482
1.2307291282929351,0.12954000000000004,775.8560729920678,4.999816484529436,0.977003762440422,0.9107371548622128,3.832706259929665e-05,0.0022234252384737687,0.0015178952581036882,0.0014074509123168028,0.00011044434593859583,0.041666666666666664,0.063252432901602,3.6693930129378427,2.505033296410909,2.322763299769568,0.1822699968917146,68.76389315614065
1.2379687114005407,0.13030200000000003,775.6080007344136,4.9998154373076265,0.9771512697670723,0.911074020061484,3.808121705487952e-05,0.0022214253160230445,0.0015184567001024734,0.0014083279507699563,0.00011012874948422768,0.041666666666666664,0.06286829678831918,3.667351961455432,2.5068207863388645,2.3250091890890876,0.181811597500236,68.78751701672086
1.2452082945081462,0.13106400000000004,775.3602022196796,4.999814390445301,0.9772978724977098,0.9114098358182242,3.7836879170483676e-05,0.0022194308821958386,0.0015190163930303739,0.0014092029987413613,0.00010981339444072304,0.041666666666666664,0.062486358837985985,3.6653169490041777,2.508605505966885,2.3272523047728138,0.1813532014446158,68.81112665727288
1.2524478776157517,0.13182600000000005,775.112677447925,4.999813343942,0.9774435754612982,0.9117446038721444,3.759404089783628e-05,0.0022174419334423513,0.0015195743397869075,0.0014100760539817812,0.00010949828595683682,0.041666666666666664,0.062106608539744264,3.6632879794479365,2.5103874554123173,2.329492637780105,0.1808948178828429,68.83472204690868
1.2596874607233572,0.13258800000000004,774.865426419209,4.999812297797258,0.9775883834868013,0.9120783259629553,3.735269418866449e-05,0.002215458466212784,0.0015201305432715924,0.0014109471142419788,0.00010918342918132385,0.041666666666666664,0.0617290353621397,3.66126505663688,2.5121666348008027,2.3317301790665326,0.18043645598498634,68.85830315473463
1.2669270438309626,0.13335000000000002,774.618449133591,4.999811252010614,0.9777323014031827,0.9124110038303677,3.711283099469547e-05,0.0022134804769573376,0.0015206850063839462,0.0014118161772727175,0.00010886882926293903,0.041666666666666664,0.06135362875313861,3.65924818440747,2.5139430442662842,2.3339649195839094,0.17997812493317722,68.88186994985179
1.274166626938568,0.13411200000000004,774.3717455911303,4.999810206581605,0.9778753340394062,0.9127426392140923,3.6874443267656385e-05,0.002211507962126213,0.0015212377320234871,0.0014126832408247604,0.00010855449135043718,0.041666666666666664,0.06098037814014465,3.657237366582438,2.515716683951013,2.336196850280312,0.17951983392158874,68.90542240135578
1.2814062100461736,0.13487400000000002,774.1253157918862,4.99980916150977,0.9780174862244354,0.9130732338538398,3.66375229592744e-05,0.0022095409181696114,0.001521788723089733,0.0014135483026488703,0.00010824042059257319,0.041666666666666664,0.060609272930015855,3.655232606970765,2.517487554005552,2.3384259621001084,0.17906159215641754,68.92896047833712
1.2886457931537791,0.13563600000000003,773.8791597359182,4.999808116794643,0.978158762787234,0.9134027894893212,3.640206202127666e-05,0.002207579341537733,0.001522337982482202,0.0014144113604958105,0.00010792662213810191,0.041666666666666664,0.060240302509081585,3.6532339093676494,2.5192556545887825,2.340652245983978,0.17860340885586415,68.95248414988104
1.2958853762613847,0.13639800000000005,773.6332774232852,4.999807072435764,0.9782991685567658,0.9137313078602471,3.616805240539034e-05,0.002205623228680779,0.001522885513100412,0.0014152724121163443,0.00010761310113577823,0.041666666666666664,0.05987345624315984,3.6512412775545005,2.5210209858679145,2.342875692868945,0.178145293250114,68.9759933850679
1.3031249593689902,0.13716000000000003,773.387668854047,4.999806028432668,0.9784387083619945,0.9140587907063286,3.59354860633426e-05,0.002203672576048951,0.001523431317843881,0.0014161314552612345,0.00010729986273435701,0.041666666666666664,0.05950872347757432,3.6492547152989,2.522783548018482,2.3450962936883952,0.1776872545813172,68.99948815297287
1.3103645424765957,0.13792200000000004,773.1423340282624,4.9998049847848955,0.9785773870318836,0.9143852397672761,3.5704354946860595e-05,0.0022017273800924494,0.001523975399612127,0.0014169884876812442,0.00010698691208259308,0.041666666666666664,0.05914609353717205,3.647274226354593,2.5245433412243616,2.3473140393721077,0.17722930210357005,69.0229684226665
1.3176041255842013,0.13868400000000006,772.8972729459912,4.999803941491982,0.978715209395397,0.9147106567828006,3.5474651007671496e-05,0.0021997876372614753,0.0015245177613046677,0.001417843507127137,0.00010667425432924134,0.041666666666666664,0.058785555726340664,3.645299814461454,2.5263003656777667,2.349528920846274,0.17677144508289463,69.04643416321431
1.3248437086918066,0.13944600000000004,772.6524856072924,4.999802898553465,0.9788521802814985,0.9150350434926128,3.524636619750247e-05,0.0021978533440062294,0.0015250584058210215,0.0014186965113496752,0.00010636189462305666,0.041666666666666664,0.05842709932902623,3.6433314833454733,2.5280546215792623,2.3517409290335296,0.1763136927972195,69.06988534367731
1.332083291799412,0.14020800000000003,772.4079720122254,4.999801855968882,0.9789883045191515,0.9153584016364237,3.501949246808066e-05,0.0021959244967769127,0.0015255973360607062,0.0014195474980996227,0.00010604983811279389,0.041666666666666664,0.0580707136087508,3.641369236718733,2.5298061091377653,2.3539500548529775,0.17585605453635994,69.09332193311187
1.3393228749070176,0.14097000000000004,772.1637321608496,4.99980081373777,0.97912358693732,0.9156807329539436,3.479402177113324e-05,0.0021940010920237264,0.0015261345549232395,0.001420396465127742,0.00010573808994720788,0.041666666666666664,0.05771638780863034,3.6394130782793823,2.531554828570549,2.3561562892202086,0.17539853960199783,69.11674390056974
1.3465624580146232,0.14173200000000002,771.9197660532242,4.999799771859667,0.9792580323649676,0.9160020391848839,3.4569946058387365e-05,0.0021920831261968716,0.00152667006530814,0.0014212434101847967,0.0001054266552750535,0.041666666666666664,0.057364111151392734,3.637463011711616,2.5333007801032545,2.358359623047335,0.17494115730766205,69.1401512150984
1.3538020411222287,0.14249400000000004,771.6760733120775,4.99979873033415,0.9793916402741113,0.9163223213811885,3.4347266209814556e-05,0.002190170591403413,0.0015272038689686477,0.0014220883376572394,0.00010511553146311854,0.041666666666666664,0.057013887684706915,3.635519035076548,2.5350439631829564,2.3605600592967586,0.17448390413802523,69.16354387618323
1.3610416242298342,0.14325600000000005,771.4326540807793,4.999797689160724,0.9795244176974851,0.9166415815242813,3.4125970504191344e-05,0.0021882634861550843,0.0015277359692071357,0.0014229312424285923,0.00010480472693025374,0.041666666666666664,0.05666570049673495,3.6335811548326666,2.5367843782947683,2.362757583729448,0.17402679481723293,69.18692184125976
1.3682812073374397,0.14401800000000003,771.1895084190617,4.999796648338921,0.9796563703224591,0.9169598214633711,3.390604946256812e-05,0.0021863618076027754,0.0015282663691056186,0.0014237721211839349,0.00010449424807339401,0.041666666666666664,0.05631953637737501,3.631649375528911,2.53852202581679,2.3649521853212536,0.1735698407475341,69.21028507458419
1.3755207904450453,0.14478000000000005,770.9466362935074,4.999795607868285,0.9797875024922799,0.9172770428805416,3.3687495846200184e-05,0.00218446555177134,0.0015287950714675694,0.0014246109722914687,0.00010418409932781108,0.041666666666666664,0.055975385821525024,3.629723700226403,2.540256905949144,2.3671438560960167,0.17311305010521014,69.23363354793905
1.3827603735526506,0.14554200000000003,770.7040376706994,4.999794567748359,0.9799178185501942,0.9175932474578766,3.347030241634285e-05,0.00218257471468563,0.0015293220790964612,0.0014254477941193949,0.00010387428512877667,0.041666666666666664,0.05563323930554283,3.627804131971149,2.5419890189005394,2.3693325880760727,0.17265643107663473,69.25696723311034
1.389999956660256,0.14630400000000005,770.4617125172206,4.999793527978689,0.9800473228394492,0.91790843687746,3.325446193425141e-05,0.0021806892923704993,0.0015298473947957668,0.0014262825850359147,0.00010356480991156248,0.041666666666666664,0.05529308728726251,3.6258906737940286,2.5437183648882775,2.371518373282275,0.1721999918582559,69.28028610188768
1.3972395397678616,0.14706600000000003,770.2196607996539,4.999792488558816,0.9801760197032914,0.9182226128213755,3.303996716118118e-05,0.0021788092808508,0.0015303710213689593,0.0014271153434092293,0.00010325567811144026,0.041666666666666664,0.054954920206010956,3.6239833287107674,2.5454449441382563,2.373701203734016,0.1717437406565779,69.30359012606425
1.4044791228754672,0.14782800000000004,769.977882484582,4.999791449488287,0.9803039134849675,0.9185357769717069,3.282681085838745e-05,0.0021769346761513846,0.0015308929616195115,0.0014279460676075403,0.00010294689416368172,0.041666666666666664,0.0546187284826244,3.6220820997219207,2.5471687568849717,2.3758810714492506,0.17128768568814343,69.32687927743696
1.4117187059830727,0.14859000000000006,769.7363775385879,4.999790410766644,0.9804310085277247,0.9188479310105379,3.261498578712552e-05,0.0021750654742971063,0.0015314132183508965,0.0014287747559990484,0.00010263846250355859,0.041666666666666664,0.05428450251946522,3.620186989812858,2.5488898033715293,2.378057968444521,0.17083183517951536,69.35015352780657
1.4189582890906782,0.14935200000000004,769.4951459282545,4.9997893723934315,0.9805573091748095,0.9191590766199524,3.240448470865071e-05,0.0021732016713128174,0.0015319317943665875,0.0014296014069519552,0.00010233038756634259,0.041666666666666664,0.05395223270043866,3.6182980019537387,2.550608083849644,2.380231886734977,0.1703761973672587,69.37341284897771
1.4261978721982838,0.15011400000000005,769.2541876201645,4.999788334368194,0.980682819769469,0.9194692154820342,3.219530038421831e-05,0.002171343263223372,0.001532448692470057,0.0014304260188344618,0.00010202267378730543,0.041666666666666664,0.053621909391009775,3.6164151390995025,2.5523235985796475,2.3824028183344015,0.1699207804979225,69.39665721275901
1.433437455305889,0.15087600000000004,769.0135025809011,4.999787296690475,0.9808075446549498,0.9197783492788669,3.1987425575083634e-05,0.0021694902460536215,0.0015329639154647782,0.0014312485900147697,0.00010171532560171887,0.041666666666666664,0.05329352293822036,3.6145384041898376,2.554036347830491,2.384570755255231,0.16946559282802126,69.41988659096319
1.4406770384134946,0.15163800000000002,768.7730907770468,4.999786259359818,0.9809314881744988,0.9200864796925345,3.178085304250197e-05,0.0021676426158284195,0.0015334774661542243,0.0014320691188610798,0.00010140834744485459,0.041666666666666664,0.05296706367070614,3.6126678001491785,2.555746331879754,2.386735689508582,0.16901064262401702,69.44310095540715
1.4479166215211001,0.15240000000000004,768.5329521751847,4.999785222375769,0.9810546546713628,0.9203936084051206,3.1575575547728625e-05,0.0021658003685726184,0.0015339893473418679,0.0014328876037415937,0.00010110174375198432,0.041666666666666664,0.052642521898713886,3.6108033298866715,2.5574535510136425,2.3888976131042714,0.16855593816230055,69.46630027791198
1.4551562046287057,0.15316200000000005,768.2930867418977,4.9997841857378695,0.9811770484887886,0.9206997370987091,3.137158585201891e-05,0.0021639635003110713,0.001534499561831182,0.0014337040430245126,0.0001007955189583798,0.041666666666666664,0.05231988791411875,3.6089449962961684,2.5591580055270002,2.3910565180508416,0.16810148772917327,69.48948453030324
1.4623957877363112,0.15392400000000003,768.0534944437685,4.999783149445664,0.9812986739700231,0.9210048674553838,3.1168876716628125e-05,0.0021621320070686306,0.0015350081124256398,0.0014345184350780375,0.00010048967749931275,0.041666666666666664,0.051999151990441576,3.6070928022562017,2.56085969572331,2.393212396355581,0.16764729962082847,69.51265368441078
1.4696353708439167,0.15468600000000005,767.8141752473801,4.999782113498698,0.981419535458313,0.9213090011572285,3.096744090281157e-05,0.0021603058848701493,0.0015355150019287142,0.0014353307782703697,0.00010018422381005487,0.041666666666666664,0.05168030438286646,3.6052467506299677,2.5625586219146994,2.39536524002455,0.16719338214333287,69.5358077120691
1.4768749539515222,0.15544800000000006,767.5751291193153,4.999781077896514,0.9815396372969053,0.9216121398863268,3.076727117182455e-05,0.0021584851297404804,0.0015360202331438783,0.0014361410709697107,9.987916232587792e-05,0.041666666666666664,0.0513633353282583,3.6034068442653124,2.5642547844219457,2.397515041062605,0.166739743612608,69.55894658511727
1.4841145370591278,0.15621000000000004,767.3363560261571,4.999780042638656,0.9816589838290465,0.9219142853247628,3.056836028492237e-05,0.0021566697377044764,0.0015365238088746048,0.0014369493115442616,9.957449748205359e-05,0.041666666666666664,0.05104823504518046,3.6015730859947044,2.5659481835744775,2.3996617914734184,0.16628639235441117,69.58207027539906
1.491354120166733,0.15697200000000003,767.0978559344882,4.999779007724669,0.9817775793979838,0.92221543915462,3.0370701003360332e-05,0.0021548597047869908,0.0015370257319243668,0.0014377554983622234,9.927023371385363e-05,0.041666666666666664,0.05073499373391257,3.5997454786352256,2.5676388197103854,2.4018054832595035,0.16583333670431727,69.60517875476305
1.4985937032743386,0.15773400000000004,766.8596288108916,4.999777973154096,0.9818954283469639,0.9225156030579823,3.017428608839373e-05,0.0021530550270128755,0.0015375260050966373,0.0014385596297917978,9.896637545654974e-05,0.041666666666666664,0.05042360157646833,3.5979240249885462,2.569326693176418,2.4039461084222378,0.16538058500769928,69.62827199506265
1.5058332863819441,0.15849600000000003,766.6216746219501,4.999776938926481,0.9820125350192332,0.9228147787169334,2.997910830127788e-05,0.002151255700406983,0.0015380246311948891,0.001439361704201186,9.866292714541365e-05,0.041666666666666664,0.05011404873661361,3.5961087278409156,2.5710118043279966,2.4060836589618906,0.16492814561971011,69.65134996815637
1.5130728694895497,0.15925800000000004,766.3839933342467,4.9997759050413695,0.9821289037580392,0.9231129678135572,2.978516040326808e-05,0.0021494617209941677,0.0015385216130225955,0.0014401617199585888,9.835989321571707e-05,0.041666666666666664,0.049806325359884406,3.594299589963132,2.5726941535292105,2.4082181268776357,0.16447602690526286,69.67441264590767
1.5203124525971552,0.16002000000000005,766.1465847679171,4.999774871498391,0.9822445359614929,0.9234101718479106,2.9592440064178535e-05,0.002147673081104235,0.0015390169530798512,0.0014409596797340103,9.805727349755109e-05,0.041666666666666664,0.049500429793165754,3.5924966085699928,2.574373741104198,2.410349511792988,0.16402422956498167,69.69746001260768
1.5275520357047607,0.16078200000000004,765.9094489014143,4.999773838297038,0.9823594367340915,0.9237063924629699,2.940093877651419e-05,0.0021458897782915044,0.00153951065410495,0.0014417555804965437,9.775507376011661e-05,0.041666666666666664,0.04919635002968535,3.590699788888484,2.576050567279083,2.412477803328483,0.16357276420445613,69.72049203888001
1.5347916188123663,0.16154400000000005,765.6725857712071,4.9997728054367965,0.9824736120036357,0.9240016314155768,2.921064666060726e-05,0.0021441118107233662,0.0015400027190259613,0.0014425494182226592,9.745330095501231e-05,0.041666666666666664,0.048894071741591674,3.588909136916824,2.5777246324315457,2.414602989275409,0.16312164341007573,69.74350869063007
1.5420312019199718,0.16230600000000006,765.4359953169829,4.9997717729172155,0.9825870656240486,0.9242958903564279,2.9021557293252235e-05,0.00214233917381838,0.0015404931505940465,0.001443341191991475,9.715195875428201e-05,0.041666666666666664,0.04859358637040224,3.5871246544665847,2.57939593695787,2.41672506290021,0.1626708743116836,69.76650994204898
1.549270785027577,0.16306800000000005,765.1996774784292,4.999770740737848,0.9826998014492538,0.9245891709362205,2.8833664251243602e-05,0.002140571862995104,0.0015409819515603677,0.0014441309008821083,9.685105082996959e-05,0.041666666666666664,0.04829488534125731,3.58534634333239,2.5810644812632537,2.418844017470307,0.16222046404705318,69.78949576733953
1.5565103681351826,0.16383000000000003,764.9636321952331,4.9997697088982465,0.9828118233331745,0.9248814748056515,2.864696111137584e-05,0.002138809873672098,0.001541469124676086,0.0014449185439736776,9.655058085411886e-05,0.041666666666666664,0.04799796006293606,3.5835742052919013,2.582730265761804,2.420959846254123,0.1617704197618714,69.81246614071607
1.5637499512427881,0.16459200000000004,764.7278594070823,4.999768677397963,0.982923135129734,0.9251728036154182,2.846144145044344e-05,0.00213705320126792,0.0015419546726923637,0.0014457041203453003,9.625055249877367e-05,0.041666666666666664,0.04770280192787277,3.5818082421058017,2.584393290876548,2.423072542521099,0.16132074860972243,69.8354210364047
1.5709895343503937,0.16535400000000006,764.4923590536638,4.99976764623655,0.9830337406928554,0.9254631590162171,2.8277098845240892e-05,0.002135301841201129,0.001542438598360362,0.0014464876290760944,9.595096943597788e-05,0.041666666666666664,0.04740940231217313,3.5800484555177836,2.586053557039432,2.425182099541719,0.1608714577520709,69.85836042864338
1.5782291174579992,0.16611600000000004,764.257131074665,4.999766615413558,0.9831436438764624,0.9257525426587457,2.8093926872562676e-05,0.0021335557888902843,0.001542920904431243,0.0014472690692451777,9.56518353377753e-05,0.041666666666666664,0.047117752575630605,3.5782948472545364,2.587711064691329,2.427288510587524,0.1604225543582454,69.88128429168192
1.5854687005656047,0.16687800000000005,764.0221754097736,4.999765584928539,0.983252848534478,0.9260409561937005,2.7911919109203284e-05,0.0021318150397539445,0.0015434015936561676,0.001448048439931668,9.535315387620984e-05,0.041666666666666664,0.04682784406174289,3.57654741902573,2.5893658142820364,2.429391768931139,0.15997404560542178,69.90419259978219
1.5927082836732103,0.16764000000000007,763.7874919986765,4.999764554781047,0.9833613585208257,0.926328401271779,2.7731069131957194e-05,0.0021300795892106677,0.0015438806687862983,0.0014488257402146833,9.505492872332528e-05,0.041666666666666664,0.046539668097728505,3.574806172524,2.591017806270288,2.43149186784629,0.15952593867860643,69.92708532721808
1.5999478667808158,0.16840200000000005,763.5530807810613,4.999763524970632,0.9834691776894287,0.9266148795436778,2.7551370517618903e-05,0.002128349432679014,0.0015443581325727965,0.0014496009691733413,9.475716355116549e-05,0.041666666666666664,0.04625321599454335,3.5730711094249425,2.592667041123752,2.433588800607823,0.15907824077061952,69.94996244827571
1.607187449888421,0.16916400000000004,763.3189416966154,4.999762495496847,0.9835763098942103,0.9269003926600942,2.7372816842982897e-05,0.002126624565577541,0.0015448339877668236,0.0014503741258867595,9.445986203177433e-05,0.041666666666666664,0.04596847904689744,3.5713422313870864,2.5943135193190323,2.435682560491728,0.15863095908207822,69.97282393725338
1.6144270329960266,0.16992600000000005,763.0850746850259,4.999761466359243,0.9836827589890939,0.9271849422717248,2.719540168484365e-05,0.0021249049833248087,0.0015453082371195415,0.0014511452094340563,9.41630278371956e-05,0.041666666666666664,0.04568544853327169,3.5696195400518937,2.5959572413416807,2.4377731407751586,0.15818410082137974,69.99566976846184
1.6216666161036322,0.17068800000000003,762.8514796859805,4.999760437557374,0.9837885288280026,0.9274685300292671,2.701911861999566e-05,0.0021231906813393747,0.0015457808833821119,0.001451914218894349,9.386666463947319e-05,0.041666666666666664,0.04540411571593482,3.5679030370437355,2.5975982076861923,2.4398605347364484,0.15773767320468476,70.01849991622419
1.6289061992112377,0.17145000000000005,762.6181566391662,4.999759409090789,0.98389362326486,0.9277511575834178,2.684396122523341e-05,0.002121481655039799,0.0015462519293056964,0.0014526811533467558,9.357077611065093e-05,0.041666666666666664,0.04512447184096026,3.5661927239698876,2.5992364188560133,2.4419447356551376,0.15729168345589992,70.04131435487606
1.6361457823188432,0.17221200000000006,762.3851054842705,4.999758380959043,0.9839980461535892,0.928032826584874,2.666992307735138e-05,0.00211977789984464,0.0015467213776414568,0.0014534460118703944,9.327536592277265e-05,0.041666666666666664,0.044846508138243195,3.56448860242051,2.600871875363543,2.4440257368119886,0.15684613880666137,70.06411305876576
1.6433853654264488,0.17297400000000004,762.1523261609808,4.9997573531616855,0.9841018013481136,0.9283135386843328,2.6496997753144067e-05,0.002118079411172456,0.0015471892311405546,0.0014542087935443826,9.298043774788221e-05,0.041666666666666664,0.04457021582151772,3.5627906739686344,2.6025045777301368,2.4461035314890087,0.15640104649631742,70.0868960022542
1.6506249485340543,0.17373600000000006,761.9198186089845,4.999756325698271,0.9842048927023564,0.9285932955324907,2.632517882940595e-05,0.002116386184441807,0.0015476554925541513,0.0014549694974478383,9.268599525802344e-05,0.041666666666666664,0.04429558608837398,3.561098940170157,2.604134526486111,2.448178112969472,0.15595641377191152,70.10966315971515
1.6578645316416596,0.17449800000000004,761.6875827679688,4.999755298568348,0.9843073240702411,0.9288720987800454,2.6154459882931524e-05,0.0021146982150712507,0.0015481201646334092,0.001455728122659879,9.23920421252402e-05,0.041666666666666664,0.0440226101202755,3.5594134025638184,2.6057617221707443,2.4502494745379346,0.15551224788816523,70.13241450553522
1.6651041147492651,0.17526000000000003,761.4556185776211,4.999754271771472,0.9844090993056909,0.9291499500776935,2.5984834490515264e-05,0.002113015498479346,0.0015485832501294892,0.001456484668259623,9.209858202157633e-05,0.041666666666666664,0.043751279082576505,3.5577340626711926,2.6073861653322843,2.4523176094802612,0.15506855610746081,70.15515001411397
1.6723436978568706,0.17602200000000004,761.2239259776287,4.999753245307193,0.984510222262629,0.929426851076132,2.5816296228951662e-05,0.002111338030084653,0.0015490447517935535,0.0014572391333261881,9.180561861907568e-05,0.041666666666666664,0.04348158412453944,3.5560609219966777,2.6090078565279473,2.4543825110836437,0.15462534569982436,70.17786965986404
1.6795832809644762,0.17678400000000005,760.9925049076792,4.999752219175064,0.9846106967949789,0.929702803426058,2.5648838675035204e-05,0.002109665805305729,0.0015495046723767636,0.0014579915169386918,9.151315558978207e-05,0.041666666666666664,0.04321351637935236,3.5543939820274764,2.610626796323923,2.4564441726366186,0.15418262394290805,70.2005734172112
1.6868228640720817,0.17754600000000004,760.7613553074596,4.999751193374636,0.9847105267566638,0.9299778087781686,2.5482455405560374e-05,0.0021079988195611336,0.001549963014630281,0.001458741818176252,9.122119660573937e-05,0.041666666666666664,0.04294706696414673,3.552733244233589,2.6122429852953797,2.4585025874290927,0.1537403981219733,70.22326126059446
1.6940624471796872,0.17830800000000005,760.5304771166575,4.999750167905462,0.984809716001607,0.9302518687831606,2.5317139997321663e-05,0.002106337068269426,0.0015504197813052678,0.0014594900361179866,9.092974533899141e-05,0.041666666666666664,0.04268222698001491,3.5510787100677965,2.613856424026463,2.460557748752358,0.15329867552987306,70.24593316446607
1.7013020302872928,0.17907000000000006,760.2998702749601,4.999749142767093,0.9849082683837319,0.930524985091731,2.5152886027113555e-05,0.002104680546849164,0.0015508749751528851,0.0014602361698430135,9.063880546158204e-05,0.041666666666666664,0.04241898751202813,3.5494303809656493,2.615467113110303,2.46260964989912,0.15285746346703463,70.2685891032918
1.7085416133948983,0.17983200000000005,760.0695347220549,4.999748117959082,0.9850061877569617,0.9307971593545771,2.4989687071730538e-05,0.002103029250718907,0.0015513285989242952,0.0014609802184304503,9.034838064555511e-05,0.041666666666666664,0.04215733962925415,3.5477882583454563,2.617075053149017,2.464658284163509,0.15241676924144196,70.29122905155081
1.7157811965025036,0.18059400000000003,759.8394703976292,4.9997470934809805,0.9851034779752197,0.9310683932223954,2.4827536707967096e-05,0.0021013831752972143,0.0015517806553706592,0.001461722180959415,9.005847456295448e-05,0.041666666666666664,0.041897274384775314,3.546152343608267,2.6186802447537088,2.466703644841107,0.15197660016861841,70.3138529837359
1.7230207796101091,0.18135600000000004,759.6096772413703,4.99974606933234,0.9852001428924293,0.9313386883458834,2.4666428512617714e-05,0.002099742316002644,0.0015522311472431392,0.0014624620565090254,8.976909088582395e-05,0.041666666666666664,0.04163878281570657,3.5445226381378663,2.6202826885444783,2.4687457252289677,0.15153696357160898,70.3364608743535
1.7302603627177147,0.18211800000000006,759.3801551929655,4.999745045512713,0.9852961863625138,0.9316080463757379,2.4506356062476882e-05,0.0020981066682537555,0.0015526800772928966,0.0014631998441583995,8.948023328620739e-05,0.041666666666666664,0.04138185594321354,3.5428991433007555,2.6218823851504185,2.4707845186256363,0.1510978667809629,70.35905269792387
1.7374999458253202,0.18288000000000004,759.1509041921023,4.999744022021652,0.9853916122393965,0.9318764689626557,2.4347312934339085e-05,0.002096476227469107,0.001553127448271093,0.0014639355429866547,8.919190543614863e-05,0.041666666666666664,0.04112648477253066,3.5412818604461433,2.6234793352096215,2.472820018331168,0.1506593171347159,70.38162842898105
1.7447395289329257,0.18364200000000006,758.921924178468,4.999742998858707,0.9854864243770006,0.9321439577573342,2.4189292704998807e-05,0.002094850989067258,0.0015535732629288904,0.0014646691520729092,8.890411100769154e-05,0.041666666666666664,0.04087266029297953,3.5396707909059315,2.6250735393691804,2.474852217647153,0.15022132197837232,70.40418804207299
1.7519791120405313,0.18440400000000007,758.6932149016832,4.999741976023458,0.9855806234077213,0.932410514152783,2.4032294320464416e-05,0.002093230944815467,0.0015540175235879718,0.0014654006750065374,8.861684873314462e-05,0.041666666666666664,0.04062038256268791,3.5380659306446853,2.626664998169198,2.476881118075302,0.14978388035032258,70.42673152811524
1.7592186951481368,0.18516600000000005,758.4647762175174,4.9997409535154524,0.9856742118157176,0.9326761397038488,2.3876313640470633e-05,0.0020916160884883552,0.001554460232839748,0.0014661301128300961,8.833012016136212e-05,0.041666666666666664,0.040369646411896054,3.5364672785410605,2.628253712278563,2.4789067165067444,0.1493469960283279,70.44925886903005
1.7664582782557423,0.18592800000000007,758.2366082021643,4.999739931334227,0.9857671956566103,0.9329408362751513,2.372134057231618e-05,0.0020900064177478265,0.001554901393791919,0.0014668574616662836,8.804393227734568e-05,0.041666666666666664,0.04012043658154275,3.534874839077512,2.6298396825424413,2.480929000851937,0.14891068194709486,70.47177002783766
1.7736978613633476,0.18669000000000005,758.0087107781005,4.99973890947934,0.9858595783385992,0.9332046055216037,2.356736943566789e-05,0.0020884019272414582,0.001555341009202673,0.0014675827213511434,8.775828800323986e-05,0.041666666666666664,0.03987274526155407,3.5332886122883225,2.6314229097172506,2.4829479657636675,0.14847494421025587,70.49426498078756
1.7809374444709531,0.18745200000000004,757.7810838678026,4.999737887950352,0.9859513632698844,0.9334674490981194,2.3414394550192576e-05,0.0020868026116168297,0.001555779081830199,0.00146830589172072,8.74731902611892e-05,0.041666666666666664,0.039626564627609266,3.531708598188715,2.6330033945686604,2.484963605898237,0.148039788927178,70.51674370414757
1.7881770275785587,0.18821400000000005,757.5537273937471,4.999736866746822,0.9860425538586657,0.9337293686596112,2.326241023555708e-05,0.002085208465521519,0.0015562156144326854,0.0014690269726110575,8.718864197333825e-05,0.041666666666666664,0.039381886841156996,3.530134796774832,2.634581137871586,2.486975915915475,0.14760522221294795,70.53920617420401
1.7954166106861642,0.18897600000000006,757.3266412784106,4.99973584586831,0.9861331535131431,0.9339903658609926,2.3111410811428233e-05,0.002083619483603106,0.001556650609768321,0.0014697459638581998,8.690464606183156e-05,0.041666666666666664,0.03913870404943131,3.528567208023734,2.6361561404101947,2.4889848904787564,0.14717125018835694,70.56165236726163
1.8026561937937697,0.18973800000000005,757.0998254442699,4.999734825314376,0.9862231656415162,0.9342504423571765,2.2961390597472863e-05,0.0020820356605091685,0.0015570840705952942,0.0014704628652981908,8.66212054488137e-05,0.041666666666666664,0.03889700838546815,3.5270058318933892,2.637728402977907,2.490990524255021,0.146737878979886,70.58408225964392
1.8098957769013753,0.19050000000000006,756.8732798138012,4.9997338050845785,0.9863125936519853,0.9345095998030761,2.2812343913357798e-05,0.0020804569908872855,0.0015575159996717937,0.0014711776767670748,8.633832305642922e-05,0.041666666666666664,0.03865679196812148,3.5254506683226676,2.639297926377398,2.492992811914789,0.14630511471969068,70.60649582769298
1.8171353600089808,0.19126200000000007,756.6470043094814,4.999732785178479,0.9864014409527501,0.9347678398536049,2.2664265078749873e-05,0.0020788834693850353,0.0015579463997560082,0.0014718903981008958,8.605600180682265e-05,0.041666666666666664,0.038418046902079867,3.523901717231332,2.640864711420601,2.494991748132178,0.1458729635455862,70.62889304776975
1.8243749431165863,0.19202400000000006,756.420998853787,4.999731765595636,0.9864897109520105,0.9350251641636758,2.2517148413315913e-05,0.002077315090649997,0.0015583752736061263,0.001472601029135698,8.577424462213857e-05,0.041666666666666664,0.038180765277882805,3.522358978520032,2.6424287589287085,2.4969873275849213,0.14544143160103207,70.651273896254
1.8316145262241916,0.19278600000000004,756.1952633691944,4.99973074633561,0.9865774070579664,0.9352815743882019,2.2370988236722758e-05,0.0020757518493297496,0.0015588026239803366,0.0014733095697075252,8.549305442452153e-05,0.041666666666666664,0.0379449391719374,3.5208224520702935,2.643990069732175,2.4989795449543837,0.14501052503511744,70.67363834954449
1.8388541093317972,0.19354800000000005,755.9697977781805,4.99972972739796,0.9866645326788177,0.9355370721820965,2.2225778868637227e-05,0.0020741937400718708,0.0015592284536368275,0.0014740160196524217,8.521243413611606e-05,0.041666666666666664,0.037710560646534816,3.519292137744514,2.645548644670718,2.5009683949255797,0.1445802500025453,70.69598638405901
1.8460936924394027,0.19431000000000004,755.7446020032215,4.9997287087822455,0.9867510912227644,0.9357916592002726,2.208151462872615e-05,0.0020726407575239404,0.0015596527653337878,0.0014747203788064314,8.493238667906673e-05,0.041666666666666664,0.037477621749867115,3.517768035385958,2.6471044845933185,2.5029538721871893,0.1441506126636179,70.7183179762345
1.8533332755470082,0.19507200000000005,755.5196759667944,4.999727690488027,0.9868370860980061,0.9360453370976437,2.1938189836656366e-05,0.0020710928963335365,0.0015600755618294063,0.0014754226470055985,8.465291497551808e-05,0.041666666666666664,0.03724611451604392,3.516250144818741,2.6486575903582286,2.5049359714315775,0.1437216191842211,70.74063310252708
1.8605728586546137,0.19583400000000006,755.2950195913754,4.999726672514863,0.9869225207127432,0.9362981075291228,2.17957988120947e-05,0.002069550151148238,0.0015604968458818715,0.001476122824085967,8.43740219476147e-05,0.041666666666666664,0.03701603096510926,3.514738465847833,2.650207962832967,2.5069146873548087,0.14329327573580947,70.76293173941222
1.8678124417622193,0.19659600000000005,755.0706327994415,4.999725654862315,0.9870073984751753,0.936549972149623,2.165433587470798e-05,0.0020680125166156233,0.0015609166202493717,0.001476820909883581,8.409571051750109e-05,0.041666666666666664,0.03678736310305844,3.5132329982590393,2.651755602894322,2.508890014656665,0.14286558849539055,70.78521386338471
1.8750520248698248,0.19735800000000006,754.8465155134688,4.999724637529942,0.9870917227935022,0.9368009326140575,2.151379534416304e-05,0.0020664799873832715,0.0015613348876900959,0.0014775169042344843,8.381798360732183e-05,0.041666666666666664,0.03656010292185502,3.51173374181901,2.6533005114283594,2.510861948040663,0.14243856364550997,70.80747945095887
1.8822916079774301,0.19812000000000005,754.6226676559343,4.999723620517303,0.987175497075924,0.9370509905773395,2.1374171540126714e-05,0.002064952558098761,0.0015617516509622326,0.0014782108069747214,8.354084413922148e-05,0.041666666666666664,0.036334242399447846,3.5102406962752153,2.654842689330415,2.5128304822140737,0.14201220737423587,70.82972847866856
1.8895311910850356,0.19888200000000006,754.3990891493142,4.999722603823957,0.9872587247306406,0.9373001476943821,2.1235458782265822e-05,0.0020634302234096707,0.0015621669128239703,0.001478902617940336,8.326429503534458e-05,0.041666666666666664,0.03610977349978809,3.508753861355951,2.6563821375051018,2.514795611887934,0.1415865258751435,70.85196092306727
1.8967707741926412,0.19964400000000004,754.1757799160855,4.999721587449466,0.9873414091658517,0.9375484056200987,2.10976513902472e-05,0.0020619129779635794,0.0015625806760334979,0.0014795923369673725,8.298833921783568e-05,0.041666666666666664,0.03588668817284649,3.507273236770326,2.657918856866312,2.516757331777068,0.14116152534729984,70.87417676072822
1.9040103573002467,0.20040600000000006,753.9527398758648,4.999720571393395,0.9874235535795279,0.9377957660308038,2.0960744034120057e-05,0.0020604008159150057,0.0015629929433846731,0.001480279964313596,8.27129792227876e-05,0.041666666666666664,0.03566497895100032,3.5057988213879483,2.6594528484120468,2.5187156373310597,0.14073721133912445,70.89637596862138
1.9112499404078522,0.20116800000000007,753.7299688835212,4.999719555655375,0.9875051585743366,0.9380422307527657,2.0824735709438936e-05,0.002058893726093274,0.0015634037179212763,0.0014809655050621211,8.243821301086554e-05,0.041666666666666664,0.035444645719052266,3.5043306053328873,2.660984113832087,2.520670532460671,0.14031358162963303,70.91855853058672
1.9184895235154578,0.20193000000000005,753.5074668675985,4.99971854023487,0.9875862300166327,0.9382878010897322,2.0689616638945687e-05,0.0020573917095839914,0.0015638130018162204,0.0014816489537815157,8.216404818641488e-05,0.041666666666666664,0.035225673416593245,3.5028685990918995,2.6625126529849346,2.522622002850429,0.1398906503928035,70.94072442092603
1.9257291066230633,0.20269200000000007,753.2852337428199,4.999717525131447,0.9876667709256605,0.938532478734313,2.0555381790565893e-05,0.0020558947601351657,0.0015642207978905217,0.0014823303110817387,8.189048696049325e-05,0.041666666666666664,0.03500805504378482,3.5014128008108014,2.6640384669632953,2.524570044582546,0.13946842263912856,70.96287361722331
1.9329686897306688,0.20345400000000005,753.0632694239087,4.999716510344674,0.987746784320665,0.9387762653791184,2.0422026132225136e-05,0.0020544028714948037,0.0015646271089651974,0.0014830095775727494,8.16175315441583e-05,0.041666666666666664,0.034791783588259816,3.49996320861425,2.6655615568694073,2.5265146537448815,0.13904690338298603,70.98500609708476
1.9402082728382741,0.20421600000000004,752.8415738255883,4.999715495874119,0.9878262732208907,0.9390191627167586,2.0289544631848994e-05,0.0020529160374109126,0.0015650319378612643,0.0014836867538645067,8.134518414846766e-05,0.041666666666666664,0.034576852025137356,3.498519820605739,2.6670819238150387,2.5284558264309527,0.13862609764262593,71.0071218381388
1.9474478559458797,0.20497800000000005,752.620146862582,4.999714481719347,0.9879052406455822,0.9392611724398432,2.0157932257363043e-05,0.0020514342516315,0.0015654352873997388,0.0014843618405669702,8.107344698447896e-05,0.041666666666666664,0.034363253317038114,3.4970826348676005,2.668599568921489,2.530393558739952,0.1382060104401578,71.02922081803621
1.9546874390534852,0.20574000000000006,752.3989884496132,4.999713467879927,0.9879836896139843,0.9395022962409828,2.0027183976692862e-05,0.002049957507904573,0.0015658371604016382,0.0014850348382900987,8.080232226324983e-05,0.041666666666666664,0.034150980414099516,3.495651649461,2.6701144933195935,2.5323278467767567,0.13778664680153807,71.0513030144502
1.9619270221610907,0.20650200000000005,752.1780985014053,4.999712454355426,0.9880616231453416,0.9397425358127873,1.9897294757764037e-05,0.002048485799978139,0.001566237559687979,0.0014857057476438513,8.053181219583791e-05,0.041666666666666664,0.03394002625399105,3.494226862425938,2.6716266981497205,2.5342586866519445,0.13736801175655725,71.07336840507648
1.9691666052686962,0.20726400000000006,751.9574769326815,4.999711441145411,0.9881390442588986,0.9399818928478667,1.9768259568502144e-05,0.002047019121600205,0.001566636488079778,0.0014863745692381873,8.026191899330085e-05,0.041666666666666664,0.03373038376192962,3.4928082717812425,2.6731361845617734,2.5361860744818077,0.1369501103388272,71.09541696763333
1.9764061883763018,0.20802600000000007,751.7371236581653,4.9997104282494504,0.9882159559739003,0.9402203690388311,1.9640073376832766e-05,0.0020455574665187784,0.001567033948398052,0.0014870413036830658,7.999264486669625e-05,0.041666666666666664,0.03352204585069497,3.4913958755245753,2.6746429537151917,2.5381100063883646,0.1365329475857683,71.11744867986178
1.9836457714839073,0.20878800000000006,751.5170385925799,4.99970941566711,0.9882923613095912,0.9404579660782906,1.9512731150681478e-05,0.0020441008284818665,0.0015674299434638177,0.001487705951588446,7.972399202708177e-05,0.041666666666666664,0.03331500542064516,3.4899896716324244,2.67614700677895,2.540030478499375,0.13611652853859674,71.13946351952555
1.9908853545915128,0.20955000000000007,751.2972216506487,4.999708403397958,0.9883682632852157,0.9406946856588551,1.9386227857973863e-05,0.002042649201237477,0.001567824476098092,0.0014883685135642871,7.945596268551505e-05,0.041666666666666664,0.03310925535973206,3.4885896580601057,2.6776483449315616,2.5419474869483527,0.1357008582423114,71.16146146441122
1.9981249376991181,0.21031200000000005,751.0776727470951,4.999707391441562,0.9884436649200187,0.9409305294731349,1.9260558466635504e-05,0.002041202578533616,0.0015682175491218916,0.0014890289902205482,7.918855905305372e-05,0.041666666666666664,0.032904788543517006,3.4871958327417576,2.6791469693610765,2.543861027874577,0.1352859417456814,71.18344249232828
2.0053645208067237,0.21107400000000004,750.8583917966423,4.999706379797488,0.9885185692332448,0.94116549921374,1.9135717944591973e-05,0.0020397609541182925,0.0015686091653562336,0.0014896873821671885,7.892178334075539e-05,0.041666666666666664,0.03270159783518642,3.4858081935903464,2.6806428812650833,2.5457710974231125,0.13487178410123296,71.2054065811093
2.012604103914329,0.21183600000000005,750.6393787140138,4.999705368465305,0.9885929792441387,0.9413995965732805,1.9011701259768853e-05,0.0020383243217395124,0.0015689993276221342,0.0014903436900141668,7.865563775967772e-05,0.041666666666666664,0.03249967608556752,3.484426738497662,2.6821360818507083,2.5476776917448136,0.13445839036523655,71.22735370860987
2.0198436870219347,0.21259800000000006,750.4206334139329,4.999704357444579,0.9886668979719451,0.9416328232443665,1.8888503380091726e-05,0.0020368926751452836,0.0015693880387406109,0.0014909979143714427,7.839012452087835e-05,0.041666666666666664,0.03229901613314411,3.4830514653343116,2.6836265723346173,2.5495808069963446,0.134045765597694,71.24928385270877
2.0270832701295403,0.21336000000000005,750.2021558111229,4.999703346734878,0.9887403284359083,0.9418651809196078,1.876611927348617e-05,0.002035466008083613,0.0015697753015326797,0.0014916500558489751,7.812524583541488e-05,0.041666666666666664,0.0320996108040724,3.4816823719497285,2.6851143539430162,2.551480439340193,0.13363391486232543,71.27119699130809
2.034322853237146,0.21412200000000006,749.9839458203072,4.999702336335769,0.9888132736552734,0.9420966712916148,1.8644543907877765e-05,0.002034044314302508,0.001570161118819358,0.0014923001150567235,7.786100391434498e-05,0.041666666666666664,0.03190145291219685,3.4803194561721646,2.6865994279116516,2.5533765849446763,0.13322284322655661,71.29309310233319
2.0415624363447513,0.21488400000000007,749.766003356209,4.99970132624682,0.9888857366492847,0.9423272960529975,1.852377225119209e-05,0.0020326275875499765,0.0015705454934216625,0.0014929480926046466,7.759740096872628e-05,0.041666666666666664,0.03170453525906622,3.478962715808693,2.68808179548581,2.555269239983965,0.13281255576150572,71.31497216373293
2.048802019452357,0.21564600000000006,749.5483283335519,4.999700316467597,0.9889577204371871,0.9425570568963657,1.840379927135473e-05,0.002031215821574025,0.0015709284281606097,0.0014935939891027037,7.733443920961639e-05,0.041666666666666664,0.03150885063394947,3.4776121486452007,2.6895614579203158,2.557158400638087,0.13240305754197013,71.3368341534796
2.0560416025599624,0.21640800000000007,749.330920667059,4.999699306997668,0.9890292280382252,0.94278595551433,1.8284619936291253e-05,0.0020298090101226606,0.0015713099258572167,0.001494237805160854,7.707212084807296e-05,0.041666666666666664,0.03131439181385188,3.4762677524464003,2.691038416479539,2.5590440630929456,0.13199435364641396,71.35867904956918
2.063281185667568,0.21717000000000009,749.1137802714538,4.9996982978366,0.9891002624716437,0.9430139935995,1.8166229213927253e-05,0.0020284071469438914,0.0015716899893325,0.0014948795413890566,7.681044809515364e-05,0.041666666666666664,0.03112115156353118,3.4749295249558165,2.692512672437389,2.560926223540334,0.13158644915695458,71.38050683002125
2.0705207687751734,0.21793200000000007,748.8969070614595,4.9996972889839615,0.989170826756687,0.9432411728444858,1.8048622072188297e-05,0.002027010225785724,0.0015720686214074765,0.001495519198397271,7.654942316191603e-05,0.041666666666666664,0.030929122635513683,3.473597463895795,2.6939842270773156,2.5628048781779453,0.1311793491593496,71.40231747287919
2.077760351882779,0.21869400000000008,748.6803009517996,4.99969628043932,0.9892409239126,0.9434674949418979,1.7931793478999975e-05,0.002025618240396166,0.0015724458249031631,0.0014961567767954557,7.628904825941781e-05,0.041666666666666664,0.03073829777011058,3.472271566967497,2.6954530816923126,2.564680023209387,0.130773058742984,71.4241109562102
2.084999934990384,0.21945600000000004,748.4639618571973,4.99969527220224,0.9893105569586272,0.9436929615843458,1.781573840228787e-05,0.002024231184523225,0.0015728216026405764,0.00149679227719357,7.60293255987166e-05,0.041666666666666664,0.030548669695434207,3.4709518318509005,2.6969192375849116,2.5665516548441927,0.13036758300085666,71.44588725810543
2.0922395180979896,0.22021800000000005,748.2478896923761,4.999694264272292,0.9893797289140135,0.9439175744644399,1.7700451809977547e-05,0.0020228490519149074,0.0015731959574407334,0.0014974257002015737,7.577025739086999e-05,0.041666666666666664,0.03036023112741437,3.4696382562048025,2.6983826960671915,2.568419769297841,0.12996292702956763,71.46764635668002
2.099479101205595,0.22098000000000004,748.0320844261161,4.999693256649152,0.989448440234732,0.9441413359323246,1.7585932942113346e-05,0.00202147182766354,0.0015735688932205412,0.0014980570528933253,7.55118404789263e-05,0.041666666666666664,0.030172982098914305,3.4683308227275544,2.6998434602722927,2.57028437381672,0.12955908671586877,71.48938822825289
2.1067186843132006,0.22174200000000005,747.8165459113354,4.999692249332389,0.9895166931764532,0.9443642475480878,1.747217803924472e-05,0.002020099505127987,0.0015739404125801465,0.0014986863367096673,7.525407602218957e-05,0.041666666666666664,0.029986917494600484,3.467029528607917,2.701301531351528,2.5721454662523873,0.12915606535951601,71.51111285621745
2.113958267420806,0.22250400000000006,747.6012739635798,4.999691242321419,0.9895844936793077,0.9445863101064996,1.7359177201153952e-05,0.0020187320889099992,0.0015743105168441662,0.0014993135443996158,7.499697259626065e-05,0.041666666666666664,0.029802021647069004,3.4657343902987137,2.702756908264026,2.574003029531309,0.12875387899317167,71.53282022368336
2.1211978505284117,0.22326600000000005,747.3862684984044,4.999690235615821,0.9896518443102668,0.9448075253915902,1.7246926149555258e-05,0.002017369571394328,0.0015746792089859837,0.001499938677631652,7.474053150604185e-05,0.041666666666666664,0.02961828851931556,3.4644454030543845,2.704209592636143,2.57585706172462,0.12835253117205617,71.55451030926487
2.1284374336360172,0.22402800000000006,747.1715294313641,4.999689229215171,0.9897187476363023,0.9450278951873895,1.713542060616284e-05,0.0020160119449657253,0.0015750464919789826,0.0015005617380742574,7.44847540564355e-05,0.041666666666666664,0.029435712063799347,3.46316256210532,2.7056595861041215,2.577707560911702,0.1279520254530314,71.57618309160112
2.1356770167436228,0.22479000000000007,746.9570566780139,4.999688223119049,0.9897852062243854,0.9452474212779276,1.7024656292690906e-05,0.0020146592020089432,0.001575412368796546,0.0015011827273959126,7.422964155234388e-05,0.041666666666666664,0.029254286222456703,3.4618858626578612,2.70710689031409,2.57955452518019,0.127552365394591,71.59783854935608
2.1429165998512283,0.22555200000000006,746.7428501539088,4.999687217327031,0.9898512226414878,0.9454661054472348,1.6914628930853666e-05,0.002013311334908733,0.001575776842412058,0.0015018016472650988,7.397519529866932e-05,0.041666666666666664,0.02907400492671481,3.460615299894318,2.7085515069220665,2.5813979526259843,0.1271535545568516,71.61947666121878
2.150156182958834,0.22631400000000007,746.5289097746036,4.999686211838695,0.9899167994545808,0.9456839494793408,1.6805334242365328e-05,0.0020119683360498475,0.0015761399157989014,0.0015024184993502976,7.372141660031414e-05,0.041666666666666664,0.028894862097505365,3.4593508689729684,2.7099934375939525,2.583237841353258,0.1267555965015428,71.64109740590331
2.1573957660664393,0.22707600000000008,746.3152354556534,4.999685206653618,0.9899819392306359,0.945900955158276,1.66967679489401e-05,0.0020106301978170377,0.00157650159193046,0.0015030332853199898,7.346830676218062e-05,0.041666666666666664,0.028716851645278364,3.458092565028059,2.711432684005532,2.585074189474462,0.12635849479199773,71.66270076214883
2.164635349174045,0.22783800000000007,746.101827112613,4.9996842017713785,0.9900466445366246,0.9461171242680705,1.6588925772292188e-05,0.0020092969125950558,0.0015768618737801176,0.0015036460068426568,7.321586708917109e-05,0.041666666666666664,0.02853996747001595,3.456840383169829,2.712869247842475,2.5869069951103367,0.12596225299314392,71.68428670871981
2.1718749322816504,0.22860000000000008,745.8886846610377,4.999683197191553,0.9901109179395184,0.9463324585927543,1.64818034341358e-05,0.002007968472768654,0.0015772207643212572,0.0015042566655867797,7.296409888618785e-05,0.041666666666666664,0.02836420346124622,3.4555943184844966,2.714303130800328,2.5887362563899194,0.12556687467149347,71.70585522440598
2.179114515389256,0.2293620000000001,745.6758080164822,4.999682192913721,0.9901747620062888,0.9465469599163575,1.6375396656185147e-05,0.002006644870722583,0.0015775782665272626,0.0015048652632208396,7.271300345813321e-05,0.041666666666666664,0.028189553498057213,3.4543543660342824,2.715734334584525,2.5905619714505543,0.12517236339513374,71.72740628802251
2.1863540984968615,0.23012400000000008,745.4631970945015,4.999681188937458,0.9902381793039073,0.94676063002291,1.6269701160154432e-05,0.002005326098841596,0.0015779343833715168,0.0015054718014133176,7.24625821099095e-05,0.041666666666666664,0.028016011449110808,3.4531205208574094,2.7171628609103724,2.592384138437896,0.12477872273371779,71.74893987840996
2.1935936816044665,0.23088600000000004,745.2508518106507,4.999680185262343,0.9903011723993452,0.9469734706964423,1.6164712667757876e-05,0.0020040121495104443,0.001578289117827404,0.0015060762818326953,7.221283614641902e-05,0.041666666666666664,0.027843571172656827,3.4518927779681112,2.71858871150306,2.594202755505925,0.12438595625845493,71.77045597443454
2.200833264712072,0.23164800000000005,745.0387720804847,4.999679181887953,0.9903637438595742,0.9471854837209842,1.606042690070967e-05,0.00200270301511388,0.0015786424728683071,0.0015066787061474535,7.196376687256406e-05,0.041666666666666664,0.027672226516546963,3.4506711323566384,2.7200118880976523,2.5960178208169493,0.123994067542101,71.79195455498808
2.2080728478196776,0.23241000000000006,744.8269578195583,4.999678178813866,0.9904258962515655,0.9473966708805659,1.5956839580724026e-05,0.0020013986880366547,0.0015789944514676098,0.0015072790760260733,7.171537559324693e-05,0.041666666666666664,0.02750197131824901,3.449455578989269,2.7214323924390893,2.597829332541617,0.12360306015894913,71.81343559898808
2.215312430927283,0.23317200000000005,744.6154089434267,4.9996771760396586,0.9904876321422909,0.9476070339592174,1.5853946429515158e-05,0.0020000991606635202,0.0015793450565986958,0.001507877393137036,7.146766361336997e-05,0.041666666666666664,0.027332799404861,3.4482461128083117,2.7228502262821856,2.59963728885892,0.12321293768481995,71.83489908537788
2.2225520140348887,0.23393400000000006,744.4041253676447,4.99967617356491,0.9905489540987217,0.9478165747409688,1.575174316879727e-05,0.0019988044253792287,0.001579694291234948,0.001508473659148823,7.122063223783546e-05,0.041666666666666664,0.02716470459312536,3.4470427287321175,2.7242653913916284,2.6014416879562092,0.12282370369705216,71.85634499312671
2.229791597142494,0.23469600000000004,744.1931070077675,4.999675171389197,0.9906098646878292,0.9480252950098502,1.565022552028457e-05,0.0019975144745685313,0.0015800421583497504,0.0015090678757299152,7.097428277154572e-05,0.041666666666666664,0.02699768068944322,3.4458454216550853,2.7256778895419775,2.6032425280291958,0.1224353617744929,71.87777330122971
2.2370311802500997,0.23545800000000006,743.9823537793498,4.9996741695120965,0.9906703664765852,0.9482331965498919,1.5549389205691266e-05,0.001996229300616181,0.0015803886609164865,0.0015096600445487938,7.072861651940308e-05,0.041666666666666664,0.026831721489888695,3.444654186447672,2.7270877225176617,2.605039807281962,0.1220479154974883,71.89918398870816
2.2442707633577053,0.23622000000000007,743.7718655979467,4.999673167933187,0.990730462031961,0.9484402811451237,1.5449229946731568e-05,0.001994948895906929,0.0015807338019085395,0.00151025016727394,7.048363478630982e-05,0.041666666666666664,0.026666820780223238,3.4434690179563963,2.7284948921129772,2.6068335239269698,0.12166136844787363,71.92057703460937
2.251510346465311,0.23698200000000005,743.5616423791131,4.999672166652046,0.9907901539209282,0.9486465505795757,1.5349743465119683e-05,0.001993673252825527,0.001581077584299293,0.001510838245573835,7.023933887716826e-05,0.041666666666666664,0.026502972335910063,3.442289911003851,2.729899400132089,2.6086236761850694,0.12127572420896404,71.94195241800689
2.2587499295729163,0.23774400000000007,743.3516840384041,4.999671165668251,0.9908494447104581,0.9488520066372782,1.5250925482569818e-05,0.001992402363756727,0.0015814200110621304,0.00151142428111696,6.999573009688071e-05,0.041666666666666664,0.026340169922128568,3.4411168603887083,2.731301248389026,2.6104102622855025,0.12089098636554473,71.96331011800063
2.265989512680522,0.23850600000000008,743.1419904913746,4.99967016498138,0.9909083369675222,0.9490566511022611,1.5152771720796182e-05,0.0019911362210852813,0.0015817610851704353,0.001512008275571796,6.975280975034947e-05,0.041666666666666664,0.02617840729378884,3.4399498608857324,2.7327004387076816,2.61219328046592,0.12050715850386141,71.98465011371677
2.2732290957881274,0.23926800000000006,742.9325616535795,4.999669164591009,0.9909668332590923,0.9492604857585545,1.5055277901512983e-05,0.001989874817195941,0.001582100809597591,0.0015125902306068245,6.951057914247687e-05,0.041666666666666664,0.02601767819554623,3.438788907245781,2.734096972921811,2.6139727289723775,0.12012424421161069,72.00597238430801
2.280468678895733,0.24003000000000008,742.7233974405738,4.999668164496717,0.9910249361521394,0.9494635123901887,1.4958439746434428e-05,0.001988618144473459,0.0015824391873169813,0.0015131701478905263,6.926903957816521e-05,0.041666666666666664,0.025857976361815905,3.437633994195821,2.735490852875031,2.6157486060593547,0.11974224707793045,72.02727690895352
2.2877082620033384,0.2407920000000001,742.5144977679124,4.999667164698082,0.9910826482136351,0.9496657327811935,1.4862252977274724e-05,0.001987366195302586,0.0015827762213019893,0.0015137480290913828,6.90281923623168e-05,0.041666666666666664,0.0256992955167875,3.4364851164389316,2.7368820804208136,2.6175209099897554,0.11936117069339008,72.04856366685921
2.294947845110944,0.24155400000000007,742.3058625511504,4.9996661651946805,0.9911399720105512,0.9498671487155993,1.4766713315748081e-05,0.0019861189620680748,0.0015831119145259989,0.0015143238758778751,6.878803879983394e-05,0.041666666666666664,0.02554162937443984,3.435342268654315,2.7382706574224907,2.6192896390349185,0.11898101864998104,72.06983263725753
2.3021874282185495,0.2423160000000001,742.0974917058428,4.999665165986092,0.9911969101098588,0.9500677619774359,1.4671816483568707e-05,0.0019848764371546766,0.0015834462699623932,0.0015148976899184846,6.854858019561896e-05,0.041666666666666664,0.02538497163855563,3.434205445497308,2.7396565857532473,2.6210547914746276,0.11860179454110706,72.09108379940783
2.3094270113261546,0.24307800000000004,741.8893851475444,4.9996641670718915,0.9912534650785295,0.9502675743507334,1.4577558202450814e-05,0.001983638612947144,0.0015837792905845558,0.0015154694728816921,6.830981785457417e-05,0.041666666666666664,0.02522931600273631,3.433074641599387,2.741039867296123,2.6228163655971133,0.11822350196157452,72.11231713259626
2.31666659443376,0.24384000000000006,741.6815427918103,4.999663168451657,0.9913096394835348,0.9504665876195222,1.4483934194108601e-05,0.001982405481830228,0.0015841109793658704,0.001516039226435979,6.807175308160185e-05,0.041666666666666664,0.025074656150416777,3.431949851568177,2.7424205039440084,2.6245743596990674,0.11784614450758266,72.13353261613591
2.3239061775413656,0.24460200000000004,741.4739645541955,4.999662170124968,0.9913654358918462,0.9506648035678321,1.439094018025628e-05,0.001981177036188681,0.0015844413392797202,0.0015166069522498263,6.783438718160432e-05,0.041666666666666664,0.024920985754880373,3.4308310699874642,2.7437984975996415,2.6263287720856465,0.11746972577671407,72.15473022936692
2.331145760648971,0.24536400000000005,741.2666503502547,4.999661172091401,0.9914208568704351,0.9508622239796932,1.4298571882608058e-05,0.0019799532684072548,0.0015847703732994889,0.0015171726519917152,6.759772145948391e-05,0.041666666666666664,0.02476829847927379,3.429718291417203,2.7451738501756098,2.6280796010704806,0.11709424936792497,72.17590995165656
2.3383853437565767,0.24612600000000007,741.0596000955431,4.999660174350534,0.9914759049862731,0.9510588506391359,1.4206825022878146e-05,0.001978734170870701,0.0015850980843985598,0.0015177363273301272,6.736175722014292e-05,0.041666666666666664,0.024616587976621977,3.4286115103935253,2.7465465635943445,2.6298268449756823,0.11671971888153534,72.19707176239922
2.3456249268641822,0.24688800000000005,740.8528137056157,4.999659176901943,0.9915305828063316,0.9512546853301899,1.4115695322780748e-05,0.0019775197359637718,0.0015854244755503166,0.0015182979799335432,6.712649576848365e-05,0.041666666666666664,0.024465847889843257,3.4275107214287477,2.7479166397881203,2.631570502131851,0.11634613791921931,72.21821564101657
2.3528645099717878,0.24765000000000006,740.6462910960274,4.999658179745207,0.9915848928975819,0.9514497298368854,1.4025178504030075e-05,0.0019763099560712186,0.0015857495497281424,0.0015188576114704443,6.68919384094084e-05,0.041666666666666664,0.024316071851764338,3.426415919011388,2.749284080699054,2.6333105708780855,0.11597351008399556,72.23934156695765
2.3601040930793933,0.24841200000000008,740.4400321823331,4.999657182879904,0.9916388378269958,0.9516439859432526,1.3935270288340334e-05,0.0019751048235777937,0.0015860733099054211,0.0015194152236093117,6.665808644781951e-05,0.041666666666666664,0.024167253485135456,3.42532709760617,2.7506488882791,2.6350470495619867,0.11560183898021736,72.26044951969895
2.367343676186999,0.24917400000000006,740.2340368675355,4.999656186305616,0.9916924198090531,0.9518374554437997,1.3845966984911538e-05,0.001973904330210908,0.0015863957590729995,0.0015199708186410402,6.642494058366973e-05,0.041666666666666664,0.02401938742221585,3.4242442505743265,2.752011064569068,2.6367799376660854,0.11523112716616271,72.2815394800241
2.3745832592946043,0.24993600000000007,740.0283047982381,4.999655190022001,0.991745634388454,0.9520301402658616,1.3757276019243444e-05,0.0019727084556961628,0.0015867169004431028,0.001520524410415579,6.619249017923443e-05,0.041666666666666664,0.023872487584594364,3.4231673516441363,2.7533706129839723,2.638509255680017,0.11486135756721244,72.30261145448274
2.38182284240221,0.2506980000000001,739.82283607327,4.999654194028551,0.9917984893355725,0.9522220420520708,1.3669184440712517e-05,0.0019715172020332993,0.0015870367367534514,0.001521075991457745,6.596074544741678e-05,0.041666666666666664,0.023726532524067544,3.4220964109957848,2.7547275343888766,2.6402349854472567,0.11449254920495439,72.32366540403605
2.3890624255098154,0.2514600000000001,739.6176306157969,4.999653198324853,0.9918509868161455,0.9524131627039288,1.3581688639757618e-05,0.0019703305601552006,0.0015873552711732149,0.001521625564496317,6.572970682860833e-05,0.041666666666666664,0.0235815169896848,3.4210314204658596,2.7560818311105764,2.64195712719188,0.1141247041821075,72.3447013081481
2.396302008617421,0.25222200000000006,739.4126883489846,4.999652202910494,0.9919031289959095,0.9526035041229375,1.3494785006817604e-05,0.00196914852099475,0.0015876725068715626,0.0015221731322600724,6.549937476320065e-05,0.041666666666666664,0.02343743572183668,3.4199723718642576,2.7574335054860426,2.643675681148586,0.11375782460094408,72.36571914630979
2.4035415917250265,0.2529840000000001,739.2080091959988,4.999651207785061,0.9919549180406012,0.9527930682105985,1.3408469932331337e-05,0.00196797107548483,0.0015879884470176642,0.0015227186974777892,6.526974969158532e-05,0.041666666666666664,0.02329428345226744,3.418919256974206,2.7587825598624285,2.6453906475627083,0.11339191256328372,72.38671889803902
2.410781174832632,0.2537460000000001,739.0035930800054,4.999650212948142,0.9920063561159574,0.9529818568684135,1.3322739806737673e-05,0.0019667982145583234,0.0015883030947806893,0.0015232622628782457,6.50408320541539e-05,0.041666666666666664,0.023152054904087446,3.417872067552273,2.760128996597057,2.6471020266902094,0.11302697017048723,72.40770054288065
2.418020757940237,0.25450800000000007,738.7994399241702,4.9996492183993215,0.9920574453877147,0.9531698719978843,1.3237591020475475e-05,0.001965629929148113,0.0015886164533298072,0.0015238038311902197,6.481262229129799e-05,0.041666666666666664,0.023010744791785765,3.41683079532839,2.761472818057422,2.6488098187976883,0.11266299952345066,72.42866406040663
2.4252603410478426,0.25527000000000005,738.595549651659,4.999648224138189,0.9921081880216099,0.9533571155005128,1.3153019963983594e-05,0.001964466210187082,0.0015889285258341881,0.0015243434051424893,6.458512084340914e-05,0.041666666666666664,0.022870347821242747,3.4157954320058663,2.762814026621187,2.65051402416238,0.11230000272259938,72.44960943021619
2.432499924155448,0.25603200000000004,738.3919221856376,4.9996472301643315,0.9921585861833795,0.9535435892778005,1.3069023027700894e-05,0.001963307048608113,0.0015892393154630009,0.0015248809874638324,6.435832815087893e-05,0.041666666666666664,0.02273085868974262,3.4147659692614045,2.7641526246761736,2.6522146430721603,0.1119379818678819,72.47053663193573
2.4397395072630537,0.2567940000000001,738.1885574492717,4.999646236477335,0.9922086420387602,0.9537292952312494,1.2985596602066234e-05,0.001962152435344089,0.0015895488253854157,0.0015254165808830272,6.413224465409892e-05,0.041666666666666664,0.022592272085986218,3.4137423987451254,2.765488614620368,2.6539116758255483,0.11157693905876404,72.49144564521906
2.446979090370659,0.25755600000000006,737.9854553657271,4.999645243076786,0.9922583577534889,0.9539142352623609,1.2902737077518472e-05,0.001961002361327893,0.0015898570587706015,0.0015259501881288513,6.39068707934607e-05,0.041666666666666664,0.02245458269010359,3.4127247120805735,2.766821998861911,2.6556051227317097,0.11121687639422295,72.51233644974737
2.4542186734782647,0.25831800000000005,737.7826158581698,4.999644249962273,0.9923077354933021,0.9540984112726371,1.2820440844496466e-05,0.0019598568174924074,0.0015901640187877286,0.0015264818119300832,6.368220700935584e-05,0.041666666666666664,0.022317785173666813,3.4117129008647433,2.768152779819099,2.6572949841104547,0.11085779597274084,72.53320902522937
2.4614582565858703,0.2590800000000001,737.5800388497655,4.999643257133382,0.9923567774239366,0.9542818251635794,1.2738704293439076e-05,0.0019587157947705157,0.0015904697086059657,0.0015270114550155003,6.345825374217591e-05,0.041666666666666664,0.02218187419970274,3.410706956668093,2.769480959920372,2.658981260292246,0.11049969989229926,72.55406335140138
2.468697839693476,0.2598420000000001,737.3777242636799,4.9996422645897,0.992405485711129,0.9544644788366897,1.2657523814785161e-05,0.0019575792840951,0.001590774131394483,0.0015275391201138811,6.323501143231248e-05,0.041666666666666664,0.022046844422705873,3.4097068710345653,2.7708065416043235,2.6606639516182,0.11014259025037301,72.57489940802742
2.4759374228010813,0.26060400000000006,737.1756720230787,4.999641272330815,0.9924538625206158,0.95464637419347,1.2576895798973581e-05,0.001956447276399044,0.00159107729032245,0.0015280648099540034,6.301248052015712e-05,0.041666666666666664,0.021912690488651132,3.4087126354816033,2.7721295273196858,2.6623430584400856,0.10978646914392409,72.59571717489918
2.483177005908687,0.2613660000000001,736.973882051128,4.9996402803563145,0.992501910018134,0.9548275131354217,1.2496816636443193e-05,0.0019553197626152297,0.0015913791885590362,0.0015285885272646451,6.279066144610142e-05,0.041666666666666664,0.02177940703500683,3.4077242415001647,2.7734499195253264,2.664018581120331,0.1094313386693957,72.6165166318362
2.4904165890162924,0.2621280000000001,736.7723542709936,4.999639288665783,0.9925496303694203,0.9550078975640465,1.2417282717632857e-05,0.001954196733676541,0.001591679829273411,0.0015291102747745846,6.256955465053693e-05,0.041666666666666664,0.021646988690747604,3.406741680554749,2.774767720690254,2.665690520032024,0.10907720092270626,72.63729775868599
2.497656172123898,0.26289000000000007,736.5710886058409,4.99963829725881,0.9925970257402111,0.9551875293808464,1.2338290432981431e-05,0.0019530781805158599,0.001591979215634744,0.0015296300552125994,6.234916057385523e-05,0.041666666666666664,0.02151543007636738,3.4057649440834044,2.7760829332936057,2.667358875558914,0.10872405799924348,72.65806053532403
2.5048957552315034,0.2636520000000001,736.3700849788361,4.99963730613498,0.9926440982962433,0.955366410487323,1.2259836172927774e-05,0.0019519640940660696,0.001592277350812205,0.0015301478713074677,6.212947965644792e-05,0.041666666666666664,0.021384725803892377,3.4047940234977556,2.777395559824644,2.669023648095413,0.10837191199385822,72.67880494165378
2.512135338339109,0.2644140000000001,736.1693433131447,4.999636315293884,0.9926908502032535,0.955544542784978,1.2181916327910745e-05,0.001950854465260053,0.0015925742379749635,0.0015306637257879675,6.191051233870653e-05,0.041666666666666664,0.02125487047689422,3.4038289101830195,2.778705602782759,2.6706848380466037,0.1080207650008586,72.69953095760704
2.5193749214467145,0.2651760000000001,735.9688635319328,4.999635324735105,0.9927372836269784,0.9557219281753133,1.2104527288369204e-05,0.0019497492850306928,0.001592869880292189,0.0015311776213828767,6.169225906102265e-05,0.041666666666666664,0.02112585869050298,3.402869595498018,2.780013064677457,2.6723424458282308,0.10767061911400386,72.72023856314364
2.52661450455432,0.2659380000000001,735.768645558366,4.999634334458231,0.9927834007331547,0.9558985685598305,1.2027665444742009e-05,0.001948648544310872,0.001593164280933051,0.0015316895608209736,6.147472026378786e-05,0.041666666666666664,0.020997685031420344,3.401916070775205,2.781317948028362,2.673996471866717,0.1073214764264986,72.74092773825187
2.533854087661925,0.26670000000000005,735.5686893156102,4.999633344462851,0.9928292036875193,0.9560744658400314,1.1951327187468023e-05,0.0019475522340334736,0.0015934574430667191,0.0015321995468310357,6.125789638739374e-05,0.041666666666666664,0.020870344077932798,3.400968327320681,2.782620255365209,2.675646916599151,0.10697333903098656,72.76159846294838
2.5410936707695306,0.26746200000000003,735.368994726831,4.999632354748551,0.9928746946558084,0.9562496219174177,1.1875508906986097e-05,0.0019464603451313802,0.001593749369862363,0.0015327075821418416,6.104178787223184e-05,0.041666666666666664,0.0207438303999248,3.400026356414211,2.7839199892278423,2.6772937804733012,0.10662620901954467,72.78225071727827
2.548333253877136,0.2682240000000001,735.1695617151944,4.999631365314916,0.992919875803759,0.9564240386934911,1.1800206993735094e-05,0.001945372868537475,0.001594040064489152,0.0015332136694821688,6.0826395158693734e-05,0.041666666666666664,0.02061813855889209,3.3990901493092456,2.785217152166207,2.678937063947609,0.10628008848367704,72.80288448131519
2.5555728369847417,0.26898600000000006,734.9703902038661,4.999630376161536,0.9929647492971078,0.9565977180697536,1.1725417838153871e-05,0.0019442897951846402,0.001594329530116256,0.0015337178115807954,6.0611718687171007e-05,0.041666666666666664,0.020493263107954948,3.3981596972329395,2.786511746740351,2.6805767674911958,0.10593497951430912,72.82349973516148
2.562812420092347,0.26974800000000004,734.7714801372922,4.999629387288033,0.9930093162415815,0.9567706622505835,1.165113959736417e-05,0.0019432111122198972,0.0015946177704176392,0.0015342200139427718,6.039775662657754e-05,0.041666666666666664,0.020369201680339115,3.3972349847424117,2.787803776382335,2.6822128964176915,0.10559088022987173,72.84409645841005
2.5700520031999528,0.2705100000000001,734.572831399433,4.999628398694019,0.9930535773261381,0.9569428732492672,1.1577371123103146e-05,0.0019421368073695995,0.0015949047887487788,0.0015347202821307904,6.018450676969887e-05,0.041666666666666664,0.020245953120516455,3.396315997607507,2.789093244169926,2.683845456342027,0.10524778809320308,72.86467463568786
2.5772915863075583,0.27127200000000007,734.3744438459491,4.999627410379003,0.9930975363971288,0.9571143523389116,1.1504106004785294e-05,0.0019410668785569542,0.0015951905872315195,0.001535218613977954,5.997197340527591e-05,0.041666666666666664,0.020123507064067334,3.3954027393541044,2.790380150994298,2.6854744393368963,0.10490571192277987,72.88523425062567
2.584531169415164,0.27203400000000005,734.1763174074399,4.999626422342585,0.9931411952990494,0.9572851015222811,1.143134116825083e-05,0.0019400013155043592,0.0015954751692038019,0.0015357150130859843,5.976015626952803e-05,0.041666666666666664,0.020001858969565595,3.3944951989765055,2.791664499743152,2.6870998474355425,0.10456465257306306,72.90577528324185
2.5917707525227693,0.2727960000000001,733.9784520145045,4.999625434584357,0.993184555876396,0.9574551228021397,1.1359073539339971e-05,0.0019389401079342129,0.0015957585380035662,0.001536209483056602,5.954905509867458e-05,0.041666666666666664,0.01988100428832931,3.3935933654404042,2.7929462933145546,2.6887216826835587,0.10422461089652377,72.92629771358284
2.599010335630375,0.2735580000000001,733.780847597742,4.9996244471039155,0.9932276199736643,0.9576244181812517,1.1287300043892928e-05,0.0019378832455689131,0.0015960406969687529,0.0015367020274915284,5.9338669628934937e-05,0.041666666666666664,0.019760938464431856,3.392697227682915,2.7942255346169333,2.690339947138896,0.10388558774364037,72.94680152172312
2.6062499187379804,0.27432000000000006,733.5835040877516,4.999623459900855,0.9932703894353501,0.9577929896623815,1.1216017607749921e-05,0.0019368307181308582,0.0015963216494373025,0.0015371926499924843,5.912899959652846e-05,0.041666666666666664,0.019641656934713106,3.391806774612595,2.795502226569075,2.691954642871856,0.1035475839628957,72.96728668776537
2.613489501845586,0.2750820000000001,733.3864214151325,4.999622472974772,0.9933128661059494,0.957960839248293,1.1145223156751163e-05,0.0019357825153424463,0.001596601398747155,0.001537681354161191,5.892004473767452e-05,0.041666666666666664,0.01952315512879055,3.390921995109473,2.7967763721001133,2.693565771965091,0.10321060040077416,72.98775319184053
2.6207290849531915,0.2758440000000001,733.1895995104837,4.99962148632526,0.9933550518299579,0.9581279689417509,1.107491361673687e-05,0.0019347386269260752,0.0015968799482362515,0.0015381681435993693,5.871180478859248e-05,0.041666666666666664,0.01940542846907055,3.390042878025073,2.7980479741495317,2.6951733365135992,0.10287463790175896,73.00820101410791
2.627968668060797,0.2766060000000001,732.9930383044045,4.9996204999519165,0.9933969484518717,0.9582943807455191,1.1005085913547254e-05,0.0019336990426041432,0.0015971573012425319,0.0015386530219087405,5.850427948550169e-05,0.041666666666666664,0.019288472370759525,3.3891694121824365,2.7993170356671513,2.6967773386247225,0.10253969730832917,73.02863013475518
2.6352082511684025,0.2773680000000001,732.796737727494,4.999619513854334,0.9934385578161865,0.958460076662362,1.0935736973022537e-05,0.0019326637520990485,0.0015974334611039368,0.0015391359926910256,5.829746856462154e-05,0.041666666666666664,0.019172282241875272,3.3883015863761545,2.800583559613129,2.6983777804181477,0.10220577946095706,73.04904053399854
2.6424478342760076,0.27813000000000004,732.6006977103514,4.99961852803211,0.9934798817673982,0.9586250586950439,1.0866863721002933e-05,0.001931632745133189,0.0015977084311584065,0.0015396170595479454,5.809137176217139e-05,0.041666666666666664,0.019056853483258265,3.3874393893723886,2.8018475489579537,2.699974664025898,0.10187288519810526,73.06943219208273
2.649687417383613,0.2788920000000001,732.4049181835758,4.999617542484839,0.9935209221500028,0.9587893288463288,1.079846308332865e-05,0.0019306060114289629,0.0015979822147438815,0.0015400962260812214,5.7885988814370586e-05,0.041666666666666664,0.018942181488582954,3.3865828099089006,2.8031090066824373,2.701567991592337,0.1015410153562238,73.08980508928121
2.6569270004912187,0.27965400000000007,732.2093990777663,4.999616557212116,0.993561680808496,0.9589528891189814,1.073053198583991e-05,0.0019295835407087685,0.0015982548151983024,0.0015405734958925743,5.76813194574385e-05,0.041666666666666664,0.018828261644369203,3.3857318366950766,2.8043679357777127,2.7031577652741623,0.10121017076974761,73.11015920589614
2.664166583598824,0.28041600000000005,732.0141403235222,4.999615572213536,0.9936021595873737,0.9591157415157656,1.0663067354376928e-05,0.0019285653226950035,0.0015985262358596095,0.0015410488725837253,5.747736342759451e-05,0.041666666666666664,0.018715089329993648,3.3848864584119513,2.8056243392452243,2.7047439872404024,0.10088035227109347,73.1304945222585
2.6714061667064297,0.28117800000000004,731.8191418514425,4.999614587488695,0.9936423603311321,0.9592778880394457,1.0596066114779916e-05,0.0019275513471100662,0.001598796480065743,0.0015415223597563953,5.7274120461057966e-05,0.041666666666666664,0.018602659917701162,3.3840466637122417,2.806878220096728,2.7063266596724156,0.1005515606906574,73.15081101872819
2.6786457498140352,0.2819400000000001,731.6244035921264,4.999613603037187,0.9936822848842665,0.959439330692786,1.0529525192889092e-05,0.001926541603676355,0.0015990655511546434,0.0015419939610123055,5.7071590294048237e-05,0.041666666666666664,0.01849096877261631,3.3832124412203637,2.808129581354281,2.7079057847638888,0.10022379685681175,73.17110867569406
2.6858853329216408,0.28270200000000006,731.4299254761731,4.999612618858609,0.9937219350912733,0.9596000714785509,1.0463441514544673e-05,0.0019255360821162674,0.0015993334524642515,0.001542463679953177,5.686977266278469e-05,0.041666666666666664,0.018380011252754874,3.3823837795324665,2.809378426050239,2.70948136472083,0.09989706159590266,73.19138747357405
2.6931249160292463,0.28346400000000005,731.2357074341818,4.999611634952554,0.9937613127966479,0.9597601123995043,1.039781200558687e-05,0.001924534772152202,0.0015996001873325072,0.001542931520180731,5.666866730348669e-05,0.041666666666666664,0.018269782709035367,3.3815606672164567,2.8106247572272496,2.71105340176157,0.09957135573224701,73.21164739281524
2.700364499136852,0.2842260000000001,731.0417493967516,4.999610651318619,0.9938004198448864,0.9599194554584107,1.0332633591855902e-05,0.0019235376635065567,0.0015998657590973514,0.001543397485296688,5.64682739523736e-05,0.041666666666666664,0.018160278485290633,3.3807430928120237,2.8118685779382457,2.712621898116756,0.09924668008812997,73.2318884138939
2.7076040822444574,0.2849880000000001,730.8480512944816,4.9996096679564,0.9938392580804848,0.9600781026580343,1.0267903199191982e-05,0.0019225447459017297,0.001600130171096724,0.0015438615789027696,5.626859234566479e-05,0.041666666666666664,0.01805149391827943,3.379931044830671,2.813109891246441,2.7141868560293534,0.09892303548380202,73.25211051731561
2.714843665352063,0.28575000000000006,730.6546130579709,4.99960868486549,0.9938778293479388,0.9602360560011394,1.0203617753435327e-05,0.001921556009060119,0.0016003934266685658,0.0015443238046006966,5.606962221957961e-05,0.041666666666666664,0.01794342433769809,3.37912451175574,2.8143487002253273,2.715748277754639,0.0986004227374764,73.2723136836154
2.7220832484596684,0.2865120000000001,730.4614346178188,4.999607702045485,0.9939161354917444,0.9603933174904903,1.013977418042615e-05,0.001920571442704123,0.0016006555291508172,0.00154478416599219,5.587136331033745e-05,0.041666666666666664,0.01783606506619215,3.378323482042437,2.8155850079586626,2.717306165560198,0.0982788426653263,73.29249789335769
2.729322831567274,0.2872740000000001,730.2685159046245,4.99960671949598,0.9939541783563972,0.960549889128851,1.0076369406004671e-05,0.0019195910365561392,0.0016009164818814184,0.0015452426666789712,5.567381535415765e-05,0.041666666666666664,0.017729411419368096,3.3775279441178596,2.816818817540467,2.71886052172592,0.0979582960814821,73.31266312713639
2.7365624146748795,0.28803600000000007,730.0758568489869,4.999605737216571,0.9939919597863933,0.9607057729189861,1.00134003560111e-05,0.0019186147803385662,0.0016011762881983102,0.0015456993102627608,5.547697808725959e-05,0.041666666666666664,0.017623458705805076,3.3767378863810324,2.8180501320750238,2.720411348544002,0.0976387837980288,73.3328093655752
2.743801997782485,0.2887980000000001,729.8834573815053,4.999604755206853,0.9940294816262285,0.9608609708636595,9.950863956285658e-06,0.0019176426637738022,0.0016014349514394326,0.0015461541003452801,5.528085124586263e-05,0.041666666666666664,0.01751820222706668,3.375953297202925,2.819278954676862,2.72195864831894,0.0973203066250032,73.35293658932736
2.7510415808900905,0.2895600000000001,729.691317432779,4.999603773466421,0.9940667457203989,0.9610154849656356,9.888757132668555e-06,0.001916674676584245,0.001601692474942726,0.0015466070405282504,5.5085434566186135e-05,0.041666666666666664,0.017413637277712724,3.3751741649264826,2.8205052884707595,2.7235024233675236,0.09700286537039124,73.37304477907598
2.7582811639976956,0.2903220000000001,729.499436933407,4.99960279199487,0.9941037539134,0.9611693172276787,9.827076811000012e-06,0.0019157108084922926,0.0016019488620461313,0.0015470581344133921,5.4890727784449484e-05,0.041666666666666664,0.0173097591453111,3.3744004778666565,2.8217291365917356,2.725042676018839,0.09668646084012535,73.39313391553398
2.765520747105301,0.29108400000000006,729.3078158139883,4.999601810791796,0.9941405080497279,0.9613224696525531,9.765819917120239e-06,0.0019147510492203434,0.0016022041160875886,0.001547507385602427,5.4696730636872014e-05,0.041666666666666664,0.01720656311044963,3.373632224310434,2.8229505021850416,2.7265794086142616,0.09637109383808176,73.4132039794443
2.7727603302129067,0.29184600000000005,729.1164539675862,4.999600829856806,0.9941770090611936,0.9614749442475107,9.704984898010674e-06,0.0019137953869397355,0.001602458240412518,0.0015479547992331762,5.45034413310522e-05,0.041666666666666664,0.017104047128490455,3.3728693899579993,2.824169388565642,2.7281126263560007,0.09605676247701524,73.43325495538396
2.779999913320512,0.2926080000000001,728.925351282599,4.999599849189498,0.9942132579794197,0.9616267429879548,9.644570034300459e-06,0.0019128438102004846,0.0016027112383132582,0.0015484003801709465,5.431085829402213e-05,0.041666666666666664,0.01700220885755576,3.3721119611601558,2.825385798977229,2.7296423339928264,0.09574346525184989,73.45328682827144
2.7872394964281177,0.2933700000000001,728.7345077163664,4.999598868789461,0.9942492570951581,0.9617778679179788,9.584571508069896e-06,0.0019118963091932222,0.0016029631131966315,0.0015488441314114624,5.4118981936879456e-05,0.041666666666666664,0.016901042249389105,3.371359926828155,2.8265997366223616,2.731168532746952,0.09543120414292967,73.47329957647288
2.7944790795357233,0.29413200000000006,728.5439232037994,4.999597888656295,0.9942850080284603,0.9619283211061024,9.524986619232904e-06,0.001910952872827902,0.0016032138685101707,0.001549286057149704,5.392781151217718e-05,0.041666666666666664,0.016800543219604627,3.3706132736970056,2.8278112048774573,2.7326912260555685,0.09511997908948149,73.49329318076975
2.801718662643329,0.2948940000000001,728.3535976798091,4.999596908789604,0.9943205123993779,0.9620781046208454,9.465812667703393e-06,0.0019100134900144781,0.0016034635077014092,0.0015497261615806512,5.3737346272468324e-05,0.041666666666666664,0.016700707677608267,3.369871988472325,2.8290202071293216,2.7342104173692445,0.09480979002774272,73.51326762197328
2.8089582457509343,0.2956560000000001,728.1635310793065,4.999595929188987,0.9943557718279629,0.9622272205307277,9.40704695339528e-06,0.001909078149662904,0.0016037120342178796,0.0015501644488992842,5.354758547030589e-05,0.041666666666666664,0.016601531526608114,3.3691360578303717,2.8302267467751445,2.7357261101519224,0.09450063689096075,73.53322288092463
2.81619782885854,0.29641800000000007,727.9737233372024,4.999594949854048,0.9943907879342665,0.9623756709042692,9.348686776222478e-06,0.0019081468406831337,0.0016039594515071154,0.001550600923300583,5.335852835824289e-05,0.041666666666666664,0.016503010663624716,3.3684054684180786,2.831430827222492,2.73723830788091,0.09419251960939251,73.5531589384948
2.8234374119661454,0.2971800000000001,727.784174388408,4.999593970784386,0.9944255623383407,0.9625234578099896,9.2907294360989e-06,0.0019072195519851207,0.0016042057630166495,0.0015510355889795276,5.3170174188832345e-05,0.041666666666666664,0.016405140979501492,3.367680206853084,2.8326324518892974,2.738747014046876,0.09388543811030435,73.57307577558495
2.830676995073751,0.2979420000000001,727.5948841678344,4.999592991979604,0.9944600966602369,0.962670583316409,9.233172232938463e-06,0.001906296272478819,0.001604450972194015,0.0015514684501310983,5.298252221462725e-05,0.041666666666666664,0.016307918358915107,3.3669602597237676,2.8338316242038584,2.7402522321538427,0.09357939231797126,73.59297337312628
2.8379165781813565,0.2987040000000001,727.4058526103923,4.999592013439304,0.9944943925200069,0.9628170494920469,9.176012466655082e-06,0.0019053769910741824,0.001604695082486745,0.0015518995109502747,5.279557168818063e-05,0.041666666666666664,0.016211338680385916,3.366245613589281,2.8350283476048257,2.7417539657191767,0.09327438215367698,73.61285171208021
2.845156161288962,0.2994660000000001,727.217079650993,4.999591035163086,0.9945284515377024,0.9629628584054235,9.119247437162668e-06,0.0019044616966811647,0.0016049380973423726,0.0015523287756320375,5.26093218620455e-05,0.041666666666666664,0.01611539781628843,3.3655362549795824,2.836222625541202,2.7432522182735886,0.0929704075357134,73.63271077343838
2.8523957443965675,0.3002280000000001,727.0285652245475,4.999590057150552,0.9945622753333749,0.9631080121250584,9.062874444375137e-06,0.0019035503782097196,0.0016051800202084307,0.0015527562483713664,5.242377198877485e-05,0.041666666666666664,0.016020091632861794,3.3648321703954696,2.837414461472328,2.74474699336112,0.09266746837938024,73.65255053822284
2.859635327504173,0.3009900000000001,726.8403092659667,4.9995890794013045,0.9945958655270761,0.9632525127194715,9.006890788206403e-06,0.0019026430245698007,0.0016054208545324526,0.0015531819333632413,5.223892132092171e-05,0.041666666666666664,0.0159254159902203,3.364133346308612,2.8386038588678804,2.74623829453914,0.09236556459698492,73.67237098748602
2.866874910611778,0.3017520000000001,726.6523117101615,4.999588101914943,0.9946292237388578,0.9633963622571827,8.951293768570386e-06,0.0019017396246713621,0.0016056606037619713,0.0015536058348026426,5.20547691110391e-05,0.041666666666666664,0.015831366742363972,3.3634397691615887,2.8397908212078637,2.747726125378339,0.09206469609784204,73.69217210231092
2.8741144937193837,0.30251400000000006,726.4645724920432,4.999587124691071,0.9946623515887715,0.9635395628067118,8.896080685380988e-06,0.0019008401674243576,0.0016058992713445198,0.0015540279568845503,5.187131461168e-05,0.041666666666666664,0.015737939737189063,3.3627514253679163,2.840975351982602,2.749210489462717,0.09176486278827325,73.71195386381108
2.881354076826989,0.30327600000000005,726.2770915465226,4.999586147729289,0.9946952506968687,0.9636821164365788,8.841248838552132e-06,0.001899944641738741,0.0016061368607276313,0.0015544483038039442,5.1688557075397446e-05,0.041666666666666664,0.015645130816498737,3.3620683013120867,2.842157454692732,2.7506913903895867,0.09146606457160696,73.73171625313071
2.8885936599345947,0.3040380000000001,726.0898688085108,4.999585171029199,0.9947279226832014,0.9638240252153031,8.786795527997732e-06,0.0018990530365244657,0.0016063733753588385,0.0015548668797558047,5.150649575474444e-05,0.041666666666666664,0.01555293581601366,3.3613903833496015,2.8433371328491988,2.752168831769554,0.09116830134817802,73.75145925144483
2.8958332430422002,0.30480000000000007,725.9029042129188,4.999584194590402,0.994760369167821,0.963965291211405,8.7327180536317e-06,0.0018981653406914857,0.001606608818685675,0.0015552836889351116,5.132512990227399e-05,0.041666666666666664,0.015461350565382644,3.3607176578070015,2.8445143899732437,2.753642817226521,0.09087157301532749,73.77118283995921
