h2_co_molar_ratio,space_time_multiple_of_experiment1,catalyst_space_time_kg_s_mol_co,co_feed_mol_h,h2_feed_mol_h,n2_feed_mol_h,total_feed_mol_h,inlet_pressure_bar_abs,outlet_co_conversion_pct,outlet_ch4_yield_pct,peak_temperature_c,outlet_pressure_bar_abs,pressure_drop_pa,status,terminal_event,solver_function_evaluations,message
1.0,0.25,8.774999999999999,1.28,1.28,3.196,5.756,2.0,36.68353369288881,25.328696299139363,350.0,1.999999816246781,0.01837532190256752,completed,,191,The solver successfully reached the end of the integration interval.
1.2,0.25,8.774999999999999,1.28,1.536,3.196,6.0120000000000005,2.0,43.560554530354906,30.199996827749658,350.0,1.9999998097167604,0.019028323964448646,completed,,172,The solver successfully reached the end of the integration interval.
1.4,0.25,8.774999999999999,1.28,1.7919999999999998,3.196,6.268000000000001,2.0,49.8329518283916,34.7829095231296,350.0,1.9999998028499988,0.019715000118594617,completed,,154,The solver successfully reached the end of the integration interval.
1.6,0.25,8.774999999999999,1.28,2.048,3.196,6.524000000000001,2.0,55.43878224034555,39.03967186834474,350.0,1.9999997956361029,0.020436389720998704,completed,,145,The solver successfully reached the end of the integration interval.
1.8,0.25,8.774999999999999,1.28,2.3040000000000003,3.196,6.780000000000001,2.0,60.3479123010986,42.944410317951366,350.0,1.9999997880742466,0.021192575339227915,completed,,138,The solver successfully reached the end of the integration interval.
2.0,0.25,8.774999999999999,1.28,2.56,3.196,7.036,2.0,64.56013462285405,46.483116473370245,350.0,1.999999780171693,0.0219828306871932,completed,,131,The solver successfully reached the end of the integration interval.
2.2,0.25,8.774999999999999,1.28,2.8160000000000003,3.196,7.292,2.0,68.10177181561703,49.653378110126006,350.0,1.9999997719421165,0.02280578835052438,completed,,137,The solver successfully reached the end of the integration interval.
2.4000000000000004,0.25,8.774999999999999,1.28,3.0720000000000005,3.196,7.548,2.0,71.02040306237542,52.463296870637635,350.0,1.9999997634039142,0.023659608588786796,completed,,132,The solver successfully reached the end of the integration interval.
2.6,0.25,8.774999999999999,1.28,3.3280000000000003,3.196,7.804,2.0,73.37784226294946,54.92967194378634,350.0,1.9999997545784998,0.02454215002944693,completed,,133,The solver successfully reached the end of the integration interval.
2.8,0.25,8.774999999999999,1.28,3.5839999999999996,3.196,8.06,2.0,75.2429562993452,57.075487830899384,350.0,1.9999997454886653,0.025451133464230224,completed,,130,The solver successfully reached the end of the integration interval.
2.9968749999999997,0.25,8.774999999999999,1.28,3.836,3.196,8.312,2.0,76.6656698110822,58.90064592847107,350.0,1.99999973630483,0.026369516999693587,completed,,127,The solver successfully reached the end of the integration interval.
3.0,0.25,8.774999999999999,1.28,3.84,3.196,8.316,2.0,76.68529656932033,58.92746647629197,350.0,1.9999997361572834,0.026384271652204916,completed,,127,The solver successfully reached the end of the integration interval.
3.2,0.25,8.774999999999999,1.28,4.096,3.196,8.572000000000001,2.0,77.7704920301862,60.513842962441345,350.0,1.9999997266062657,0.027339373424183577,completed,,122,The solver successfully reached the end of the integration interval.
3.4000000000000004,0.25,8.774999999999999,1.28,4.352,3.196,8.828000000000001,2.0,78.55745971755776,61.86260187951703,350.0,1.999999716855939,0.02831440611043945,completed,,121,The solver successfully reached the end of the integration interval.
3.6,0.25,8.774999999999999,1.28,4.6080000000000005,3.196,9.084000000000001,2.0,79.09725568706094,63.00036287746723,350.0,1.9999997069246902,0.029307530989171937,completed,,123,The solver successfully reached the end of the integration interval.
3.8000000000000003,0.25,8.774999999999999,1.28,4.864000000000001,3.196,9.340000000000002,2.0,79.43311115417796,63.951691965717814,350.0,1.9999996968288547,0.030317114520585164,completed,,120,The solver successfully reached the end of the integration interval.
4.0,0.25,8.774999999999999,1.28,5.12,3.196,9.596,2.0,79.6009895078454,64.7388083019581,350.0,1.999999686582756,0.031341724388767034,completed,,115,The solver successfully reached the end of the integration interval.
4.2,0.25,8.774999999999999,1.28,5.376,3.196,9.852,2.0,79.63056550112748,65.38152236034695,350.0,1.999999676198837,0.0323801162885502,completed,,115,The solver successfully reached the end of the integration interval.
4.4,0.25,8.774999999999999,1.28,5.632000000000001,3.196,10.108,2.0,79.54620488251841,65.89737099242714,350.0,1.9999996656878503,0.03343121497891843,completed,,117,The solver successfully reached the end of the integration interval.
4.6,0.25,8.774999999999999,1.28,5.888,3.196,10.364,2.0,79.36789708703778,66.30174690349769,350.0,1.9999996550590258,0.034494097431888804,completed,,115,The solver successfully reached the end of the integration interval.
4.800000000000001,0.25,8.774999999999999,1.28,6.144000000000001,3.196,10.620000000000001,2.0,79.11206272504326,66.60816487364092,350.0,1.9999996443203065,0.035567969345720485,completed,,112,The solver successfully reached the end of the integration interval.
5.0,0.25,8.774999999999999,1.28,6.4,3.196,10.876000000000001,2.0,78.79222756621223,66.8284446870937,350.0,1.999999633478499,0.036652150098234415,completed,,112,The solver successfully reached the end of the integration interval.
1.0,0.2871745887492587,10.07982806509898,1.114304721019039,1.114304721019039,2.7822796002944132,5.010889042332492,2.0,37.94468173264729,25.948129103676308,350.0,1.999999858339532,0.014166046807076782,completed,,198,The solver successfully reached the end of the integration interval.
1.2,0.2871745887492587,10.07982806509898,1.114304721019039,1.337165665222847,2.7822796002944132,5.233749986536299,2.0,45.115987252140506,30.969879640495858,350.0,1.9999998534343135,0.014656568644568324,completed,,178,The solver successfully reached the end of the integration interval.
1.4,0.2871745887492587,10.07982806509898,1.114304721019039,1.5600266094266546,2.7822796002944132,5.456610930740107,2.0,51.6801032887798,35.70916679019708,350.0,1.9999998482740016,0.015172599843936041,completed,,166,The solver successfully reached the end of the integration interval.
1.6,0.2871745887492587,10.07982806509898,1.114304721019039,1.7828875536304627,2.7822796002944132,5.679471874943915,2.0,57.56761787437759,40.12610398680495,350.0,1.9999998428478598,0.01571521401638165,completed,,151,The solver successfully reached the end of the integration interval.
1.8,0.2871745887492587,10.07982806509898,1.114304721019039,2.0057484978342703,2.7822796002944132,5.9023328191477225,2.0,62.74123332354851,44.192400698161144,350.0,1.9999998371526104,0.01628473895834759,completed,,146,The solver successfully reached the end of the integration interval.
2.0,0.2871745887492587,10.07982806509898,1.114304721019039,2.228609442038078,2.7822796002944132,6.125193763351531,2.0,67.19501960650427,47.891700259063285,350.0,1.9999998311914813,0.016880851879250258,completed,,140,The solver successfully reached the end of the integration interval.
2.2,0.2871745887492587,10.07982806509898,1.114304721019039,2.451470386241886,2.7822796002944132,6.348054707555338,2.0,70.95186557552103,51.21960091233526,350.0,1.9999998249730622,0.01750269377953373,completed,,143,The solver successfully reached the end of the integration interval.
2.4000000000000004,0.2871745887492587,10.07982806509898,1.114304721019039,2.6743313304456944,2.7822796002944132,6.5709156517591465,2.0,74.0586801065373,54.18283604991254,350.0,1.9999998185101278,0.018148987233871594,completed,,143,The solver successfully reached the end of the integration interval.
2.6,0.2871745887492587,10.07982806509898,1.114304721019039,2.897192274649502,2.7822796002944132,6.793776595962954,2.0,76.57916528667575,56.7974923663827,350.0,1.9999998118182944,0.018818170559825376,completed,,142,The solver successfully reached the end of the integration interval.
2.8,0.2871745887492587,10.07982806509898,1.114304721019039,3.120053218853309,2.7822796002944132,7.016637540166761,2.0,78.5859203544138,59.086536400495724,350.0,1.999999804914757,0.01950852430309169,completed,,138,The solver successfully reached the end of the integration interval.
2.9968749999999997,0.2871745887492587,10.07982806509898,1.114304721019039,3.3394319608039327,2.7822796002944132,7.236016282117385,2.0,80.13156255488187,61.04802953170785,350.0,1.9999997979294302,0.020207056979415938,completed,,135,The solver successfully reached the end of the integration interval.
3.0,0.2871745887492587,10.07982806509898,1.114304721019039,3.3429141630571175,2.7822796002944132,7.23949848437057,2.0,80.15303260570347,61.076979287083454,350.0,1.9999997978171251,0.02021828747820109,completed,,135,The solver successfully reached the end of the integration interval.
3.2,0.2871745887492587,10.07982806509898,1.114304721019039,3.5657751072609254,2.7822796002944132,7.462359428574378,2.0,81.35063237405414,62.79753955129886,350.0,1.9999997905425568,0.020945744327036664,completed,,134,The solver successfully reached the end of the integration interval.
3.4000000000000004,0.2871745887492587,10.07982806509898,1.114304721019039,3.7886360514647333,2.7822796002944132,7.685220372778185,2.0,82.24151012325711,64.27671643902514,350.0,1.99999978310714,0.02168928598985076,completed,,129,The solver successfully reached the end of the integration interval.
3.6,0.2871745887492587,10.07982806509898,1.114304721019039,4.011496995668541,2.7822796002944132,7.908081316981993,2.0,82.87968063864537,65.5415282667048,350.0,1.9999997755255607,0.022447443916462362,completed,,130,The solver successfully reached the end of the integration interval.
3.8000000000000003,0.2871745887492587,10.07982806509898,1.114304721019039,4.234357939872349,2.7822796002944132,8.130942261185801,2.0,83.31038163819528,66.61679663817782,350.0,1.999999767810954,0.023218904592795298,completed,,129,The solver successfully reached the end of the integration interval.
4.0,0.2871745887492587,10.07982806509898,1.114304721019039,4.457218884076156,2.7822796002944132,8.353803205389609,2.0,83.57078642221711,67.52486395548746,350.0,1.9999997599749002,0.024002509977435693,completed,,125,The solver successfully reached the end of the integration interval.
4.2,0.2871745887492587,10.07982806509898,1.114304721019039,4.680079828279965,2.7822796002944132,8.576664149593416,2.0,83.69115898285753,68.28555753196196,350.0,1.9999997520275052,0.02479724946897477,completed,,122,The solver successfully reached the end of the integration interval.
4.4,0.2871745887492587,10.07982806509898,1.114304721019039,4.902940772483772,2.7822796002944132,8.799525093797225,2.0,83.69602391112072,68.91633635848274,350.0,1.9999997439775459,0.025602245412301272,completed,,122,The solver successfully reached the end of the integration interval.
4.6,0.2871745887492587,10.07982806509898,1.114304721019039,5.12580171668758,2.7822796002944132,9.02238603800103,2.0,83.60526056244723,69.43247083681337,350.0,1.9999997358325823,0.026416741777211428,completed,,120,The solver successfully reached the end of the integration interval.
4.800000000000001,0.2871745887492587,10.07982806509898,1.114304721019039,5.348662660891389,2.7822796002944132,9.24524698220484,2.0,83.43502107773605,69.8473343843668,350.0,1.999999727599144,0.02724008561926894,completed,,119,The solver successfully reached the end of the integration interval.
5.0,0.2871745887492587,10.07982806509898,1.114304721019039,5.571523605095195,2.7822796002944132,9.468107926408647,2.0,83.19850580568573,70.17260438888387,350.0,1.9999997192828574,0.028071714274119586,completed,,118,The solver successfully reached the end of the integration interval.
1.0,0.32987697769322355,11.578681917032144,0.9700586025666549,0.9700586025666549,2.4221150732836167,4.3622322784169265,2.0,39.181386908136126,26.545969402616223,350.0,1.9999998905001275,0.010949987248750404,completed,,205,The solver successfully reached the end of the integration interval.
1.2,0.32987697769322355,11.578681917032144,0.9700586025666549,1.1640703230799858,2.4221150732836167,4.556243998930258,2.0,46.63330742734675,31.70876448684557,350.0,1.9999998868065536,0.011319344630464911,completed,,189,The solver successfully reached the end of the integration interval.
1.4,0.32987697769322355,11.578681917032144,0.9700586025666549,1.3580820435933167,2.4221150732836167,4.750255719443588,2.0,53.471901153690204,36.592998773852024,350.0,1.999999882919279,0.011708072095643729,completed,,177,The solver successfully reached the end of the integration interval.
1.6,0.32987697769322355,11.578681917032144,0.9700586025666549,1.552093764106648,2.4221150732836167,4.944267439956919,2.0,59.62001259075623,41.1565124542742,350.0,1.99999987882802,0.012117197999032214,completed,,161,The solver successfully reached the end of the integration interval.
1.8,0.32987697769322355,11.578681917032144,0.9700586025666549,1.7461054846199788,2.4221150732836167,5.138279160470251,2.0,65.03257512710731,45.368457725029174,350.0,1.999999874528273,0.012547172693302855,completed,,152,The solver successfully reached the end of the integration interval.
2.0,0.32987697769322355,11.578681917032144,0.9700586025666549,1.9401172051333098,2.4221150732836167,5.332290880983582,2.0,69.6977247346355,49.21007732035026,350.0,1.999999870020774,0.012997922603972256,completed,,146,The solver successfully reached the end of the integration interval.
2.2,0.32987697769322355,11.578681917032144,0.9700586025666549,2.1341289256466407,2.4221150732836167,5.526302601496912,2.0,73.63506996018377,52.675110088154376,350.0,1.9999998653107223,0.013468927762005478,completed,,148,The solver successfully reached the end of the integration interval.
2.4000000000000004,0.32987697769322355,11.578681917032144,0.9700586025666549,2.328140646159972,2.4221150732836167,5.720314322010244,2.0,76.89157537883824,55.76929175661477,350.0,1.9999998604069549,0.013959304516902193,completed,,150,The solver successfully reached the end of the integration interval.
2.6,0.32987697769322355,11.578681917032144,0.9700586025666549,2.5221523666733026,2.4221150732836167,5.914326042523575,2.0,79.53403860111308,58.50856534470202,350.0,1.9999998553209268,0.014467907312791795,completed,,145,The solver successfully reached the end of the integration interval.
2.8,0.32987697769322355,11.578681917032144,0.9700586025666549,2.7161640871866335,2.4221150732836167,6.108337763036905,2.0,81.64024142670979,60.91640209126867,350.0,1.9999998500656961,0.01499343037721701,completed,,146,The solver successfully reached the end of the integration interval.
2.9968749999999997,0.32987697769322355,11.578681917032144,0.9700586025666549,2.9071443745669434,2.4221150732836167,6.299318050417215,2.0,83.26784364016467,62.99019073401772,350.0,1.999999844740592,0.0155259408056736,completed,,141,The solver successfully reached the end of the integration interval.
3.0,0.32987697769322355,11.578681917032144,0.9700586025666549,2.9101758076999644,2.4221150732836167,6.302349483550236,2.0,83.29051924992477,63.02089175301613,350.0,1.9999998446549216,0.015534507838310674,completed,,141,The solver successfully reached the end of the integration interval.
3.2,0.32987697769322355,11.578681917032144,0.9700586025666549,3.104187528213296,2.4221150732836167,6.496361204063568,2.0,84.56097568323663,64.8518868428986,350.0,1.9999998391021003,0.016089789976831526,completed,,139,The solver successfully reached the end of the integration interval.
3.4000000000000004,0.32987697769322355,11.578681917032144,0.9700586025666549,3.2981992487266267,2.4221150732836167,6.690372924576899,2.0,85.51940081405102,66.43888333913758,350.0,1.9999998334200242,0.0166579975921195,completed,,138,The solver successfully reached the end of the integration interval.
3.6,0.32987697769322355,11.578681917032144,0.9700586025666549,3.4922109692399577,2.4221150732836167,6.884384645090229,2.0,86.2235739348747,67.8097155503655,350.0,1.999999827620438,0.017237956199096516,completed,,136,The solver successfully reached the end of the integration interval.
3.8000000000000003,0.32987697769322355,11.578681917032144,0.9700586025666549,3.6862226897532886,2.4221150732836167,7.07839636560356,2.0,86.72118115691327,68.9897619689798,350.0,1.9999998217138983,0.017828610172728077,completed,,135,The solver successfully reached the end of the integration interval.
4.0,0.32987697769322355,11.578681917032144,0.9700586025666549,3.8802344102666195,2.4221150732836167,7.272408086116892,2.0,87.0508094022281,70.00166624324642,350.0,1.9999998157097405,0.018429025949444622,completed,,134,The solver successfully reached the end of the integration interval.
4.2,0.32987697769322355,11.578681917032144,0.9700586025666549,4.074246130779951,2.4221150732836167,7.466419806630222,2.0,87.2432796208238,70.86538276691013,350.0,1.9999998096161364,0.019038386351894587,completed,,131,The solver successfully reached the end of the integration interval.
4.4,0.32987697769322355,11.578681917032144,0.9700586025666549,4.268257851293281,2.4221150732836167,7.660431527143553,2.0,87.32310791255313,71.59833846732539,350.0,1.9999998034401878,0.019655981217510998,completed,,128,The solver successfully reached the end of the integration interval.
4.6,0.32987697769322355,11.578681917032144,0.9700586025666549,4.462269571806612,2.4221150732836167,7.854443247656883,2.0,87.309799434627,72.21570296088679,350.0,1.9999997971880492,0.020281195087591186,completed,,129,The solver successfully reached the end of the integration interval.
4.800000000000001,0.32987697769322355,11.578681917032144,0.9700586025666549,4.656281292319944,2.4221150732836167,8.048454968170216,2.0,87.21893332001058,72.73064410865071,350.0,1.99999979086502,0.020913498010486364,completed,,129,The solver successfully reached the end of the integration interval.
5.0,0.32987697769322355,11.578681917032144,0.9700586025666549,4.850293012833275,2.4221150732836167,8.242466688683546,2.0,87.06304386145617,73.15462819785249,350.0,1.9999997844756887,0.021552431135205552,completed,,125,The solver successfully reached the end of the integration interval.
1.0,0.37892914162759955,13.300412871128742,0.8444850628946523,0.8444850628946523,2.1085736414150853,3.79754376720439,2.0,40.39469574609813,27.123662870863164,350.0,1.9999999151136307,0.008488636929541826,completed,,213,The solver successfully reached the end of the integration interval.
1.2,0.37892914162759955,13.300412871128742,0.8444850628946523,1.0133820754735827,2.1085736414150853,3.96644077978332,2.0,48.114206893267166,32.41887619622833,350.0,1.999999912324867,0.008767513296334073,completed,,202,The solver successfully reached the end of the integration interval.
1.4,0.37892914162759955,13.300412871128742,0.8444850628946523,1.1822790880525131,2.1085736414150853,4.13533779236225,2.0,55.21079861925161,37.43755373730534,350.0,1.9999999093885321,0.009061146789463237,completed,,186,The solver successfully reached the end of the integration interval.
1.6,0.37892914162759955,13.300412871128742,0.8444850628946523,1.3511761006314438,2.1085736414150853,4.304234804941181,2.0,61.59871326373888,42.13497217534711,350.0,1.9999999062951663,0.009370483370730653,completed,,169,The solver successfully reached the end of the integration interval.
1.8,0.37892914162759955,13.300412871128742,0.8444850628946523,1.5200731132103742,2.1085736414150853,4.473131817520112,2.0,67.2247143382406,46.47755396416745,350.0,1.9999999030398214,0.009696017863461748,completed,,162,The solver successfully reached the end of the integration interval.
2.0,0.37892914162759955,13.300412871128742,0.8444850628946523,1.6889701257893046,2.1085736414150853,4.642028830099042,2.0,72.0705782070837,50.44407329458211,350.0,1.9999998996217316,0.010037826839834452,completed,,154,The solver successfully reached the end of the integration interval.
2.2,0.37892914162759955,13.300412871128742,0.8444850628946523,1.8578671383682352,2.1085736414150853,4.810925842677973,2.0,76.15264073524362,54.02646091762534,350.0,1.9999998960438619,0.010395613819127902,completed,,152,The solver successfully reached the end of the integration interval.
2.4000000000000004,0.37892914162759955,13.300412871128742,0.8444850628946523,2.026764150947166,2.1085736414150853,4.979822855256904,2.0,79.51851806731749,57.229699322210905,350.0,1.9999998923123166,0.01076876834849827,completed,,152,The solver successfully reached the end of the integration interval.
2.6,0.37892914162759955,13.300412871128742,0.8444850628946523,2.195661163526096,2.1085736414150853,5.148719867835833,2.0,82.23936445784918,60.07008670168466,350.0,1.9999998884355736,0.01115644263336435,completed,,150,The solver successfully reached the end of the integration interval.
2.8,0.37892914162759955,13.300412871128742,0.8444850628946523,2.3645581761050263,2.1085736414150853,5.317616880414764,2.0,84.39993568352098,62.57236493625846,350.0,1.9999998844236437,0.011557635618373752,completed,,148,The solver successfully reached the end of the integration interval.
2.9968749999999997,0.37892914162759955,13.300412871128742,0.8444850628946523,2.530816172862411,2.1085736414150853,5.483874877172148,2.0,86.06524857201116,64.73418027156245,350.0,1.999999880352766,0.011964723380515352,completed,,148,The solver successfully reached the end of the integration interval.
3.0,0.37892914162759955,13.300412871128742,0.8444850628946523,2.533455188683957,2.1085736414150853,5.4865138929936945,2.0,86.08843685336957,64.76624821962255,350.0,1.9999998802872323,0.011971276777330786,completed,,148,The solver successfully reached the end of the integration interval.
3.2,0.37892914162759955,13.300412871128742,0.8444850628946523,2.7023522012628876,2.1085736414150853,5.655410905572625,2.0,87.38850789809433,66.683331176861,350.0,1.9999998760370614,0.012396293866913766,completed,,145,The solver successfully reached the end of the integration interval.
3.4000000000000004,0.37892914162759955,13.300412871128742,0.8444850628946523,2.871249213841818,2.1085736414150853,5.824307918151556,2.0,88.37415224537618,68.35465155781657,350.0,1.9999998716833538,0.012831664615077898,completed,,143,The solver successfully reached the end of the integration interval.
3.6,0.37892914162759955,13.300412871128742,0.8444850628946523,3.0401462264207484,2.1085736414150853,5.993204930730486,2.0,89.10764560084687,69.8091919355261,350.0,1.9999998672355472,0.013276445271912962,completed,,142,The solver successfully reached the end of the integration interval.
3.8000000000000003,0.37892914162759955,13.300412871128742,0.8444850628946523,3.209043238999679,2.1085736414150853,6.162101943309417,2.0,89.63951401534177,71.07305823960311,350.0,1.9999998627021416,0.01372978583094664,completed,,141,The solver successfully reached the end of the integration interval.
4.0,0.37892914162759955,13.300412871128742,0.8444850628946523,3.377940251578609,2.1085736414150853,6.330998955888346,2.0,90.00985219682154,72.16936817836812,350.0,1.9999998580906615,0.0141909338417463,completed,,139,The solver successfully reached the end of the integration interval.
4.2,0.37892914162759955,13.300412871128742,0.8444850628946523,3.54683726415754,2.1085736414150853,6.4998959684672775,2.0,90.25002890958086,73.11826996629007,350.0,1.999999853407697,0.014659230306278914,completed,,136,The solver successfully reached the end of the integration interval.
4.4,0.37892914162759955,13.300412871128742,0.8444850628946523,3.7157342767364705,2.1085736414150853,6.6687929810462085,2.0,90.38440291067282,73.93722418755824,350.0,1.999999848658984,0.015134101588046178,completed,,134,The solver successfully reached the end of the integration interval.
4.6,0.37892914162759955,13.300412871128742,0.8444850628946523,3.8846312893154002,2.1085736414150853,6.837689993625138,2.0,90.43191143133016,74.64131966935962,350.0,1.9999998438494853,0.015615051466738805,completed,,137,The solver successfully reached the end of the integration interval.
4.800000000000001,0.37892914162759955,13.300412871128742,0.8444850628946523,4.053528301894332,2.1085736414150853,7.006587006204069,2.0,90.40732824144175,75.24354851034528,350.0,1.9999998389834848,0.016101651533972472,completed,,137,The solver successfully reached the end of the integration interval.
5.0,0.37892914162759955,13.300412871128742,0.8444850628946523,4.222425314473261,2.1085736414150853,7.175484018782998,2.0,90.32228422944526,75.75516737867478,350.0,1.9999998340646932,0.016593530686805025,completed,,135,The solver successfully reached the end of the integration interval.
1.0,0.43527528164806206,15.278162385846976,0.7351669471981024,0.7351669471981024,1.835619971285262,3.3059538656814667,2.0,41.58568886923145,27.682592988295095,350.0,1.9999999339865917,0.006601340835914016,completed,,205,The solver successfully reached the end of the integration interval.
1.2,0.43527528164806206,15.278162385846976,0.7351669471981024,0.8822003366377228,1.835619971285262,3.452987255121087,2.0,49.560423547773546,33.102317085610494,350.0,1.9999999318746353,0.006812536477809772,completed,,202,The solver successfully reached the end of the integration interval.
1.4,0.43527528164806206,15.278162385846976,0.7351669471981024,1.0292337260773432,1.835619971285262,3.6000206445607077,2.0,56.89907448066766,38.24571469805781,350.0,1.99999992964978,0.007035022019408643,completed,,195,The solver successfully reached the end of the integration interval.
1.6,0.43527528164806206,15.278162385846976,0.7351669471981024,1.176267115516964,1.835619971285262,3.747054034000328,2.0,63.506623236301316,43.065285673961604,350.0,1.9999999273035372,0.0072696462739259005,completed,,181,The solver successfully reached the end of the integration interval.
1.8,0.43527528164806206,15.278162385846976,0.7351669471981024,1.3233005049565842,1.835619971285262,3.8940874234399487,2.0,69.32100082610613,47.52451449194686,350.0,1.9999999248309672,0.007516903278883547,completed,,168,The solver successfully reached the end of the integration interval.
2.0,0.43527528164806206,15.278162385846976,0.7351669471981024,1.4703338943962048,1.835619971285262,4.041120812879569,2.0,74.31688261575702,51.59944978382387,350.0,1.9999999222304445,0.007776955550070852,completed,,163,The solver successfully reached the end of the integration interval.
2.2,0.43527528164806206,15.278162385846976,0.7351669471981024,1.6173672838358253,1.835619971285262,4.18815420231919,2.0,78.50742406599697,55.28033039053313,350.0,1.9999999195034777,0.00804965224233456,completed,,160,The solver successfully reached the end of the integration interval.
2.4000000000000004,0.43527528164806206,15.278162385846976,0.7351669471981024,1.764400673275446,1.835619971285262,4.33518759175881,2.0,81.9416298099419,58.571683043296744,350.0,1.9999999166542757,0.008334572426974773,completed,,153,The solver successfully reached the end of the integration interval.
2.6,0.43527528164806206,15.278162385846976,0.7351669471981024,1.9114340627150663,1.835619971285262,4.482220981198431,2.0,84.6963905048887,61.490684311193846,350.0,1.999999913689202,0.008631079806946218,completed,,155,The solver successfully reached the end of the integration interval.
2.8,0.43527528164806206,15.278162385846976,0.7351669471981024,2.0584674521546864,1.835619971285262,4.629254370638051,2.0,86.86529559490059,64.0640000832248,350.0,1.9999999106160424,0.008938395767472684,completed,,150,The solver successfully reached the end of the integration interval.
2.9968749999999997,0.43527528164806206,15.278162385846976,0.7351669471981024,2.2032034448843127,1.835619971285262,4.773990363367678,2.0,88.52343225525277,66.29067952643605,350.0,1.9999999074935848,0.009250641509424895,completed,,152,The solver successfully reached the end of the integration interval.
3.0,0.43527528164806206,15.278162385846976,0.7351669471981024,2.205500841594307,1.835619971285262,4.776287760077672,2.0,88.54643276961738,66.32374883818294,350.0,1.999999907443288,0.009255671204300597,completed,,152,The solver successfully reached the end of the integration interval.
3.2,0.43527528164806206,15.278162385846976,0.7351669471981024,2.352534231033928,1.835619971285262,4.923321149517292,2.0,89.83250703741277,68.30381318210922,350.0,1.9999999041795429,0.009582045720890164,completed,,152,The solver successfully reached the end of the integration interval.
3.4000000000000004,0.43527528164806206,15.278162385846976,0.7351669471981024,2.4995676204735484,1.835619971285262,5.070354538956913,2.0,90.80473868455458,70.03709672173822,350.0,1.999999900833052,0.009916694805724546,completed,,148,The solver successfully reached the end of the integration interval.
3.6,0.43527528164806206,15.278162385846976,0.7351669471981024,2.6466010099131685,1.835619971285262,5.217387928396533,2.0,91.5304216678181,71.55390488259937,350.0,1.9999998974114404,0.010258855967549607,completed,,149,The solver successfully reached the end of the integration interval.
3.8000000000000003,0.43527528164806206,15.278162385846976,0.7351669471981024,2.7936343993527895,1.835619971285262,5.364421317836154,2.0,92.06313521974008,72.88123194866786,350.0,1.9999998939215735,0.010607842647004873,completed,,146,The solver successfully reached the end of the integration interval.
4.0,0.43527528164806206,15.278162385846976,0.7351669471981024,2.9406677887924095,1.835619971285262,5.5114547072757745,2.0,92.44439697901444,74.04263164414363,350.0,1.9999998903695266,0.010963047330733389,completed,,150,The solver successfully reached the end of the integration interval.
4.2,0.43527528164806206,15.278162385846976,0.7351669471981024,3.08770117823203,1.835619971285262,5.658488096715395,2.0,92.70593718155435,75.05848285480737,350.0,1.9999998867606057,0.011323939426802099,completed,,148,The solver successfully reached the end of the integration interval.
4.4,0.43527528164806206,15.278162385846976,0.7351669471981024,3.2347345676716506,1.835619971285262,5.8055214861550155,2.0,92.87169218162617,75.94621412843485,350.0,1.9999998830994348,0.011690056533552706,completed,,144,The solver successfully reached the end of the integration interval.
4.6,0.43527528164806206,15.278162385846976,0.7351669471981024,3.3817679571112707,1.835619971285262,5.952554875594635,2.0,92.9598251362308,76.7208397842013,350.0,1.999999879390004,0.012060999608365819,completed,,144,The solver successfully reached the end of the integration interval.
4.800000000000001,0.43527528164806206,15.278162385846976,0.7351669471981024,3.528801346550892,1.835619971285262,6.0995882650342566,2.0,92.98412051141332,77.39523763154146,350.0,1.9999998756357664,0.012436423363396898,completed,,148,The solver successfully reached the end of the integration interval.
5.0,0.43527528164806206,15.278162385846976,0.7351669471981024,3.675834735990512,1.835619971285262,6.246621654473877,2.0,92.95513994787531,77.98046641971207,350.0,1.9999998718396947,0.012816030532121658,completed,,148,The solver successfully reached the end of the integration interval.
1.0,0.5,17.549999999999997,0.64,0.64,1.598,2.878,2.0,42.75548925701262,28.224076768129457,350.0,1.9999999484881275,0.005151187244337052,completed,,211,The solver successfully reached the end of the integration interval.
1.2,0.5,17.549999999999997,0.64,0.768,1.598,3.0060000000000002,2.0,50.97359572902796,33.7609750685372,350.0,1.999999946883428,0.0053116572089493275,completed,,205,The solver successfully reached the end of the integration interval.
1.4,0.5,17.549999999999997,0.64,0.8959999999999999,1.598,3.1340000000000003,2.0,58.53910296337034,39.02016821412374,350.0,1.9999999451919228,0.005480807711137459,completed,,201,The solver successfully reached the end of the integration interval.
1.6,0.5,17.549999999999997,0.64,1.024,1.598,3.2620000000000005,2.0,65.34677656095909,43.95103336102149,350.0,1.99999994340612,0.005659387999912724,completed,,198,The solver successfully reached the end of the integration interval.
1.8,0.5,17.549999999999997,0.64,1.1520000000000001,1.598,3.3900000000000006,2.0,71.32493068997063,48.513823414852354,350.0,1.9999999415213086,0.005847869149874896,completed,,178,The solver successfully reached the end of the integration interval.
2.0,0.5,17.549999999999997,0.64,1.28,1.598,3.518,2.0,76.4404282313807,52.681722839766095,350.0,1.9999999395354338,0.006046456634066999,completed,,166,The solver successfully reached the end of the integration interval.
2.2,0.5,17.549999999999997,0.64,1.4080000000000001,1.598,3.646,2.0,80.70330562635388,56.44331038501797,350.0,1.9999999374490722,0.006255092768697068,completed,,164,The solver successfully reached the end of the integration interval.
2.4000000000000004,0.5,17.549999999999997,0.64,1.5360000000000003,1.598,3.774,2.0,84.16474945684325,59.80299333328958,350.0,1.9999999352651447,0.0064734855259303,completed,,162,The solver successfully reached the end of the integration interval.
2.6,0.5,17.549999999999997,0.64,1.6640000000000001,1.598,3.902,2.0,86.90934163171492,62.77959349757825,350.0,1.9999999329884897,0.006701151025481522,completed,,158,The solver successfully reached the end of the integration interval.
2.8,0.5,17.549999999999997,0.64,1.7919999999999998,1.598,4.03,2.0,89.04163208461328,65.40244579171741,350.0,1.9999999306252678,0.006937473226571456,completed,,158,The solver successfully reached the end of the integration interval.
2.9968749999999997,0.5,17.549999999999997,0.64,1.918,1.598,4.156,2.0,90.64950566836491,67.67304089893968,350.0,1.9999999282210763,0.0071778923738747835,completed,,154,The solver successfully reached the end of the integration interval.
3.0,0.5,17.549999999999997,0.64,1.92,1.598,4.158,2.0,90.6716537223294,67.70678450434447,350.0,1.9999999281823269,0.007181767316069454,completed,,154,The solver successfully reached the end of the integration interval.
3.2,0.5,17.549999999999997,0.64,2.048,1.598,4.2860000000000005,2.0,91.90274862611282,69.72931462196128,350.0,1.999999925666647,0.007433335296809673,completed,,154,The solver successfully reached the end of the integration interval.
3.4000000000000004,0.5,17.549999999999997,0.64,2.176,1.598,4.414000000000001,2.0,92.82416873676681,71.5050607523426,350.0,1.9999999230849377,0.007691506238188595,completed,,153,The solver successfully reached the end of the integration interval.
3.6,0.5,17.549999999999997,0.64,2.3040000000000003,1.598,4.542000000000001,2.0,93.50840799982394,73.06567874192991,350.0,1.9999999204433951,0.007955660490551963,completed,,153,The solver successfully reached the end of the integration interval.
3.8000000000000003,0.5,17.549999999999997,0.64,2.4320000000000004,1.598,4.670000000000001,2.0,94.01181520543618,74.4388601081566,350.0,1.9999999177475782,0.008225242170738056,completed,,154,The solver successfully reached the end of the integration interval.
4.0,0.5,17.549999999999997,0.64,2.56,1.598,4.798,2.0,94.37693777378112,75.64843843780329,350.0,1.9999999150024017,0.00849975983146578,completed,,155,The solver successfully reached the end of the integration interval.
4.2,0.5,17.549999999999997,0.64,2.688,1.598,4.926,2.0,94.63536717270858,76.71481864553459,350.0,1.9999999122121412,0.008778785879258066,completed,,156,The solver successfully reached the end of the integration interval.
4.4,0.5,17.549999999999997,0.64,2.8160000000000003,1.598,5.054,2.0,94.81032554182934,77.65537712589784,350.0,1.9999999093805105,0.009061948949238285,completed,,152,The solver successfully reached the end of the integration interval.
4.6,0.5,17.549999999999997,0.64,2.944,1.598,5.182,2.0,94.91887663081813,78.48498481090222,350.0,1.9999999065107168,0.009348928317194805,completed,,149,The solver successfully reached the end of the integration interval.
4.800000000000001,0.5,17.549999999999997,0.64,3.0720000000000005,1.598,5.3100000000000005,2.0,94.97358735516845,79.21635470204022,350.0,1.999999903605531,0.009639446914661676,completed,,152,The solver successfully reached the end of the integration interval.
5.0,0.5,17.549999999999997,0.64,3.2,1.598,5.438000000000001,2.0,94.9838409916649,79.86043752778804,350.0,1.9999999006673301,0.009933266992447898,completed,,150,The solver successfully reached the end of the integration interval.
1.0,0.5743491774985175,20.159656130197963,0.5571523605095194,0.5571523605095194,1.3911398001472064,2.505444521166245,2.0,43.90502645946235,28.74923461250713,350.0,1.9999999596565374,0.004034346260596067,completed,,215,The solver successfully reached the end of the integration interval.
1.2,0.5743491774985175,20.159656130197963,0.5571523605095194,0.6685828326114233,1.3911398001472064,2.6168749932681488,2.0,52.35535776153739,34.39662506129161,350.0,1.9999999584328727,0.0041567127336747944,completed,,200,The solver successfully reached the end of the integration interval.
1.4,0.5743491774985175,20.159656130197963,0.5571523605095194,0.7800133047133272,1.3911398001472064,2.7283054653700534,2.0,60.13321755137594,39.763356881466386,350.0,1.999999957142079,0.004285792092559859,completed,,209,The solver successfully reached the end of the integration interval.
1.6,0.5743491774985175,20.159656130197963,0.5571523605095194,0.8914437768152311,1.3911398001472064,2.839735937471957,2.0,67.12222084605749,44.79548020173761,350.0,1.9999999557776185,0.004422238154802471,completed,,205,The solver successfully reached the end of the integration interval.
1.8,0.5743491774985175,20.159656130197963,0.5571523605095194,1.002874248917135,1.3911398001472064,2.951166409573861,2.0,73.24001585924647,49.449633864231835,350.0,1.999999954335116,0.004566488409182057,completed,,191,The solver successfully reached the end of the integration interval.
2.0,0.5743491774985175,20.159656130197963,0.5571523605095194,1.1143047210190389,1.3911398001472064,3.0625968816757645,2.0,78.44515780347062,53.69601567164286,350.0,1.9999999528123527,0.0047187647433020175,completed,,172,The solver successfully reached the end of the integration interval.
2.2,0.5743491774985175,20.159656130197963,0.5571523605095194,1.2257351931209428,1.3911398001472064,3.1740273537776686,2.0,82.74456634370773,57.521631930793085,350.0,1.9999999512093272,0.004879067273577675,completed,,169,The solver successfully reached the end of the integration interval.
2.4000000000000004,0.5743491774985175,20.159656130197963,0.5571523605095194,1.3371656652228467,1.3911398001472064,3.285457825879573,2.0,86.19292584290801,60.9313304428893,350.0,1.9999999495280834,0.005047191662015393,completed,,166,The solver successfully reached the end of the integration interval.
2.6,0.5743491774985175,20.159656130197963,0.5571523605095194,1.4485961373247507,1.3911398001472064,3.3968882979814765,2.0,88.88465395560641,63.946321204801635,350.0,1.9999999477723838,0.005222761625191197,completed,,161,The solver successfully reached the end of the integration interval.
2.8,0.5743491774985175,20.159656130197963,0.5571523605095194,1.5600266094266544,1.3911398001472064,3.5083187700833802,2.0,90.93808677032656,66.59969367915464,350.0,1.9999999459471995,0.005405280040577054,completed,,159,The solver successfully reached the end of the integration interval.
2.9968749999999997,0.5743491774985175,20.159656130197963,0.5571523605095194,1.669715980401966,1.3911398001472064,3.6180081410586915,2.0,92.4567747898911,68.89644279355271,350.0,1.9999999440881138,0.005591188615653664,completed,,160,The solver successfully reached the end of the integration interval.
3.0,0.5743491774985175,20.159656130197963,0.5571523605095194,1.6714570815285583,1.3911398001472064,3.619749242185284,2.0,92.47748067712898,68.93058793686508,350.0,1.9999999440581355,0.00559418645570986,completed,,160,The solver successfully reached the end of the integration interval.
3.2,0.5743491774985175,20.159656130197963,0.5571523605095194,1.7828875536304623,1.3911398001472064,3.7311797142871876,2.0,93.61814513274386,70.97892724877067,350.0,1.999999942110932,0.005788906797533855,completed,,157,The solver successfully reached the end of the integration interval.
3.4000000000000004,0.5743491774985175,20.159656130197963,0.5571523605095194,1.8943180257323662,1.3911398001472064,3.8426101863890922,2.0,94.45774521847653,72.78189128570222,350.0,1.9999999401110953,0.005988890479784459,completed,,157,The solver successfully reached the end of the integration interval.
3.6,0.5743491774985175,20.159656130197963,0.5571523605095194,2.00574849783427,1.3911398001472064,3.954040658490996,2.0,95.0736298785866,74.37224672271967,350.0,1.9999999380636824,0.006193631765199825,completed,,156,The solver successfully reached the end of the integration interval.
3.8000000000000003,0.5743491774985175,20.159656130197963,0.5571523605095194,2.117178969936174,1.3911398001472064,4.0654711305929,2.0,95.52421555141699,75.77804538673222,350.0,1.9999999359732077,0.006402679224265739,completed,,157,The solver successfully reached the end of the integration interval.
4.0,0.5743491774985175,20.159656130197963,0.5571523605095194,2.2286094420380778,1.3911398001472064,4.176901602694803,2.0,95.8522515902705,77.02302999238967,350.0,1.9999999338436374,0.006615636259084567,completed,,156,The solver successfully reached the end of the integration interval.
4.2,0.5743491774985175,20.159656130197963,0.5571523605095194,2.340039914139982,1.3911398001472064,4.288332074796708,2.0,96.088447859452,78.12727953206247,350.0,1.999999931678415,0.006832158513134345,completed,,160,The solver successfully reached the end of the integration interval.
4.4,0.5743491774985175,20.159656130197963,0.5571523605095194,2.4514703862418856,1.3911398001472064,4.399762546898612,2.0,96.2546932646049,79.10788304609814,350.0,1.999999929480525,0.007051947497529909,completed,,156,The solver successfully reached the end of the integration interval.
4.6,0.5743491774985175,20.159656130197963,0.5571523605095194,2.5629008583437893,1.3911398001472064,4.511193019000515,2.0,96.36659745760377,79.97943483428848,350.0,1.9999999272525333,0.007274746662005782,completed,,159,The solver successfully reached the end of the integration interval.
4.800000000000001,0.5743491774985175,20.159656130197963,0.5571523605095194,2.6743313304456935,1.3911398001472064,4.622623491102419,2.0,96.43530161274634,80.75448329007341,350.0,1.9999999249966551,0.0075003344973083586,completed,,157,The solver successfully reached the end of the integration interval.
5.0,0.5743491774985175,20.159656130197963,0.5571523605095194,2.785761802547597,1.3911398001472064,4.734053963204323,2.0,96.46884462992865,81.44384065129798,350.0,1.999999922714806,0.007728519412921742,completed,,152,The solver successfully reached the end of the integration interval.
1.0,0.6597539553864472,23.157363834064295,0.48502930128332733,0.48502930128332733,1.211057536641808,2.181116139208463,2.0,45.03521413786572,29.259124669640702,350.0,1.9999999682798306,0.0031720169354230165,completed,,221,The solver successfully reached the end of the integration interval.
1.2,0.6597539553864472,23.157363834064295,0.48502930128332733,0.5820351615399928,1.211057536641808,2.278121999465128,2.0,53.7072361646602,35.01087091594518,350.0,1.999999967343106,0.0032656894181855023,completed,,206,The solver successfully reached the end of the integration interval.
1.4,0.6597539553864472,23.157363834064295,0.48502930128332733,0.6790410217966583,1.211057536641808,2.3751278597217933,2.0,61.68348906362235,40.47754862878872,350.0,1.999999966354144,0.003364585601957515,completed,,218,The solver successfully reached the end of the integration interval.
1.6,0.6597539553864472,23.157363834064295,0.48502930128332733,0.7760468820533237,1.211057536641808,2.472133719978459,2.0,68.83570629646371,45.601588835662234,350.0,1.9999999653072573,0.0034692742628976703,completed,,214,The solver successfully reached the end of the integration interval.
1.8,0.6597539553864472,23.157363834064295,0.48502930128332733,0.8730527423099892,1.211057536641808,2.5691395802351247,2.0,75.06958887438971,50.33571144884304,350.0,1.9999999641984683,0.0035801531630568206,completed,,201,The solver successfully reached the end of the integration interval.
2.0,0.6597539553864472,23.157363834064295,0.48502930128332733,0.9700586025666547,1.211057536641808,2.66614544049179,2.0,80.33480229144902,54.646978463246896,350.0,1.999999963025547,0.0036974452959839255,completed,,183,The solver successfully reached the end of the integration interval.
2.2,0.6597539553864472,23.157363834064295,0.48502930128332733,1.0670644628233201,1.211057536641808,2.763151300748455,2.0,84.63552473088059,58.52107833143857,350.0,1.9999999617881532,0.0038211846840567887,completed,,176,The solver successfully reached the end of the integration interval.
2.4000000000000004,0.6597539553864472,23.157363834064295,0.48502930128332733,1.1640703230799858,1.211057536641808,2.8601571610051213,2.0,88.03173623072414,61.963999294793716,350.0,1.9999999604877392,0.003951226070057601,completed,,172,The solver successfully reached the end of the integration interval.
2.6,0.6597539553864472,23.157363834064295,0.48502930128332733,1.261076183336651,1.211057536641808,2.9571630212617865,2.0,90.6305550235157,65.00047734831547,350.0,1.9999999591273177,0.004087268229341134,completed,,167,The solver successfully reached the end of the integration interval.
2.8,0.6597539553864472,23.157363834064295,0.48502930128332733,1.3580820435933165,1.211057536641808,3.054168881518452,2.0,92.56722755762694,67.66842645971215,350.0,1.999999957710982,0.004228901816532016,completed,,162,The solver successfully reached the end of the integration interval.
2.9968749999999997,0.6597539553864472,23.157363834064295,0.48502930128332733,1.4535721872834715,1.211057536641808,3.1496590252086065,2.0,93.96390078301961,69.97740846998343,350.0,1.9999999562667055,0.004373329458758235,completed,,159,The solver successfully reached the end of the integration interval.
3.0,0.6597539553864472,23.157363834064295,0.48502930128332733,1.455087903849982,1.211057536641808,3.151174741775117,2.0,93.98268803147965,70.01175155206533,350.0,1.9999999562434037,0.004375659627839923,completed,,160,The solver successfully reached the end of the integration interval.
3.2,0.6597539553864472,23.157363834064295,0.48502930128332733,1.5520937641066475,1.211057536641808,3.2481806020317823,2.0,95.00532888202125,72.07392361816028,350.0,1.9999999547293625,0.004527063749264926,completed,,161,The solver successfully reached the end of the integration interval.
3.4000000000000004,0.6597539553864472,23.157363834064295,0.48502930128332733,1.6490996243633131,1.211057536641808,3.3451864622884484,2.0,95.74101126507321,73.8940647619105,350.0,1.9999999531734016,0.004682659840909764,completed,,161,The solver successfully reached the end of the integration interval.
3.6,0.6597539553864472,23.157363834064295,0.48502930128332733,1.7461054846199784,1.211057536641808,3.4421923225451136,2.0,96.27086936102216,75.5055001032373,350.0,1.999999951579663,0.004842033697059378,completed,,161,The solver successfully reached the end of the integration interval.
3.8000000000000003,0.6597539553864472,23.157363834064295,0.48502930128332733,1.843111344876644,1.211057536641808,3.539198182801779,2.0,96.65403788599288,76.93598284098569,350.0,1.9999999499518069,0.005004819307941943,completed,,160,The solver successfully reached the end of the integration interval.
4.0,0.6597539553864472,23.157363834064295,0.48502930128332733,1.9401172051333093,1.211057536641808,3.636204043058444,2.0,96.93225166930029,78.20859309199737,350.0,1.9999999482930335,0.005170696647837758,completed,,159,The solver successfully reached the end of the integration interval.
4.2,0.6597539553864472,23.157363834064295,0.48502930128332733,2.037123065389975,1.211057536641808,3.7332099033151103,2.0,97.1344261021787,79.34270529890938,350.0,1.9999999466061025,0.005339389754226431,completed,,159,The solver successfully reached the end of the integration interval.
4.4,0.6597539553864472,23.157363834064295,0.48502930128332733,2.1341289256466403,1.211057536641808,3.8302157635717755,2.0,97.28044003405303,80.35478788500201,350.0,1.9999999448934003,0.005510659975698218,completed,,161,The solver successfully reached the end of the integration interval.
4.6,0.6597539553864472,23.157363834064295,0.48502930128332733,2.2311347859033055,1.211057536641808,3.9272216238284408,2.0,97.38397509477757,81.25901456230199,350.0,1.999999943156981,0.005684301897417754,completed,,161,The solver successfully reached the end of the integration interval.
4.800000000000001,0.6597539553864472,23.157363834064295,0.48502930128332733,2.3281406461599716,1.211057536641808,4.024227484085107,2.0,97.45451313187763,82.06765477664833,350.0,1.999999941398615,0.005860138509888202,completed,,158,The solver successfully reached the end of the integration interval.
5.0,0.6597539553864472,23.157363834064295,0.48502930128332733,2.4251465064166364,1.211057536641808,4.121233344341771,2.0,97.49865839966864,82.79138915361811,350.0,1.9999999396198362,0.006038016377715394,completed,,158,The solver successfully reached the end of the integration interval.
1.0,0.7578582832551991,26.600825742257484,0.42224253144732615,0.42224253144732615,1.0542868207075426,1.898771883602195,2.0,46.146942369608155,29.754734740073996,350.0,1.9999999749565691,0.0025043430796358734,completed,,221,The solver successfully reached the end of the integration interval.
1.2,0.7578582832551991,26.600825742257484,0.42224253144732615,0.5066910377367914,1.0542868207075426,1.98322038989166,2.0,55.03058895640027,35.605151407102866,350.0,1.9999999742365373,0.0025763462763279676,completed,,226,The solver successfully reached the end of the integration interval.
1.4,0.7578582832551991,26.600825742257484,0.42224253144732615,0.5911395440262566,1.0542868207075426,2.067668896181125,2.0,63.19202429019577,41.16477581051388,350.0,1.9999999734755673,0.002652443276019767,completed,,222,The solver successfully reached the end of the integration interval.
1.6,0.7578582832551991,26.600825742257484,0.42224253144732615,0.6755880503157219,1.0542868207075426,2.1521174024705907,2.0,70.48977705091256,46.37199847824775,350.0,1.999999972668742,0.002733125787926838,completed,,220,The solver successfully reached the end of the integration interval.
1.8,0.7578582832551991,26.600825742257484,0.42224253144732615,0.7600365566051871,1.0542868207075426,2.236565908760056,2.0,76.81660610990086,51.175417182305836,350.0,1.999999971812467,0.002818753302562982,completed,,216,The solver successfully reached the end of the integration interval.
2.0,0.7578582832551991,26.600825742257484,0.42224253144732615,0.8444850628946523,1.0542868207075426,2.321014415049521,2.0,82.11305482925579,55.538942086274666,350.0,1.9999999709046143,0.0029095385689288378,completed,,197,The solver successfully reached the end of the integration interval.
2.2,0.7578582832551991,26.600825742257484,0.42224253144732615,0.9289335691841176,1.0542868207075426,2.4054629213389864,2.0,86.38056696650118,59.447046905423065,350.0,1.9999999699446471,0.0030055352835915983,completed,,181,The solver successfully reached the end of the integration interval.
2.4000000000000004,0.7578582832551991,26.600825742257484,0.42224253144732615,1.013382075473583,1.0542868207075426,2.489911427628452,2.0,89.6872545693883,62.90804890967219,350.0,1.9999999689336458,0.003106635413132608,completed,,176,The solver successfully reached the end of the integration interval.
2.6,0.7578582832551991,26.600825742257484,0.42224253144732615,1.097830581763048,1.0542868207075426,2.5743599339179166,2.0,92.15665199251781,65.95157431478302,350.0,1.9999999678740834,0.003212591662304476,completed,,170,The solver successfully reached the end of the integration interval.
2.8,0.7578582832551991,26.600825742257484,0.42224253144732615,1.1822790880525131,1.0542868207075426,2.658808440207382,2.0,93.94455391262098,68.6217243071388,350.0,1.99999996676943,0.003323056997032836,completed,,167,The solver successfully reached the end of the integration interval.
2.9968749999999997,0.7578582832551991,26.600825742257484,0.42224253144732615,1.2654080864312054,1.0542868207075426,2.741937438586074,2.0,95.19437861408234,70.93349124430762,350.0,1.9999999656418368,0.0034358163247816265,completed,,164,The solver successfully reached the end of the integration interval.
3.0,0.7578582832551991,26.600825742257484,0.42224253144732615,1.2667275943419785,1.0542868207075426,2.7432569464968473,2.0,95.21091087739595,70.96790532371914,350.0,1.9999999656236385,0.0034376361581962556,completed,,164,The solver successfully reached the end of the integration interval.
3.2,0.7578582832551991,26.600825742257484,0.42224253144732615,1.3511761006314438,1.0542868207075426,2.8277054527863124,2.0,96.09758862108131,73.03714231518605,350.0,1.999999964440725,0.0035559275129344314,completed,,163,The solver successfully reached the end of the integration interval.
3.4000000000000004,0.7578582832551991,26.600825742257484,0.42224253144732615,1.435624606920909,1.0542868207075426,2.912153959075778,2.0,96.7175611832006,74.86993339700979,350.0,1.9999999632244594,0.003677554050227627,completed,,163,The solver successfully reached the end of the integration interval.
3.6,0.7578582832551991,26.600825742257484,0.42224253144732615,1.5200731132103742,1.0542868207075426,2.996602465365243,2.0,97.1539884988926,76.49934667802664,350.0,1.9999999619782296,0.003802177030593157,completed,,163,The solver successfully reached the end of the integration interval.
3.8000000000000003,0.7578582832551991,26.600825742257484,0.42224253144732615,1.6045216194998395,1.0542868207075426,3.0810509716547085,2.0,97.46488913952784,77.95199597949048,350.0,1.999999960704997,0.003929500293452293,completed,,162,The solver successfully reached the end of the integration interval.
4.0,0.7578582832551991,26.600825742257484,0.42224253144732615,1.6889701257893046,1.0542868207075426,3.165499477944173,2.0,97.68942441451928,79.2495699540025,350.0,1.9999999594073228,0.0040592677250970155,completed,,161,The solver successfully reached the end of the integration interval.
4.2,0.7578582832551991,26.600825742257484,0.42224253144732615,1.77341863207877,1.0542868207075426,3.2499479842336387,2.0,97.85360302238273,80.41020629543631,350.0,1.9999999580874122,0.004191258776700124,completed,,162,The solver successfully reached the end of the integration interval.
4.4,0.7578582832551991,26.600825742257484,0.42224253144732615,1.8578671383682352,1.0542868207075426,3.3343964905231043,2.0,97.97465165455539,81.44947394438557,350.0,1.999999956747162,0.0043252838077023625,completed,,166,The solver successfully reached the end of the integration interval.
4.6,0.7578582832551991,26.600825742257484,0.42224253144732615,1.9423156446577001,1.0542868207075426,3.418844996812569,2.0,98.06400183528989,82.38096867739442,350.0,1.999999955388214,0.004461178614292294,completed,,162,The solver successfully reached the end of the integration interval.
4.800000000000001,0.7578582832551991,26.600825742257484,0.42224253144732615,2.026764150947166,1.0542868207075426,3.5032935031020345,2.0,98.12928854256994,83.21663126146262,350.0,1.99999995401198,0.004598802013788372,completed,,165,The solver successfully reached the end of the integration interval.
5.0,0.7578582832551991,26.600825742257484,0.42224253144732615,2.1112126572366305,1.0542868207075426,3.587742009391499,2.0,98.17572959471275,83.96708752702284,350.0,1.999999952619686,0.004738031391752884,completed,,163,The solver successfully reached the end of the integration interval.
1.0,0.8705505632961241,30.55632477169395,0.3675834735990512,0.3675834735990512,0.917809985642631,1.6529769328407333,2.0,47.240978167053235,30.236936446528517,350.0,1.99999998014187,0.001985812996281311,completed,,225,The solver successfully reached the end of the integration interval.
1.2,0.8705505632961241,30.55632477169395,0.3675834735990512,0.4411001683188614,0.917809985642631,1.7264936275605436,2.0,56.32660563084123,36.18068898939724,350.0,1.999999979585982,0.00204140180721879,completed,,222,The solver successfully reached the end of the integration interval.
1.4,0.8705505632961241,30.55632477169395,0.3675834735990512,0.5146168630386716,0.917809985642631,1.8000103222803538,2.0,64.66032608340292,41.82670153689844,350.0,1.999999978997766,0.002100223384331912,completed,,211,The solver successfully reached the end of the integration interval.
1.6,0.8705505632961241,30.55632477169395,0.3675834735990512,0.588133557758482,0.917809985642631,1.873527017000164,2.0,72.08665118178781,47.1090151807997,350.0,1.9999999783729847,0.002162701537599787,completed,,216,The solver successfully reached the end of the integration interval.
1.8,0.8705505632961241,30.55632477169395,0.3675834735990512,0.6616502524782921,0.917809985642631,1.9470437117199744,2.0,78.48402876024349,51.97179976874613,350.0,1.9999999777084223,0.0022291577770374715,completed,,222,The solver successfully reached the end of the integration interval.
2.0,0.8705505632961241,30.55632477169395,0.3675834735990512,0.7351669471981024,0.917809985642631,2.0205604064397846,2.0,83.7828569079757,56.375549390756106,350.0,1.999999977002074,0.0022997925989329815,completed,,212,The solver successfully reached the end of the integration interval.
2.2,0.8705505632961241,30.55632477169395,0.3675834735990512,0.8086836419179126,0.917809985642631,2.094077101159595,2.0,87.98377198115412,60.30444917541341,350.0,1.999999976253331,0.002374666917603463,completed,,187,The solver successfully reached the end of the integration interval.
2.4000000000000004,0.8705505632961241,30.55632477169395,0.3675834735990512,0.882200336637723,0.917809985642631,2.167593795879405,2.0,91.1660441225106,63.77024391910231,350.0,1.9999999754630442,0.0024536955752409995,completed,,180,The solver successfully reached the end of the integration interval.
2.6,0.8705505632961241,30.55632477169395,0.3675834735990512,0.9557170313575332,0.917809985642631,2.2411104905992154,2.0,93.47402182419535,66.80915477053266,350.0,1.9999999746333177,0.0025366682384628803,completed,,185,The solver successfully reached the end of the integration interval.
2.8,0.8705505632961241,30.55632477169395,0.3675834735990512,1.0292337260773432,0.917809985642631,2.3146271853190257,2.0,95.08833954446708,69.47297928681093,350.0,1.9999999737671532,0.0026232846721541137,completed,,178,The solver successfully reached the end of the integration interval.
2.9968749999999997,0.8705505632961241,30.55632477169395,0.3675834735990512,1.1016017224421564,0.917809985642631,2.386995181683839,2.0,96.17572752659196,71.78279591929793,350.0,1.9999999728822448,0.0027117755089420825,completed,,170,The solver successfully reached the end of the integration interval.
3.0,0.8705505632961241,30.55632477169395,0.3675834735990512,1.1027504207971535,0.917809985642631,2.388143880038836,2.0,96.18982750669133,71.81723356556247,350.0,1.9999999728679587,0.002713204128667712,completed,,170,The solver successfully reached the end of the integration interval.
3.2,0.8705505632961241,30.55632477169395,0.3675834735990512,1.176267115516964,0.917809985642631,2.461660574758646,2.0,96.93323092087492,73.89207243422742,350.0,1.9999999719391293,0.0028060870827175677,completed,,167,The solver successfully reached the end of the integration interval.
3.4000000000000004,0.8705505632961241,30.55632477169395,0.3675834735990512,1.2497838102367742,0.917809985642631,2.5351772694784565,2.0,97.43639994550132,75.73832966973431,350.0,1.9999999709838008,0.0029016199114266783,completed,,166,The solver successfully reached the end of the integration interval.
3.6,0.8705505632961241,30.55632477169395,0.3675834735990512,1.3233005049565842,0.917809985642631,2.6086939641982667,2.0,97.78189172755961,77.38764683709805,350.0,1.9999999700047286,0.002999527147039771,completed,,168,The solver successfully reached the end of the integration interval.
3.8000000000000003,0.8705505632961241,30.55632477169395,0.3675834735990512,1.3968171996763947,0.917809985642631,2.682210658918077,2.0,98.02440004833993,78.86450325593194,350.0,1.9999999690042876,0.003099571244092658,completed,,169,The solver successfully reached the end of the integration interval.
4.0,0.8705505632961241,30.55632477169395,0.3675834735990512,1.4703338943962048,0.917809985642631,2.7557273536378872,2.0,98.19901361089444,80.18852818584395,350.0,1.9999999679845146,0.0032015485339798033,completed,,166,The solver successfully reached the end of the integration interval.
4.2,0.8705505632961241,30.55632477169395,0.3675834735990512,1.543850589116015,0.917809985642631,2.8292440483576975,2.0,98.32792261951964,81.37619831028785,350.0,1.9999999669471564,0.0033052843646146357,completed,,166,The solver successfully reached the end of the integration interval.
4.4,0.8705505632961241,30.55632477169395,0.3675834735990512,1.6173672838358253,0.917809985642631,2.9027607430775078,2.0,98.42512506435341,82.4419016868052,350.0,1.9999999658937149,0.0034106285020243376,completed,,172,The solver successfully reached the end of the integration interval.
4.6,0.8705505632961241,30.55632477169395,0.3675834735990512,1.6908839785556353,0.917809985642631,2.9762774377973176,2.0,98.49964351838318,83.39855295300941,350.0,1.9999999648254962,0.0035174503864254802,completed,,174,The solver successfully reached the end of the integration interval.
4.800000000000001,0.8705505632961241,30.55632477169395,0.3675834735990512,1.764400673275446,0.917809985642631,3.0497941325171283,2.0,98.55724682669481,84.25781767698751,350.0,1.9999999637436277,0.0036256372404750437,completed,,172,The solver successfully reached the end of the integration interval.
5.0,0.8705505632961241,30.55632477169395,0.3675834735990512,1.837917367995256,0.917809985642631,3.1233108272369385,2.0,98.60179861135066,85.0302594731782,350.0,1.9999999626490923,0.0037350907805375755,completed,,168,The solver successfully reached the end of the integration interval.
1.0,1.0,35.099999999999994,0.32,0.32,0.799,1.439,2.0,48.31798540394764,30.706495033232944,350.0,1.9999999841821474,0.0015817852690815926,completed,,221,The solver successfully reached the end of the integration interval.
1.2,1.0,35.099999999999994,0.32,0.384,0.799,1.5030000000000001,2.0,57.59654093736083,36.738723514772666,350.0,1.999999983751008,0.00162489918875508,completed,,215,The solver successfully reached the end of the integration interval.
1.4,1.0,35.099999999999994,0.32,0.44799999999999995,0.799,1.5670000000000002,2.0,66.09047882427083,42.46512057657007,350.0,1.9999999832941537,0.0016705846355762333,completed,,211,The solver successfully reached the end of the integration interval.
1.6,1.0,35.099999999999994,0.32,0.512,0.799,1.6310000000000002,2.0,73.62861267834224,47.81488910245054,350.0,1.999999982807906,0.0017192093946505338,completed,,220,The solver successfully reached the end of the integration interval.
1.8,1.0,35.099999999999994,0.32,0.5760000000000001,0.799,1.6950000000000003,2.0,80.07419058260008,52.72750820672473,350.0,1.9999999822894112,0.0017710588872432709,completed,,208,The solver successfully reached the end of the integration interval.
2.0,1.0,35.099999999999994,0.32,0.64,0.799,1.759,2.0,85.34714626091635,57.16030769041728,350.0,1.9999999817368133,0.0018263186793774366,completed,,224,The solver successfully reached the end of the integration interval.
2.2,1.0,35.099999999999994,0.32,0.7040000000000001,0.799,1.823,2.0,89.44946847461608,61.097933447566156,350.0,1.999999981149513,0.0018850486958399415,completed,,208,The solver successfully reached the end of the integration interval.
2.4000000000000004,1.0,35.099999999999994,0.32,0.7680000000000001,0.799,1.887,2.0,92.47497739928204,64.55707812777827,350.0,1.999999980528213,0.0019471787090878934,completed,,191,The solver successfully reached the end of the integration interval.
2.6,1.0,35.099999999999994,0.32,0.8320000000000001,0.799,1.951,2.0,94.59536161494871,67.5828302395914,350.0,1.9999999798747834,0.002012521668802947,completed,,188,The solver successfully reached the end of the integration interval.
2.8,1.0,35.099999999999994,0.32,0.8959999999999999,0.799,2.015,2.0,96.01962549219706,70.23592872428026,350.0,1.9999999791918759,0.0020808124099858105,completed,,185,The solver successfully reached the end of the integration interval.
2.9968749999999997,1.0,35.099999999999994,0.32,0.959,0.799,2.078,2.0,96.93886336805701,72.54366065020365,350.0,1.9999999784937341,0.002150626591173932,completed,,180,The solver successfully reached the end of the integration interval.
3.0,1.0,35.099999999999994,0.32,0.96,0.799,2.079,2.0,96.95051619264069,72.57814950246875,350.0,1.99999997848246,0.0021517539862543344,completed,,180,The solver successfully reached the end of the integration interval.
3.2,1.0,35.099999999999994,0.32,1.024,0.799,2.1430000000000002,2.0,97.55367423570172,74.66188810246378,350.0,1.9999999777494273,0.0022250572801567614,completed,,173,The solver successfully reached the end of the integration interval.
3.4000000000000004,1.0,35.099999999999994,0.32,1.088,0.799,2.2070000000000003,2.0,97.94844821590955,76.52683078226565,350.0,1.9999999769953627,0.0023004637332633138,completed,,172,The solver successfully reached the end of the integration interval.
3.6,1.0,35.099999999999994,0.32,1.1520000000000001,0.799,2.2710000000000004,2.0,98.21358121378904,78.20179449052597,350.0,1.999999976222495,0.0023777504975441843,completed,,171,The solver successfully reached the end of the integration interval.
3.8000000000000003,1.0,35.099999999999994,0.32,1.2160000000000002,0.799,2.3350000000000004,2.0,98.39813455681924,79.70812570419132,350.0,1.9999999754327107,0.0024567289219703525,completed,,172,The solver successfully reached the end of the integration interval.
4.0,1.0,35.099999999999994,0.32,1.28,0.799,2.399,2.0,98.53180101836779,81.0627724328721,350.0,1.9999999746276107,0.0025372389354743063,completed,,174,The solver successfully reached the end of the integration interval.
4.2,1.0,35.099999999999994,0.32,1.344,0.799,2.463,2.0,98.63235742462074,82.28027525647352,350.0,1.9999999738085623,0.0026191437791567296,completed,,178,The solver successfully reached the end of the integration interval.
4.4,1.0,35.099999999999994,0.32,1.4080000000000001,0.799,2.527,2.0,98.71051751666954,83.3737767662384,350.0,1.9999999729767508,0.002702324913116172,completed,,177,The solver successfully reached the end of the integration interval.
4.6,1.0,35.099999999999994,0.32,1.472,0.799,2.591,2.0,98.77290732171646,84.35559313698448,350.0,1.9999999721332116,0.0027866788441315293,completed,,178,The solver successfully reached the end of the integration interval.
4.800000000000001,1.0,35.099999999999994,0.32,1.5360000000000003,0.799,2.6550000000000002,2.0,98.82357312357513,85.23708864544727,350.0,1.999999971278847,0.002872115292120725,completed,,177,The solver successfully reached the end of the integration interval.
5.0,1.0,35.099999999999994,0.32,1.6,0.799,2.7190000000000003,2.0,98.86522145376135,86.02889748196183,350.0,1.9999999704144449,0.002958555502118543,completed,,176,The solver successfully reached the end of the integration interval.
1.0,1.1486983549970349,40.31931226039592,0.2785761802547598,0.2785761802547598,0.6955699000736033,1.252722260583123,2.0,49.37860066194596,31.164145091362418,350.0,1.9999999873414123,0.0012658587656915188,completed,,223,The solver successfully reached the end of the integration interval.
1.2,1.1486983549970349,40.31931226039592,0.2785761802547598,0.33429141630571174,0.6955699000736033,1.3084374966340748,2.0,58.84144143826588,37.28033479280332,350.0,1.9999999870054301,0.001299456984270364,completed,,217,The solver successfully reached the end of the integration interval.
1.4,1.1486983549970349,40.31931226039592,0.2785761802547598,0.39000665235666365,0.6955699000736033,1.3641527326850267,2.0,67.48382333720721,43.08140835840858,350.0,1.9999999866488254,0.001335117471171543,completed,,203,The solver successfully reached the end of the integration interval.
1.6,1.1486983549970349,40.31931226039592,0.2785761802547598,0.4457218884076157,0.6955699000736033,1.4198679687359788,2.0,75.11744056333453,48.49146225436987,350.0,1.9999999862684037,0.0013731596409343183,completed,,223,The solver successfully reached the end of the integration interval.
1.8,1.1486983549970349,40.31931226039592,0.2785761802547598,0.5014371244585676,0.6955699000736033,1.4755832047869306,2.0,81.58903488305438,53.444874589559646,350.0,1.999999985861632,0.0014138368132989854,completed,,212,The solver successfully reached the end of the integration interval.
2.0,1.1486983549970349,40.31931226039592,0.2785761802547598,0.5571523605095196,0.6955699000736033,1.5312984408378827,2.0,86.80851439076301,57.8962187813297,350.0,1.9999999854268329,0.0014573167136404663,completed,,222,The solver successfully reached the end of the integration interval.
2.2,1.1486983549970349,40.31931226039592,0.2785761802547598,0.6128675965604715,0.6955699000736033,1.5870136768888345,2.0,90.78120529571333,61.83161991150582,350.0,1.9999999849634373,0.0015036562690511346,completed,,228,The solver successfully reached the end of the integration interval.
2.4000000000000004,1.1486983549970349,40.31931226039592,0.2785761802547598,0.6685828326114236,0.6955699000736033,1.6427289129397866,2.0,93.62186378137622,65.27494276414994,350.0,1.99999998447209,0.0015527910145465285,completed,,196,The solver successfully reached the end of the integration interval.
2.6,1.1486983549970349,40.31931226039592,0.2785761802547598,0.7242980686623754,0.6955699000736033,1.6984441489907385,2.0,95.53479493365847,68.28220565015909,350.0,1.9999999839545004,0.0016045499651227146,completed,,194,The solver successfully reached the end of the integration interval.
2.8,1.1486983549970349,40.31931226039592,0.2785761802547598,0.7800133047133273,0.6955699000736033,1.7541593850416903,2.0,96.76178090240393,70.92432597810391,350.0,1.9999999834130628,0.001658693712670356,completed,,190,The solver successfully reached the end of the integration interval.
2.9968749999999997,1.1486983549970349,40.31931226039592,0.2785761802547598,0.8348579902009832,0.6955699000736033,1.8090040705293462,2.0,97.51704230367878,73.23416014489361,350.0,1.9999999828593236,0.0017140676500275731,completed,,186,The solver successfully reached the end of the integration interval.
3.0,1.1486983549970349,40.31931226039592,0.2785761802547598,0.8357285407642794,0.6955699000736033,1.8098746210926424,2.0,97.5263878142638,73.26879434455803,350.0,1.9999999828503818,0.0017149618070106953,completed,,186,The solver successfully reached the end of the integration interval.
3.2,1.1486983549970349,40.31931226039592,0.2785761802547598,0.8914437768152313,0.6955699000736033,1.8655898571435945,2.0,98.00133851579488,75.36850845731286,350.0,1.9999999822689112,0.0017731088737491518,completed,,179,The solver successfully reached the end of the integration interval.
3.4000000000000004,1.1486983549970349,40.31931226039592,0.2785761802547598,0.9471590128661833,0.6955699000736033,1.9213050931945463,2.0,98.3031542665349,77.2602679411159,350.0,1.9999999816707763,0.0018329223676119,completed,,174,The solver successfully reached the end of the integration interval.
3.6,1.1486983549970349,40.31931226039592,0.2785761802547598,1.0028742489171352,0.6955699000736033,1.9770203292454982,2.0,98.5034515823885,78.96866726670699,350.0,1.999999981057751,0.001894224900752306,completed,,174,The solver successfully reached the end of the integration interval.
3.8000000000000003,1.1486983549970349,40.31931226039592,0.2785761802547598,1.0585894849680872,0.6955699000736033,2.0327355652964503,2.0,98.64383720691401,80.51114866813467,350.0,1.9999999804313098,0.001956869033165276,completed,,174,The solver successfully reached the end of the integration interval.
4.0,1.1486983549970349,40.31931226039592,0.2785761802547598,1.114304721019039,0.6955699000736033,2.088450801347402,2.0,98.74778522854959,81.90160213569246,350.0,1.9999999797926928,0.0020207307243254036,completed,,180,The solver successfully reached the end of the integration interval.
4.2,1.1486983549970349,40.31931226039592,0.2785761802547598,1.1700199570699912,0.6955699000736033,2.144166037398354,2.0,98.82861435969453,83.15254346599168,350.0,1.9999999791429666,0.002085703337797895,completed,,180,The solver successfully reached the end of the integration interval.
4.4,1.1486983549970349,40.31931226039592,0.2785761802547598,1.225735193120943,0.6955699000736033,2.1998812734493063,2.0,98.89387257633628,84.27597624606389,350.0,1.9999999784830618,0.0021516938286367804,completed,,181,The solver successfully reached the end of the integration interval.
4.6,1.1486983549970349,40.31931226039592,0.2785761802547598,1.281450429171895,0.6955699000736033,2.2555965095002577,2.0,98.9480763742294,85.2836307840273,350.0,1.9999999778137978,0.002218620211351663,completed,,178,The solver successfully reached the end of the integration interval.
4.800000000000001,1.1486983549970349,40.31931226039592,0.2785761802547598,1.3371656652228472,0.6955699000736033,2.31131174555121,2.0,98.99402178604076,86.18688237258215,350.0,1.9999999771358952,0.0022864104830659926,completed,,184,The solver successfully reached the end of the integration interval.
5.0,1.1486983549970349,40.31931226039592,0.2785761802547598,1.3928809012737988,0.6955699000736033,2.367026981602162,2.0,99.03342681292163,86.99651408163164,350.0,1.9999999764499938,0.0023550006153527647,completed,,184,The solver successfully reached the end of the integration interval.
1.0,1.3195079107728946,46.3147276681286,0.24251465064166364,0.24251465064166364,0.605528768320904,1.0905580696042312,2.0,50.42330144347821,31.610488060918374,350.0,1.9999999898211525,0.0010178847587667406,completed,,227,The solver successfully reached the end of the integration interval.
1.2,1.3195079107728946,46.3147276681286,0.24251465064166364,0.29101758076999634,0.605528768320904,1.139060999732564,2.0,60.06210762349511,37.80638914582228,350.0,1.999999989558032,0.001044196804286912,completed,,220,The solver successfully reached the end of the integration interval.
1.4,1.3195079107728946,46.3147276681286,0.24251465064166364,0.3395205108983291,0.605528768320904,1.1875639298608966,2.0,68.84144506449678,43.67681218726573,350.0,1.9999999892782347,0.001072176528396085,completed,,206,The solver successfully reached the end of the integration interval.
1.6,1.3195079107728946,46.3147276681286,0.24251465064166364,0.38802344102666186,0.605528768320904,1.2360668599892295,2.0,76.55472351969259,49.14037321849967,350.0,1.9999999889789877,0.0011021012323908508,completed,,207,The solver successfully reached the end of the integration interval.
1.8,1.3195079107728946,46.3147276681286,0.24251465064166364,0.43652637115499454,0.605528768320904,1.2845697901175621,2.0,83.03050863259263,54.12613049518288,350.0,1.9999999886580337,0.0011341966164764017,completed,,220,The solver successfully reached the end of the integration interval.
2.0,1.3195079107728946,46.3147276681286,0.24251465064166364,0.4850293012833273,0.605528768320904,1.333072720245895,2.0,88.16926787242936,58.5861326307038,350.0,1.9999999883138795,0.0011686120415106416,completed,,224,The solver successfully reached the end of the integration interval.
2.2,1.3195079107728946,46.3147276681286,0.24251465064166364,0.5335322314116601,0.605528768320904,1.3815756503742276,2.0,91.9832205257891,62.50957670902761,350.0,1.9999999879460153,0.0012053984683007002,completed,,224,The solver successfully reached the end of the integration interval.
2.4000000000000004,1.3195079107728946,46.3147276681286,0.24251465064166364,0.5820351615399928,0.605528768320904,1.4300785805025604,2.0,94.61512654845195,65.93022420074493,350.0,1.9999999875550787,0.0012444921303540468,completed,,211,The solver successfully reached the end of the integration interval.
2.6,1.3195079107728946,46.3147276681286,0.24251465064166364,0.6305380916683255,0.605528768320904,1.4785815106308933,2.0,96.30838836996024,68.91697136206625,350.0,1.9999999871426746,0.001285732549149543,completed,,195,The solver successfully reached the end of the integration interval.
2.8,1.3195079107728946,46.3147276681286,0.24251465064166364,0.6790410217966582,0.605528768320904,1.527084440759226,2.0,97.3398968228173,71.5517190819788,350.0,1.999999986710996,0.001328900398220867,completed,,196,The solver successfully reached the end of the integration interval.
2.9968749999999997,1.3195079107728946,46.3147276681286,0.24251465064166364,0.7267860936417356,0.605528768320904,1.5748295126043033,2.0,97.94406274143303,73.87120696708821,350.0,1.9999999862694606,0.0013730539358220994,completed,,188,The solver successfully reached the end of the integration interval.
3.0,1.3195079107728946,46.3147276681286,0.24251465064166364,0.7275439519249909,0.605528768320904,1.5755873708875585,2.0,97.95136536245114,73.90612811821342,350.0,1.9999999862623314,0.0013737668632529676,completed,,188,The solver successfully reached the end of the integration interval.
3.2,1.3195079107728946,46.3147276681286,0.24251465064166364,0.7760468820533237,0.605528768320904,1.6240903010158911,2.0,98.3168615415519,76.0314000402428,350.0,1.9999999857987527,0.0014201247249729931,completed,,185,The solver successfully reached the end of the integration interval.
3.4000000000000004,1.3195079107728946,46.3147276681286,0.24251465064166364,0.8245498121816565,0.605528768320904,1.6725932311442242,2.0,98.54511260397564,77.95937750671436,350.0,1.9999999853219788,0.0014678021252620965,completed,,179,The solver successfully reached the end of the integration interval.
3.6,1.3195079107728946,46.3147276681286,0.24251465064166364,0.8730527423099891,0.605528768320904,1.7210961612725568,2.0,98.69776460973127,79.7093471917899,350.0,1.9999999848334002,0.001516659976914525,completed,,179,The solver successfully reached the end of the integration interval.
3.8000000000000003,1.3195079107728946,46.3147276681286,0.24251465064166364,0.9215556724383219,0.605528768320904,1.7695990914008894,2.0,98.80790073410938,81.29437771253907,350.0,1.9999999843341496,0.0015665850369259715,completed,,174,The solver successfully reached the end of the integration interval.
4.0,1.3195079107728946,46.3147276681286,0.24251465064166364,0.9700586025666545,0.605528768320904,1.818102021529222,2.0,98.89283595171631,82.72527903778156,350.0,1.9999999838251772,0.0016174822812899947,completed,,180,The solver successfully reached the end of the integration interval.
4.2,1.3195079107728946,46.3147276681286,0.24251465064166364,1.0185615326949873,0.605528768320904,1.8666049516575547,2.0,98.96178749138409,84.01273209033594,350.0,1.9999999833073048,0.0016692695207893848,completed,,177,The solver successfully reached the end of the integration interval.
4.4,1.3195079107728946,46.3147276681286,0.24251465064166364,1.0670644628233201,0.605528768320904,1.9151078817858878,2.0,99.01977301268089,85.16776719594814,350.0,1.999999982781262,0.0017218737921211869,completed,,178,The solver successfully reached the end of the integration interval.
4.6,1.3195079107728946,46.3147276681286,0.24251465064166364,1.1155673929516527,0.605528768320904,1.9636108119142204,2.0,99.06962871660917,86.20176105404208,350.0,1.9999999822476946,0.0017752305429894477,completed,,179,The solver successfully reached the end of the integration interval.
4.800000000000001,1.3195079107728946,46.3147276681286,0.24251465064166364,1.1640703230799856,0.605528768320904,2.012113742042553,2.0,99.11315045516447,87.12620230957859,350.0,1.9999999817071867,0.0018292813329026103,completed,,190,The solver successfully reached the end of the integration interval.
5.0,1.3195079107728946,46.3147276681286,0.24251465064166364,1.2125732532083182,0.605528768320904,2.0606166721708856,2.0,99.15146499709836,87.95225180337873,350.0,1.9999999811602591,0.0018839740951079875,completed,,186,The solver successfully reached the end of the integration interval.
1.0,1.5157165665103984,53.201651484514976,0.21112126572366305,0.21112126572366305,0.5271434103537712,0.9493859418010973,2.0,51.452772572768446,32.04617494631931,350.0,1.9999999917753692,0.0008224630728363991,completed,,230,The solver successfully reached the end of the integration interval.
1.2,1.5157165665103984,53.201651484514976,0.21112126572366305,0.2533455188683956,0.5271434103537712,0.9916101949458299,2.0,61.25944272162065,38.317779156878,350.0,1.9999999915682647,0.0008431735332123935,completed,,221,The solver successfully reached the end of the integration interval.
1.4,1.5157165665103984,53.201651484514976,0.21112126572366305,0.29556977201312823,0.5271434103537712,1.0338344480905626,2.0,70.16452557362015,44.25249359978667,350.0,1.9999999913475706,0.0008652429387439042,completed,,219,The solver successfully reached the end of the integration interval.
1.6,1.5157165665103984,53.201651484514976,0.21112126572366305,0.3377940251578609,0.5271434103537712,1.0760587012352951,2.0,77.94161991855339,49.76306468898594,350.0,1.9999999911108552,0.0008889144810382277,completed,,208,The solver successfully reached the end of the integration interval.
1.8,1.5157165665103984,53.201651484514976,0.21112126572366305,0.3800182783025935,0.5271434103537712,1.1182829543800277,2.0,84.40007661734825,54.773066782499555,350.0,1.9999999908561255,0.0009143874631263316,completed,,226,The solver successfully reached the end of the integration interval.
2.0,1.5157165665103984,53.201651484514976,0.21112126572366305,0.4222425314473261,0.5271434103537712,1.1605072075247604,2.0,89.43129993150701,59.23245668973776,350.0,1.9999999905820418,0.0009417958208359778,completed,,215,The solver successfully reached the end of the integration interval.
2.2,1.5157165665103984,53.201651484514976,0.21112126572366305,0.46446678459205876,0.5271434103537712,1.202731460669493,2.0,93.05979016772874,63.13575971431465,350.0,1.9999999902881964,0.0009711803577374667,completed,,226,The solver successfully reached the end of the integration interval.
2.4000000000000004,1.5157165665103984,53.201651484514976,0.21112126572366305,0.5066910377367914,0.5271434103537712,1.2449557138142255,2.0,95.46386899634234,66.52910070058114,350.0,1.9999999899752412,0.0010024758812505752,completed,,227,The solver successfully reached the end of the integration interval.
2.6,1.5157165665103984,53.201651484514976,0.21112126572366305,0.5489152908815239,0.5271434103537712,1.2871799669589583,2.0,96.93360236144702,69.4968745344442,350.0,1.9999999896447207,0.0010355279373470694,completed,,213,The solver successfully reached the end of the integration interval.
2.8,1.5157165665103984,53.201651484514976,0.21112126572366305,0.5911395440262565,0.5271434103537712,1.3294042201036906,2.0,97.78027869578023,72.13105000384138,350.0,1.9999999892986466,0.0010701353312470019,completed,,195,The solver successfully reached the end of the integration interval.
2.9968749999999997,1.5157165665103984,53.201651484514976,0.21112126572366305,0.6327040432156027,0.5271434103537712,1.370968719293037,2.0,98.25276871967338,74.47005573278629,350.0,1.999999988944752,0.0011055248032789677,completed,,196,The solver successfully reached the end of the integration interval.
3.0,1.5157165665103984,53.201651484514976,0.21112126572366305,0.6333637971709891,0.5271434103537712,1.3716284732484234,2.0,98.25836853605445,74.50542681233946,350.0,1.9999999889390374,0.0011060962569899857,completed,,196,The solver successfully reached the end of the integration interval.
3.2,1.5157165665103984,53.201651484514976,0.21112126572366305,0.6755880503157218,0.5271434103537712,1.4138527263931562,2.0,98.53657146009756,76.66658882393878,350.0,1.9999999885676094,0.001143239060183987,completed,,186,The solver successfully reached the end of the integration interval.
3.4000000000000004,1.5157165665103984,53.201651484514976,0.21112126572366305,0.7178123034604544,0.5271434103537712,1.4560769795378887,2.0,98.71125674134318,78.63987041288846,350.0,1.999999988185735,0.0011814264871645719,completed,,183,The solver successfully reached the end of the integration interval.
3.6,1.5157165665103984,53.201651484514976,0.21112126572366305,0.760036556605187,0.5271434103537712,1.4983012326826213,2.0,98.83224050211669,80.43847571283762,350.0,1.9999999877944783,0.001220552163431421,completed,,183,The solver successfully reached the end of the integration interval.
3.8000000000000003,1.5157165665103984,53.201651484514976,0.21112126572366305,0.8022608097499196,0.5271434103537712,1.540525485827354,2.0,98.92401994555466,82.0710814643427,350.0,1.9999999873946903,0.0012605309602804482,completed,,182,The solver successfully reached the end of the integration interval.
4.0,1.5157165665103984,53.201651484514976,0.21112126572366305,0.8444850628946522,0.5271434103537712,1.5827497389720864,2.0,98.99845732689847,83.54573744705407,350.0,1.9999999869870948,0.0013012905255891383,completed,,178,The solver successfully reached the end of the integration interval.
4.2,1.5157165665103984,53.201651484514976,0.21112126572366305,0.8867093160393849,0.5271434103537712,1.6249739921168191,2.0,99.06145084323903,84.87146421561401,350.0,1.9999999865723168,0.0013427683152258396,completed,,179,The solver successfully reached the end of the integration interval.
4.4,1.5157165665103984,53.201651484514976,0.21112126572366305,0.9289335691841175,0.5271434103537712,1.667198245261552,2.0,99.1161259170522,86.0586288439743,350.0,1.99999998615093,0.0013849069946445525,completed,,182,The solver successfully reached the end of the integration interval.
4.6,1.5157165665103984,53.201651484514976,0.21112126572366305,0.97115782232885,0.5271434103537712,1.7094224984062842,2.0,99.16428608715245,87.11853926487343,350.0,1.99999998572345,0.0014276549918577075,completed,,183,The solver successfully reached the end of the integration interval.
4.800000000000001,1.5157165665103984,53.201651484514976,0.21112126572366305,1.0133820754735827,0.5271434103537712,1.751646751551017,2.0,99.20705403203524,88.06295225209068,350.0,1.9999999852903494,0.0014709650713484734,completed,,195,The solver successfully reached the end of the integration interval.
5.0,1.5157165665103984,53.201651484514976,0.21112126572366305,1.0556063286183153,0.5271434103537712,1.7938710046957493,2.0,99.24521005669084,88.9035549989529,350.0,1.9999999848520569,0.0015147943049669266,completed,,167,The solver successfully reached the end of the integration interval.
1.0,1.7411011265922485,61.11264954338791,0.1837917367995256,0.1837917367995256,0.4589049928213155,0.8264884664203667,2.0,52.467125948667594,32.47163493237335,350.0,1.9999999933219748,0.0006678025238215923,completed,,228,The solver successfully reached the end of the integration interval.
1.2,1.7411011265922485,61.11264954338791,0.1837917367995256,0.2205500841594307,0.4589049928213155,0.8632468137802718,2.0,62.43397200069264,38.81523653816836,350.0,1.9999999931581258,0.0006841874273959547,completed,,232,The solver successfully reached the end of the integration interval.
1.4,1.7411011265922485,61.11264954338791,0.1837917367995256,0.2573084315193358,0.4589049928213155,0.9000051611401769,2.0,71.45417297720898,44.80951070286256,350.0,1.9999999929831087,0.0007016891322564334,completed,,222,The solver successfully reached the end of the integration interval.
1.6,1.7411011265922485,61.11264954338791,0.1837917367995256,0.294066778879241,0.4589049928213155,0.936763508500082,2.0,79.27931933147585,50.36083860167525,350.0,1.9999999927947907,0.0007205209403764457,completed,,213,The solver successfully reached the end of the integration interval.
1.8,1.7411011265922485,61.11264954338791,0.1837917367995256,0.33082512623914606,0.4589049928213155,0.9735218558599872,2.0,85.698767090589,55.38726386440723,350.0,1.9999999925914014,0.0007408598612528294,completed,,231,The solver successfully reached the end of the integration interval.
2.0,1.7411011265922485,61.11264954338791,0.1837917367995256,0.3675834735990512,0.4589049928213155,1.0102802032198923,2.0,90.59657684830944,59.83765352170578,350.0,1.9999999923717615,0.0007628238527104259,completed,,220,The solver successfully reached the end of the integration interval.
2.2,1.7411011265922485,61.11264954338791,0.1837917367995256,0.4043418209589563,0.4589049928213155,1.0470385505797974,2.0,94.0154718520642,63.71394467785688,350.0,1.9999999921355656,0.000786443444667384,completed,,229,The solver successfully reached the end of the integration interval.
2.4000000000000004,1.7411011265922485,61.11264954338791,0.1837917367995256,0.4411001683188615,0.4589049928213155,1.0837968979397026,2.0,96.17902815000855,67.07811820053719,350.0,1.9999999918835043,0.0008116495737340301,completed,,228,The solver successfully reached the end of the integration interval.
2.6,1.7411011265922485,61.11264954338791,0.1837917367995256,0.4778585156787666,0.4589049928213155,1.1205552452996077,2.0,97.42893934460085,70.03123526625355,350.0,1.9999999916170825,0.0008382917440030724,completed,,214,The solver successfully reached the end of the integration interval.
2.8,1.7411011265922485,61.11264954338791,0.1837917367995256,0.5146168630386716,0.4589049928213155,1.1573135926595128,2.0,98.10893449836541,72.67429223078496,350.0,1.9999999913381503,0.0008661849715281278,completed,,215,The solver successfully reached the end of the integration interval.
2.9968749999999997,1.7411011265922485,61.11264954338791,0.1837917367995256,0.5508008612210782,0.4589049928213155,1.1934975908419194,2.0,98.47315899336989,75.04340841398293,350.0,1.9999999910530601,0.0008946939778979868,completed,,196,The solver successfully reached the end of the integration interval.
3.0,1.7411011265922485,61.11264954338791,0.1837917367995256,0.5513752103985767,0.4589049928213155,1.194071940019418,2.0,98.47743685176508,75.07939833364362,350.0,1.9999999910484594,0.0008951540512498468,completed,,196,The solver successfully reached the end of the integration interval.
3.2,1.7411011265922485,61.11264954338791,0.1837917367995256,0.588133557758482,0.4589049928213155,1.230830287379323,2.0,98.69087920493811,77.2863252773389,350.0,1.9999999907494224,0.0009250577713828534,completed,,191,The solver successfully reached the end of the integration interval.
3.4000000000000004,1.7411011265922485,61.11264954338791,0.1837917367995256,0.6248919051183871,0.4589049928213155,1.2675886347392282,2.0,98.8297588315635,79.31236054005441,350.0,1.9999999904420989,0.0009557901066727936,completed,,184,The solver successfully reached the end of the integration interval.
3.6,1.7411011265922485,61.11264954338791,0.1837917367995256,0.6616502524782921,0.4589049928213155,1.3043469820991334,2.0,98.93178898947679,81.16464411652842,350.0,1.999999990127284,0.0009872716036625206,completed,,185,The solver successfully reached the end of the integration interval.
3.8000000000000003,1.7411011265922485,61.11264954338791,0.1837917367995256,0.6984085998381974,0.4589049928213155,1.3411053294590385,2.0,99.01387965049088,82.84797055067915,350.0,1.9999999898056122,0.0010194387868978083,completed,,186,The solver successfully reached the end of the integration interval.
4.0,1.7411011265922485,61.11264954338791,0.1837917367995256,0.7351669471981024,0.4589049928213155,1.3778636768189436,2.0,99.08357291315674,84.3679325345785,350.0,1.9999999894776237,0.001052237639669329,completed,,184,The solver successfully reached the end of the integration interval.
4.2,1.7411011265922485,61.11264954338791,0.1837917367995256,0.7719252945580075,0.4589049928213155,1.4146220241788487,2.0,99.14435840809777,85.73228623372522,350.0,1.9999999891437938,0.0010856206063181162,completed,,186,The solver successfully reached the end of the integration interval.
4.4,1.7411011265922485,61.11264954338791,0.1837917367995256,0.8086836419179126,0.4589049928213155,1.4513803715387539,2.0,99.1981569637208,86.95094657339332,350.0,1.9999999888045734,0.0011195426632184535,completed,,187,The solver successfully reached the end of the integration interval.
4.6,1.7411011265922485,61.11264954338791,0.1837917367995256,0.8454419892778177,0.4589049928213155,1.4881387188986588,2.0,99.24610376367127,88.03530870146129,350.0,1.9999999884603754,0.001153962453827262,completed,,187,The solver successfully reached the end of the integration interval.
4.800000000000001,1.7411011265922485,61.11264954338791,0.1837917367995256,0.882200336637723,0.4589049928213155,1.5248970662585641,2.0,99.28904525577867,88.9976590331007,350.0,1.9999999881115882,0.0011888411827385426,completed,,199,The solver successfully reached the end of the integration interval.
5.0,1.7411011265922485,61.11264954338791,0.1837917367995256,0.918958683997628,0.4589049928213155,1.5616554136184693,2.0,99.32748692886324,89.85022046836782,350.0,1.9999999877585672,0.0012241432850714773,completed,,199,The solver successfully reached the end of the integration interval.
1.0,2.0000000000000004,70.2,0.15999999999999998,0.15999999999999998,0.39949999999999997,0.7194999999999999,2.0,53.466734419468665,32.88733002775508,350.0,1.9999999945514317,0.0005448568263091147,completed,,234,The solver successfully reached the end of the integration interval.
1.2,2.0000000000000004,70.2,0.15999999999999998,0.19199999999999998,0.39949999999999997,0.7515,2.0,63.58655522411239,39.299458329295284,350.0,1.9999999944211342,0.0005578865821007639,completed,,237,The solver successfully reached the end of the integration interval.
1.4,2.0000000000000004,70.2,0.15999999999999998,0.22399999999999995,0.39949999999999997,0.7834999999999999,2.0,72.71116509139642,45.34874372667289,350.0,1.999999994281579,0.0005718421016354114,completed,,223,The solver successfully reached the end of the integration interval.
1.6,2.0000000000000004,70.2,0.15999999999999998,0.25599999999999995,0.39949999999999997,0.8154999999999999,2.0,80.56885829103166,50.934908541333954,350.0,1.9999999941308986,0.000586910144193098,completed,,218,The solver successfully reached the end of the integration interval.
1.8,2.0000000000000004,70.2,0.15999999999999998,0.288,0.39949999999999997,0.8474999999999999,2.0,86.9276747177349,55.97021763989388,350.0,1.9999999939675137,0.0006032486271578819,completed,,215,The solver successfully reached the end of the integration interval.
2.0,2.0000000000000004,70.2,0.15999999999999998,0.31999999999999995,0.39949999999999997,0.8795,2.0,91.66681132613644,60.403808974924765,350.0,1.9999999937903976,0.0006209602288436145,completed,,222,The solver successfully reached the end of the integration interval.
2.2,2.0000000000000004,70.2,0.15999999999999998,0.352,0.39949999999999997,0.9115,2.0,94.85537483347827,64.24786999492125,350.0,1.999999993599348,0.0006400652055162936,completed,,219,The solver successfully reached the end of the integration interval.
2.4000000000000004,2.0000000000000004,70.2,0.15999999999999998,0.384,0.39949999999999997,0.9435,2.0,96.77215961376483,67.58363816139108,350.0,1.9999999933951136,0.0006604886439163238,completed,,229,The solver successfully reached the end of the integration interval.
2.6,2.0000000000000004,70.2,0.15999999999999998,0.4159999999999999,0.39949999999999997,0.9754999999999998,2.0,97.81402651366629,70.52926832474809,350.0,1.9999999931791594,0.0006820840644650161,completed,,219,The solver successfully reached the end of the integration interval.
2.8,2.0000000000000004,70.2,0.15999999999999998,0.4479999999999999,0.39949999999999997,1.0074999999999998,2.0,98.35044006883751,73.19171917028866,350.0,1.9999999929531818,0.0007046818209346384,completed,,218,The solver successfully reached the end of the integration interval.
2.9968749999999997,2.0000000000000004,70.2,0.15999999999999998,0.47949999999999987,0.39949999999999997,1.0389999999999997,2.0,98.63103375038867,75.60138530307286,350.0,1.9999999927224021,0.0007277597906067967,completed,,217,The solver successfully reached the end of the integration interval.
3.0,2.0000000000000004,70.2,0.15999999999999998,0.4799999999999999,0.39949999999999997,1.0394999999999999,2.0,98.63434440919602,75.63813770407026,350.0,1.9999999927186782,0.0007281321741174906,completed,,217,The solver successfully reached the end of the integration interval.
3.2,2.0000000000000004,70.2,0.15999999999999998,0.5119999999999999,0.39949999999999997,1.0715,2.0,98.80308606292081,77.89868888656237,350.0,1.9999999924767788,0.0007523221138399094,completed,,197,The solver successfully reached the end of the integration interval.
3.4000000000000004,2.0000000000000004,70.2,0.15999999999999998,0.5439999999999999,0.39949999999999997,1.1035,2.0,98.92022936172317,79.98273736611485,350.0,1.9999999922282903,0.0007771709642838687,completed,,193,The solver successfully reached the end of the integration interval.
3.6,2.0000000000000004,70.2,0.15999999999999998,0.576,0.39949999999999997,1.1355,2.0,99.01234206466137,81.89183560710326,350.0,1.9999999919737899,0.0008026210125535727,completed,,185,The solver successfully reached the end of the integration interval.
3.8000000000000003,2.0000000000000004,70.2,0.15999999999999998,0.608,0.39949999999999997,1.1675,2.0,99.09010418358612,83.62703275355156,350.0,1.9999999917137343,0.0008286265656352043,completed,,184,The solver successfully reached the end of the integration interval.
4.0,2.0000000000000004,70.2,0.15999999999999998,0.6399999999999999,0.39949999999999997,1.1994999999999998,2.0,99.15821763662754,85.19227087620969,350.0,1.9999999914485225,0.0008551477512810379,completed,,183,The solver successfully reached the end of the integration interval.
4.2,2.0000000000000004,70.2,0.15999999999999998,0.6719999999999999,0.39949999999999997,1.2314999999999998,2.0,99.21869087690847,86.59426562067698,350.0,1.9999999911785242,0.000882147578522563,completed,,187,The solver successfully reached the end of the integration interval.
4.4,2.0000000000000004,70.2,0.15999999999999998,0.704,0.39949999999999997,1.2634999999999998,2.0,99.27273573225186,87.84268628505947,350.0,1.99999999090409,0.0009095910063479096,completed,,193,The solver successfully reached the end of the integration interval.
4.6,2.0000000000000004,70.2,0.15999999999999998,0.7359999999999999,0.39949999999999997,1.2954999999999999,2.0,99.32116563170132,88.94911766808067,350.0,1.9999999906255534,0.0009374446526635438,completed,,193,The solver successfully reached the end of the integration interval.
4.800000000000001,2.0000000000000004,70.2,0.15999999999999998,0.768,0.39949999999999997,1.3275,2.0,99.36446856892528,89.92629765916033,350.0,1.9999999903432353,0.0009656764741521329,completed,,203,The solver successfully reached the end of the integration interval.
5.0,2.0000000000000004,70.2,0.15999999999999998,0.7999999999999998,0.39949999999999997,1.3594999999999997,2.0,99.40337663346568,90.78748404688382,350.0,1.9999999900574374,0.0009942562610376626,completed,,202,The solver successfully reached the end of the integration interval.
1.0,2.29739670999407,80.63862452079185,0.13928809012737986,0.13928809012737986,0.3477849500368016,0.6263611302915613,2.0,54.45217889272557,33.29382758664908,350.0,1.99999999553327,0.0004466730169951916,completed,,237,The solver successfully reached the end of the integration interval.
1.2,2.29739670999407,80.63862452079185,0.13928809012737986,0.16714570815285582,0.3477849500368016,0.6542187483170372,2.0,64.71774006720227,39.77108153083345,350.0,1.9999999954291188,0.0004570881137624383,completed,,241,The solver successfully reached the end of the integration interval.
1.4,2.29739670999407,80.63862452079185,0.13928809012737986,0.1950033261783318,0.3477849500368016,0.6820763663425133,2.0,73.9364544588629,45.87113717011719,350.0,1.9999999953172378,0.00046827620826661587,completed,,226,The solver successfully reached the end of the integration interval.
1.6,2.29739670999407,80.63862452079185,0.13928809012737986,0.22286094420380778,0.3477849500368016,0.7099339843679893,2.0,81.81083912983476,51.486217778180574,350.0,1.999999995195971,0.0004804029013030231,completed,,223,The solver successfully reached the end of the integration interval.
1.8,2.29739670999407,80.63862452079185,0.13928809012737986,0.25071856222928374,0.3477849500368016,0.7377916023934652,2.0,88.08747055290273,56.523281553054716,350.0,1.9999999950639238,0.0004936076293233782,completed,,219,The solver successfully reached the end of the integration interval.
2.0,2.29739670999407,80.63862452079185,0.13928809012737986,0.2785761802547597,0.3477849500368016,0.7656492204189411,2.0,92.64389192872277,60.93302862259413,350.0,1.9999999949202014,0.0005079798575025052,completed,,221,The solver successfully reached the end of the integration interval.
2.2,2.29739670999407,80.63862452079185,0.13928809012737986,0.3064337982802357,0.3477849500368016,0.7935068384444172,2.0,95.58540478591382,64.7415432142672,350.0,1.9999999947647134,0.0005235286662355065,completed,,221,The solver successfully reached the end of the integration interval.
2.4000000000000004,2.29739670999407,80.63862452079185,0.13928809012737986,0.3342914163057117,0.3477849500368016,0.8213644564698932,2.0,97.25610475793637,68.05201284612407,350.0,1.9999999945982674,0.0005401732632890344,completed,,221,The solver successfully reached the end of the integration interval.
2.6,2.29739670999407,80.63862452079185,0.13928809012737986,0.36214903433118767,0.3477849500368016,0.8492220744953691,2.0,98.10839989767288,70.99934296503945,350.0,1.9999999944222882,0.000557771185413003,completed,,221,The solver successfully reached the end of the integration interval.
2.8,2.29739670999407,80.63862452079185,0.13928809012737986,0.3900066523566636,0.3477849500368016,0.8770796925208451,2.0,98.5271471931606,73.69202841634002,350.0,1.9999999942383089,0.0005761691136285663,completed,,218,The solver successfully reached the end of the integration interval.
2.9968749999999997,2.29739670999407,80.63862452079185,0.13928809012737986,0.4174289951004915,0.3477849500368016,0.9045020352646729,2.0,98.74674699811587,76.15083914393473,350.0,1.9999999940506155,0.0005949384649284184,completed,,220,The solver successfully reached the end of the integration interval.
3.0,2.29739670999407,80.63862452079185,0.13928809012737986,0.4178642703821396,0.3477849500368016,0.904937310546321,2.0,98.74940448493678,76.1884703545631,350.0,1.9999999940475865,0.0005952413484919816,completed,,220,The solver successfully reached the end of the integration interval.
3.2,2.29739670999407,80.63862452079185,0.13928809012737986,0.44572188840761556,0.3477849500368016,0.9327949285717969,2.0,98.88978660346551,78.50851607025923,350.0,1.9999999938510074,0.0006148992688395083,completed,,217,The solver successfully reached the end of the integration interval.
3.4000000000000004,2.29739670999407,80.63862452079185,0.13928809012737986,0.47357950643309155,0.3477849500368016,0.9606525465972731,2.0,98.99493844418218,80.6534684847171,350.0,1.9999999936491595,0.0006350840558297932,completed,,199,The solver successfully reached the end of the integration interval.
3.6,2.29739670999407,80.63862452079185,0.13928809012737986,0.5014371244585675,0.3477849500368016,0.988510164622749,2.0,99.08258771892454,82.62031445889563,350.0,1.9999999934424517,0.0006557548185810447,completed,,190,The solver successfully reached the end of the integration interval.
3.8000000000000003,2.29739670999407,80.63862452079185,0.13928809012737986,0.5292947424840435,0.3477849500368016,1.016367782648225,2.0,99.15905812526285,84.40731028667663,350.0,1.9999999932312114,0.0006768788734916598,completed,,188,The solver successfully reached the end of the integration interval.
4.0,2.29739670999407,80.63862452079185,0.13928809012737986,0.5571523605095194,0.3477849500368016,1.0442254006737008,2.0,99.22715829769405,86.01663690519928,350.0,1.9999999930157268,0.0006984273204579949,completed,,193,The solver successfully reached the end of the integration interval.
4.2,2.29739670999407,80.63862452079185,0.13928809012737986,0.5850099785349955,0.3477849500368016,1.072083018699177,2.0,99.28799841080952,87.45418288107936,350.0,1.9999999927962804,0.0007203719578683376,completed,,192,The solver successfully reached the end of the integration interval.
4.4,2.29739670999407,80.63862452079185,0.13928809012737986,0.6128675965604714,0.3477849500368016,1.099940636724653,2.0,99.3425526515221,88.72958834320686,350.0,1.9999999925731522,0.0007426847878377885,completed,,196,The solver successfully reached the end of the integration interval.
4.6,2.29739670999407,80.63862452079185,0.13928809012737986,0.6407252145859473,0.3477849500368016,1.1277982547501288,2.0,99.3914476856116,89.85474020876694,350.0,1.9999999923466145,0.0007653385400772095,completed,,204,The solver successfully reached the end of the integration interval.
4.800000000000001,2.29739670999407,80.63862452079185,0.13928809012737986,0.6685828326114234,0.3477849500368016,1.1556558727756048,2.0,99.43526038143288,90.84308600682007,350.0,1.9999999921169354,0.0007883064681664109,completed,,189,The solver successfully reached the end of the integration interval.
5.0,2.29739670999407,80.63862452079185,0.13928809012737986,0.6964404506368993,0.3477849500368016,1.1835134908010807,2.0,99.47443855204725,91.70870183139436,350.0,1.999999991884371,0.00081156290252693,completed,,187,The solver successfully reached the end of the integration interval.
1.0,2.6390158215457893,92.6294553362572,0.12125732532083182,0.12125732532083182,0.302764384160452,0.5452790348021156,2.0,55.423385876936784,33.69132899021117,350.0,1.9999999963210724,0.00036789276055060327,completed,,236,The solver successfully reached the end of the integration interval.
1.2,2.6390158215457893,92.6294553362572,0.12125732532083182,0.14550879038499817,0.302764384160452,0.569530499866282,2.0,65.82775532271987,40.230574549767056,350.0,1.999999996237399,0.00037626008270308375,completed,,236,The solver successfully reached the end of the integration interval.
1.4,2.6390158215457893,92.6294553362572,0.12125732532083182,0.16976025544916454,0.302764384160452,0.5937819649304483,2.0,75.1296997060152,46.376987223355734,350.0,1.999999996147212,0.00038527880678884685,completed,,236,The solver successfully reached the end of the integration interval.
1.6,2.6390158215457893,92.6294553362572,0.12125732532083182,0.19401172051333093,0.302764384160452,0.6180334299946147,2.0,83.00595660318446,52.01573195589947,350.0,1.9999999960490589,0.00039509410271421075,completed,,227,The solver successfully reached the end of the integration interval.
1.8,2.6390158215457893,92.6294553362572,0.12125732532083182,0.21826318557749727,0.302764384160452,0.6422848950587811,2.0,89.17894946506007,57.04770146499274,350.0,1.99999999594169,0.0004058310005348176,completed,,222,The solver successfully reached the end of the integration interval.
2.0,2.6390158215457893,92.6294553362572,0.12125732532083182,0.24251465064166364,0.302764384160452,0.6665363601229475,2.0,93.52999245595616,61.427426616239586,350.0,1.9999999958243448,0.0004175655194558203,completed,,220,The solver successfully reached the end of the integration interval.
2.2,2.6390158215457893,92.6294553362572,0.12125732532083182,0.26676611570583003,0.302764384160452,0.6907878251871138,2.0,96.21222240873564,65.19882872213984,350.0,1.9999999956970373,0.00043029626249335706,completed,,226,The solver successfully reached the end of the integration interval.
2.4000000000000004,2.6390158215457893,92.6294553362572,0.12125732532083182,0.2910175807699964,0.302764384160452,0.7150392902512802,2.0,97.64449056555387,68.48959297253721,350.0,1.9999999955606353,0.0004439364711288363,completed,,223,The solver successfully reached the end of the integration interval.
2.6,2.6390158215457893,92.6294553362572,0.12125732532083182,0.31526904583416276,0.302764384160452,0.7392907553154466,2.0,98.33046859786452,71.44869537077957,350.0,1.9999999954165053,0.00045834947377443314,completed,,219,The solver successfully reached the end of the integration interval.
2.8,2.6390158215457893,92.6294553362572,0.12125732532083182,0.3395205108983291,0.302764384160452,0.763542220379613,2.0,98.65769366617239,74.18161566693688,350.0,1.9999999952660201,0.00047339798766188323,completed,,223,The solver successfully reached the end of the integration interval.
2.9968749999999997,2.6390158215457893,92.6294553362572,0.12125732532083182,0.3633930468208678,0.302764384160452,0.7874147563021516,2.0,98.83582147479076,76.69629500668938,350.0,1.999999995112677,0.0004887323011644185,completed,,222,The solver successfully reached the end of the integration interval.
3.0,2.6390158215457893,92.6294553362572,0.12125732532083182,0.36377197596249544,0.302764384160452,0.7877936854437793,2.0,98.83806892470483,76.7348823447281,350.0,1.9999999951102068,0.0004889793344773352,completed,,222,The solver successfully reached the end of the integration interval.
3.2,2.6390158215457893,92.6294553362572,0.12125732532083182,0.38802344102666186,0.302764384160452,0.8120451505079456,2.0,98.9616671791337,79.11763205728751,350.0,1.9999999949497371,0.000505026284372434,completed,,219,The solver successfully reached the end of the integration interval.
3.4000000000000004,2.6390158215457893,92.6294553362572,0.12125732532083182,0.41227490609082823,0.302764384160452,0.8362966155721121,2.0,99.06110168671415,81.32463432912395,350.0,1.9999999947850295,0.0005214970442466438,completed,,221,The solver successfully reached the end of the integration interval.
3.6,2.6390158215457893,92.6294553362572,0.12125732532083182,0.43652637115499454,0.302764384160452,0.8605480806362784,2.0,99.146999763609,83.34870224968887,350.0,1.999999994616365,0.0005383634997997433,completed,,193,The solver successfully reached the end of the integration interval.
3.8000000000000003,2.6390158215457893,92.6294553362572,0.12125732532083182,0.46077783621916096,0.302764384160452,0.8847995457004447,2.0,99.22340470156392,85.18603581887683,350.0,1.999999994443966,0.0005556034157052636,completed,,195,The solver successfully reached the end of the integration interval.
4.0,2.6390158215457893,92.6294553362572,0.12125732532083182,0.4850293012833273,0.302764384160452,0.909051010764611,2.0,99.29195324942927,86.83733563662595,350.0,1.9999999942680462,0.0005731953715439886,completed,,193,The solver successfully reached the end of the integration interval.
4.2,2.6390158215457893,92.6294553362572,0.12125732532083182,0.5092807663474936,0.302764384160452,0.9333024758287773,2.0,99.35343649655893,88.30784862621442,350.0,1.9999999940888196,0.0005911180342081934,completed,,193,The solver successfully reached the end of the integration interval.
4.4,2.6390158215457893,92.6294553362572,0.12125732532083182,0.5335322314116601,0.302764384160452,0.9575539408929439,2.0,99.40856137794428,89.60688686071947,350.0,1.9999999939065083,0.0006093491683714092,completed,,190,The solver successfully reached the end of the integration interval.
4.6,2.6390158215457893,92.6294553362572,0.12125732532083182,0.5577836964758264,0.302764384160452,0.9818054059571102,2.0,99.45783622651825,90.74674248648088,350.0,1.9999999937213402,0.0006278659857343882,completed,,198,The solver successfully reached the end of the integration interval.
4.800000000000001,2.6390158215457893,92.6294553362572,0.12125732532083182,0.5820351615399928,0.302764384160452,1.0060568710212765,2.0,99.5017435834991,91.7415516572619,350.0,1.9999999935335373,0.0006466462800744921,completed,,190,The solver successfully reached the end of the integration interval.
5.0,2.6390158215457893,92.6294553362572,0.12125732532083182,0.6062866266041591,0.302764384160452,1.0303083360854428,2.0,99.54092638916421,92.60667856717586,350.0,1.9999999933433221,0.0006656677869614214,completed,,190,The solver successfully reached the end of the integration interval.
1.0,3.0314331330207964,106.40330296902994,0.10556063286183154,0.10556063286183154,0.26357170517688566,0.47469297090054874,2.0,56.379927573757826,34.079843185808635,350.0,1.999999996956235,0.0003043765027541667,completed,,228,The solver successfully reached the end of the integration interval.
1.2,3.0314331330207964,106.40330296902994,0.10556063286183154,0.12667275943419784,0.26357170517688566,0.495805097472915,2.0,66.91739172665187,40.67859243095492,350.0,1.9999999968886724,0.00031113275326788425,completed,,236,The solver successfully reached the end of the integration interval.
1.4,3.0314331330207964,106.40330296902994,0.10556063286183154,0.14778488600656414,0.26357170517688566,0.5169172240452813,2.0,76.29277059734821,46.86753472670523,350.0,1.9999999968155884,0.00031844116165302694,completed,,236,The solver successfully reached the end of the integration interval.
1.6,3.0314331330207964,106.40330296902994,0.10556063286183154,0.16889701257893047,0.26357170517688566,0.5380293506176477,2.0,84.15436981920375,52.52410415647164,350.0,1.9999999967356894,0.0003264310653321445,completed,,232,The solver successfully reached the end of the integration interval.
1.8,3.0314331330207964,106.40330296902994,0.10556063286183154,0.19000913915129677,0.26357170517688566,0.559141477190014,2.0,90.20251397027263,57.54452076933798,350.0,1.9999999966478639,0.0003352136118337512,completed,,231,The solver successfully reached the end of the integration interval.
2.0,3.0314331330207964,106.40330296902994,0.10556063286183154,0.21112126572366308,0.26357170517688566,0.5802536037623802,2.0,94.327657904507,61.8891553061081,350.0,1.9999999965514734,0.0003448526549618691,completed,,226,The solver successfully reached the end of the integration interval.
2.2,3.0314331330207964,106.40330296902994,0.10556063286183154,0.2322333922960294,0.26357170517688566,0.6013657303347466,2.0,96.74361987832604,65.62385188557232,350.0,1.9999999964466373,0.000355336262146011,completed,,227,The solver successfully reached the end of the integration interval.
2.4000000000000004,3.0314331330207964,106.40330296902994,0.10556063286183154,0.25334551886839574,0.26357170517688566,0.622477856907113,2.0,97.95134489676012,68.90221043530576,350.0,1.999999996334269,0.0003665731055662036,completed,,225,The solver successfully reached the end of the integration interval.
2.6,3.0314331330207964,106.40330296902994,0.10556063286183154,0.274457645440762,0.26357170517688566,0.6435899834794792,2.0,98.49745553858465,71.88355233978298,350.0,1.9999999962156685,0.00037843314930796623,completed,,222,The solver successfully reached the end of the integration interval.
2.8,3.0314331330207964,106.40330296902994,0.10556063286183154,0.2955697720131283,0.26357170517688566,0.6647021100518455,2.0,98.75688660365107,74.6648505047163,350.0,1.9999999960920325,0.0003907967475242913,completed,,221,The solver successfully reached the end of the integration interval.
2.9968749999999997,3.0314331330207964,106.40330296902994,0.10556063286183154,0.31635202160780135,0.26357170517688566,0.6854843596465185,2.0,98.90848965599153,77.23971137196223,350.0,1.999999995966217,0.0004033783043269068,completed,,220,The solver successfully reached the end of the integration interval.
3.0,3.0314331330207964,106.40330296902994,0.10556063286183154,0.3166818985854946,0.26357170517688566,0.6858142366242118,2.0,98.91050074522838,77.2792972914401,350.0,1.9999999959641892,0.00040358107071369886,completed,,220,The solver successfully reached the end of the integration interval.
3.2,3.0314331330207964,106.40330296902994,0.10556063286183154,0.33779402515786094,0.26357170517688566,0.7069263631965781,2.0,99.02512670581065,79.72615765448307,350.0,1.999999995832625,0.0004167374863754958,completed,,222,The solver successfully reached the end of the integration interval.
3.4000000000000004,3.0314331330207964,106.40330296902994,0.10556063286183154,0.3589061517302273,0.26357170517688566,0.7280384897689445,2.0,99.1219171572846,81.9946204212238,350.0,1.9999999956976262,0.0004302373854443431,completed,,220,The solver successfully reached the end of the integration interval.
3.6,3.0314331330207964,106.40330296902994,0.10556063286183154,0.38001827830259355,0.26357170517688566,0.7491506163413107,2.0,99.20757417435533,84.07460189327709,350.0,1.9999999955593768,0.0004440623160917312,completed,,204,The solver successfully reached the end of the integration interval.
3.8000000000000003,3.0314331330207964,106.40330296902994,0.10556063286183154,0.4011304048749599,0.26357170517688566,0.7702627429136771,2.0,99.28428687750217,85.96016395688227,350.0,1.9999999954180272,0.0004581972898449749,completed,,197,The solver successfully reached the end of the integration interval.
4.0,3.0314331330207964,106.40330296902994,0.10556063286183154,0.42224253144732615,0.26357170517688566,0.7913748694860433,2.0,99.35325210982103,87.6506740516301,350.0,1.9999999952737306,0.000472626939881593,completed,,195,The solver successfully reached the end of the integration interval.
4.2,3.0314331330207964,106.40330296902994,0.10556063286183154,0.4433546580196925,0.26357170517688566,0.8124869960584097,2.0,99.41516061840181,89.15064405976277,350.0,1.9999999951266492,0.0004873350844718516,completed,,196,The solver successfully reached the end of the integration interval.
4.4,3.0314331330207964,106.40330296902994,0.10556063286183154,0.4644667845920588,0.26357170517688566,0.8335991226307761,2.0,99.47059374202088,90.4692014684933,350.0,1.999999994976962,0.0005023037956561893,completed,,195,The solver successfully reached the end of the integration interval.
4.6,3.0314331330207964,106.40330296902994,0.10556063286183154,0.48557891116442503,0.26357170517688566,0.8547112492031422,2.0,99.52000701921202,91.61905118823066,350.0,1.9999999948248552,0.0005175144760869443,completed,,196,The solver successfully reached the end of the integration interval.
4.800000000000001,3.0314331330207964,106.40330296902994,0.10556063286183154,0.5066910377367915,0.26357170517688566,0.8758233757755086,2.0,99.56393072479555,92.61527039500234,350.0,1.9999999946705298,0.000532947015017271,completed,,195,The solver successfully reached the end of the integration interval.
5.0,3.0314331330207964,106.40330296902994,0.10556063286183154,0.5278031643091576,0.26357170517688566,0.8969355023478748,2.0,99.60284004097556,93.47428829940256,350.0,1.999999994514165,0.0005485834844876081,completed,,193,The solver successfully reached the end of the integration interval.
1.0,3.4822022531844974,122.22529908677583,0.09189586839976278,0.09189586839976278,0.2294524964106577,0.4132442332101833,2.0,57.32339317503605,34.460394955749905,350.0,1.9999999974708158,0.00025291842757724226,completed,,223,The solver successfully reached the end of the integration interval.
1.2,3.4822022531844974,122.22529908677583,0.09189586839976278,0.11027504207971534,0.2294524964106577,0.4316234068901358,2.0,67.98576221633816,41.11501219035381,350.0,1.999999997415997,0.0002584003086667508,completed,,230,The solver successfully reached the end of the integration interval.
1.4,3.4822022531844974,122.22529908677583,0.09189586839976278,0.1286542157596679,0.2294524964106577,0.45000258057008835,2.0,77.425109009946,47.342908268122194,350.0,1.9999999973564633,0.0002643536718096584,completed,,238,The solver successfully reached the end of the integration interval.
1.6,3.4822022531844974,122.22529908677583,0.09189586839976278,0.14703338943962047,0.2294524964106577,0.4683817542500409,2.0,85.2562350072933,53.01203617030726,350.0,1.9999999972910592,0.0002708940883167088,completed,,241,The solver successfully reached the end of the integration interval.
1.8,3.4822022531844974,122.22529908677583,0.09189586839976278,0.165412563119573,0.2294524964106577,0.4867609279299935,2.0,91.15846053011445,58.01467017933983,350.0,1.9999999972188014,0.0002781198709271848,completed,,233,The solver successfully reached the end of the integration interval.
2.0,3.4822022531844974,122.22529908677583,0.09189586839976278,0.18379173679952557,0.2294524964106577,0.505140101609946,2.0,95.03953163312671,62.32025349176789,350.0,1.9999999971391627,0.0002860837266780436,completed,,231,The solver successfully reached the end of the integration interval.
2.2,3.4822022531844974,122.22529908677583,0.09189586839976278,0.20217091047947813,0.2294524964106577,0.5235192752898986,2.0,97.18784217815451,66.02054615646092,350.0,1.9999999970523594,0.00029476406052708626,completed,,229,The solver successfully reached the end of the integration interval.
2.4000000000000004,3.4822022531844974,122.22529908677583,0.09189586839976278,0.22055008415943073,0.2294524964106577,0.5418984489698512,2.0,98.19072051546557,69.29530658302899,350.0,1.999999996959338,0.00030406619771383703,completed,,230,The solver successfully reached the end of the integration interval.
2.6,3.4822022531844974,122.22529908677583,0.09189586839976278,0.23892925783938324,0.2294524964106577,0.5602776226498037,2.0,98.62371809520226,72.30852036477428,350.0,1.9999999968613187,0.0003138681349810213,completed,,224,The solver successfully reached the end of the integration interval.
2.8,3.4822022531844974,122.22529908677583,0.09189586839976278,0.2573084315193358,0.2294524964106577,0.5786567963297563,2.0,98.83571955548088,75.14435313465577,350.0,1.9999999967593198,0.00032406800892204046,completed,,230,The solver successfully reached the end of the integration interval.
2.9968749999999997,3.4822022531844974,122.22529908677583,0.09189586839976278,0.2754004306105391,0.2294524964106577,0.5967487954209596,2.0,98.97133541328076,77.78153181300047,350.0,1.9999999966556565,0.00033443435677327216,completed,,225,The solver successfully reached the end of the integration interval.
3.0,3.4822022531844974,122.22529908677583,0.09189586839976278,0.27568760519928837,0.2294524964106577,0.5970359700097089,2.0,98.97321353150137,77.8221244716278,350.0,1.9999999966539874,0.0003346012672409415,completed,,225,The solver successfully reached the end of the integration interval.
3.2,3.4822022531844974,122.22529908677583,0.09189586839976278,0.29406677887924093,0.2294524964106577,0.6154151436896614,2.0,99.08325148347879,80.33279977636467,350.0,1.9999999965456654,0.0003454334510024637,completed,,222,The solver successfully reached the end of the integration interval.
3.4000000000000004,3.4822022531844974,122.22529908677583,0.09189586839976278,0.3124459525591935,0.2294524964106577,0.633794317369614,2.0,99.17924933333725,82.66145972980709,350.0,1.9999999964345365,0.00035654634120874107,completed,,223,The solver successfully reached the end of the integration interval.
3.6,3.4822022531844974,122.22529908677583,0.09189586839976278,0.330825126239146,0.2294524964106577,0.6521734910495665,2.0,99.26486093007377,84.79521020172224,350.0,1.9999999963207145,0.00036792855826206505,completed,,221,The solver successfully reached the end of the integration interval.
3.8000000000000003,3.4822022531844974,122.22529908677583,0.09189586839976278,0.3492042999190986,0.2294524964106577,0.6705526647295191,2.0,99.34194178758462,86.72646368893834,350.0,1.9999999962042985,0.00037957014865241945,completed,,197,The solver successfully reached the end of the integration interval.
4.0,3.4822022531844974,122.22529908677583,0.09189586839976278,0.36758347359905114,0.2294524964106577,0.6889318384094716,2.0,99.41118053621774,88.45295970414581,350.0,1.9999999960853918,0.00039146080962382257,completed,,198,The solver successfully reached the end of the integration interval.
4.2,3.4822022531844974,122.22529908677583,0.09189586839976278,0.3859626472790037,0.2294524964106577,0.7073110120894242,2.0,99.47329785505147,89.97843676740727,350.0,1.9999999959641246,0.00040358753176406026,completed,,201,The solver successfully reached the end of the integration interval.
4.4,3.4822022531844974,122.22529908677583,0.09189586839976278,0.40434182095895627,0.2294524964106577,0.7256901857693767,2.0,99.5287875284651,91.31190847074129,350.0,1.9999999958406374,0.0004159362579230219,completed,,196,The solver successfully reached the end of the integration interval.
4.6,3.4822022531844974,122.22529908677583,0.09189586839976278,0.4227209946389088,0.2294524964106577,0.7440693594493293,2.0,99.57804439583654,92.46626605544564,350.0,1.9999999957150882,0.0004284911847207695,completed,,196,The solver successfully reached the end of the integration interval.
4.800000000000001,3.4822022531844974,122.22529908677583,0.09189586839976278,0.44110016831886145,0.2294524964106577,0.762448533129282,2.0,99.6215941994482,93.45783542541399,350.0,1.9999999955876442,0.0004412355774547905,completed,,197,The solver successfully reached the end of the integration interval.
5.0,3.4822022531844974,122.22529908677583,0.09189586839976278,0.4594793419988139,0.2294524964106577,0.7808277068092344,2.0,99.65991815501432,94.30444480445568,350.0,1.9999999954584695,0.0004541530506685376,completed,,196,The solver successfully reached the end of the integration interval.
1.0,4.0,140.39999999999998,0.08,0.08,0.19975,0.35975,2.0,58.25448126655408,34.83359974601644,350.0,1.9999999978897351,0.0002110264904331416,completed,,233,The solver successfully reached the end of the integration interval.
1.2,4.0,140.39999999999998,0.08,0.096,0.19975,0.37575000000000003,2.0,69.03481802643478,41.54103869252308,350.0,1.9999999978450462,0.00021549538359977305,completed,,225,The solver successfully reached the end of the integration interval.
1.4,4.0,140.39999999999998,0.08,0.11199999999999999,0.19975,0.39175000000000004,2.0,78.52662672655852,47.80337621177469,350.0,1.9999999977963037,0.0002203696349170059,completed,,224,The solver successfully reached the end of the integration interval.
1.6,4.0,140.39999999999998,0.08,0.128,0.19975,0.40775000000000006,2.0,86.31196985594795,53.48017591851376,350.0,1.9999999977424776,0.0002257522428408265,completed,,238,The solver successfully reached the end of the integration interval.
1.8,4.0,140.39999999999998,0.08,0.14400000000000002,0.19975,0.42375000000000007,2.0,92.04733749126127,58.45917629697214,350.0,1.9999999976826883,0.00023173115914687514,completed,,236,The solver successfully reached the end of the integration interval.
2.0,4.0,140.39999999999998,0.08,0.16,0.19975,0.43975,2.0,95.66877576655612,62.72279976171846,350.0,1.999999997616521,0.0002383478858973831,completed,,234,The solver successfully reached the end of the integration interval.
2.2,4.0,140.39999999999998,0.08,0.17600000000000002,0.19975,0.45575,2.0,97.55425766868132,66.39303859493977,350.0,1.9999999975442828,0.0002455717185512185,completed,,234,The solver successfully reached the end of the integration interval.
2.4000000000000004,4.0,140.39999999999998,0.08,0.19200000000000003,0.19975,0.47175,2.0,98.37610617960112,69.67367771831815,350.0,1.9999999974669334,0.0002533066726755351,completed,,230,The solver successfully reached the end of the integration interval.
2.6,4.0,140.39999999999998,0.08,0.20800000000000002,0.19975,0.48775,2.0,98.72134977229929,72.72698595258078,350.0,1.9999999973855935,0.0002614406403154135,completed,,231,The solver successfully reached the end of the integration interval.
2.8,4.0,140.39999999999998,0.08,0.22399999999999998,0.19975,0.50375,2.0,98.9018244940409,75.62131522350222,350.0,1.9999999973011133,0.0002698886673897505,completed,,226,The solver successfully reached the end of the integration interval.
2.9968749999999997,4.0,140.39999999999998,0.08,0.23975,0.19975,0.5195,2.0,99.0282961609249,78.32120696462995,350.0,1.9999999972153633,0.0002784636744763702,completed,,224,The solver successfully reached the end of the integration interval.
3.0,4.0,140.39999999999998,0.08,0.24,0.19975,0.51975,2.0,99.03010539541785,78.36279683574367,350.0,1.9999999972139817,0.00027860183035954833,completed,,224,The solver successfully reached the end of the integration interval.
3.2,4.0,140.39999999999998,0.08,0.256,0.19975,0.5357500000000001,2.0,99.13778653989797,80.93595304548462,350.0,1.9999999971244309,0.00028755690436810255,completed,,225,The solver successfully reached the end of the integration interval.
3.4000000000000004,4.0,140.39999999999998,0.08,0.272,0.19975,0.5517500000000001,2.0,99.23348806042756,83.32278686552937,350.0,1.9999999970325688,0.00029674312099814415,completed,,226,The solver successfully reached the end of the integration interval.
3.6,4.0,140.39999999999998,0.08,0.28800000000000003,0.19975,0.5677500000000001,2.0,99.3191474219083,85.50788926151179,350.0,1.9999999969384572,0.00030615428113378584,completed,,225,The solver successfully reached the end of the integration interval.
3.8000000000000003,4.0,140.39999999999998,0.08,0.30400000000000005,0.19975,0.5837500000000001,2.0,99.39629531028919,87.481772007167,350.0,1.9999999968421551,0.0003157844766974449,completed,,220,The solver successfully reached the end of the integration interval.
4.0,4.0,140.39999999999998,0.08,0.32,0.19975,0.59975,2.0,99.46567463203355,89.24096435842543,350.0,1.9999999967437367,0.00032562631531618536,completed,,198,The solver successfully reached the end of the integration interval.
4.2,4.0,140.39999999999998,0.08,0.336,0.19975,0.61575,2.0,99.52775282974244,90.78749851749895,350.0,1.999999996643292,0.00033567080390639603,completed,,195,The solver successfully reached the end of the integration interval.
4.4,4.0,140.39999999999998,0.08,0.35200000000000004,0.19975,0.63175,2.0,99.58299777904371,92.13028015300175,350.0,1.999999996540948,0.0003459051949903369,completed,,201,The solver successfully reached the end of the integration interval.
4.6,4.0,140.39999999999998,0.08,0.368,0.19975,0.64775,2.0,99.63184324163203,93.28313655839044,350.0,1.999999996436829,0.00035631711944006383,completed,,199,The solver successfully reached the end of the integration interval.
4.800000000000001,4.0,140.39999999999998,0.08,0.38400000000000006,0.19975,0.6637500000000001,2.0,99.67473116632267,94.26346992590359,350.0,1.9999999963310808,0.00036689190892502666,completed,,198,The solver successfully reached the end of the integration interval.
5.0,4.0,140.39999999999998,0.08,0.4,0.19975,0.6797500000000001,2.0,99.71219025462379,95.09115094136492,350.0,1.9999999962238548,0.0003776145167648792,completed,,206,The solver successfully reached the end of the integration interval.
