panel,x_species,x_feed_mol_h,y_species,y_feed_mol_h,fixed_species,fixed_feed_mol_h,co_feed_mol_h,h2_feed_mol_h,n2_feed_mol_h,total_feed_mol_h,co_conversion_pct,status,solver_message
H2_vs_CO_at_fixed_N2,CO,0.24,H2,0.2,N2,0.799,0.24,0.2,0.799,1.239,25.405932346106585,completed,The solver successfully reached the end of the integration interval.
H2_vs_CO_at_fixed_N2,CO,0.24888888888888888,H2,0.2,N2,0.799,0.24888888888888888,0.2,0.799,1.2478888888888888,24.6146557123989,completed,The solver successfully reached the end of the integration interval.
H2_vs_CO_at_fixed_N2,CO,0.2577777777777778,H2,0.2,N2,0.799,0.2577777777777778,0.2,0.799,1.2567777777777778,23.868662380240682,completed,The solver successfully reached the end of the integration interval.
H2_vs_CO_at_fixed_N2,CO,0.26666666666666666,H2,0.2,N2,0.799,0.26666666666666666,0.2,0.799,1.2656666666666667,23.164158326159967,completed,The solver successfully reached the end of the integration interval.
H2_vs_CO_at_fixed_N2,CO,0.27555555555555555,H2,0.2,N2,0.799,0.27555555555555555,0.2,0.799,1.2745555555555557,22.497763394005826,completed,The solver successfully reached the end of the integration interval.
H2_vs_CO_at_fixed_N2,CO,0.28444444444444444,H2,0.2,N2,0.799,0.28444444444444444,0.2,0.799,1.2834444444444446,21.86635076233484,completed,The solver successfully reached the end of the integration interval.
H2_vs_CO_at_fixed_N2,CO,0.29333333333333333,H2,0.2,N2,0.799,0.29333333333333333,0.2,0.799,1.2923333333333333,21.267453145323827,completed,The solver successfully reached the end of the integration interval.
H2_vs_CO_at_fixed_N2,CO,0.3022222222222222,H2,0.2,N2,0.799,0.3022222222222222,0.2,0.799,1.3012222222222223,20.69850640701103,completed,The solver successfully reached the end of the integration interval.
H2_vs_CO_at_fixed_N2,CO,0.3111111111111111,H2,0.2,N2,0.799,0.3111111111111111,0.2,0.799,1.3101111111111112,20.15731217904587,completed,The solver successfully reached the end of the integration interval.
H2_vs_CO_at_fixed_N2,CO,0.32,H2,0.2,N2,0.799,0.32,0.2,0.799,1.319,19.64190071472445,completed,The solver successfully reached the end of the integration interval.
H2_vs_CO_at_fixed_N2,CO,0.3288888888888889,H2,0.2,N2,0.799,0.3288888888888889,0.2,0.799,1.327888888888889,19.150467983056735,completed,The solver successfully reached the end of the integration interval.
H2_vs_CO_at_fixed_N2,CO,0.3377777777777778,H2,0.2,N2,0.799,0.3377777777777778,0.2,0.799,1.3367777777777778,18.681375106042676,completed,The solver successfully reached the end of the integration interval.
H2_vs_CO_at_fixed_N2,CO,0.3466666666666667,H2,0.2,N2,0.799,0.3466666666666667,0.2,0.799,1.3456666666666668,18.233133970467566,completed,The solver successfully reached the end of the integration interval.
H2_vs_CO_at_fixed_N2,CO,0.35555555555555557,H2,0.2,N2,0.799,0.35555555555555557,0.2,0.799,1.3545555555555557,17.804371069536213,completed,The solver successfully reached the end of the integration interval.
H2_vs_CO_at_fixed_N2,CO,0.36444444444444446,H2,0.2,N2,0.799,0.36444444444444446,0.2,0.799,1.3634444444444445,17.393872651144346,completed,The solver successfully reached the end of the integration interval.
H2_vs_CO_at_fixed_N2,CO,0.37333333333333335,H2,0.2,N2,0.799,0.37333333333333335,0.2,0.799,1.3723333333333334,17.000574341007407,completed,The solver successfully reached the end of the integration interval.
H2_vs_CO_at_fixed_N2,CO,0.38222222222222224,H2,0.2,N2,0.799,0.38222222222222224,0.2,0.799,1.3812222222222224,16.623244653343438,completed,The solver successfully reached the end of the integration interval.
H2_vs_CO_at_fixed_N2,CO,0.39111111111111113,H2,0.2,N2,0.799,0.39111111111111113,0.2,0.799,1.390111111111111,16.261020571214413,completed,The solver successfully reached the end of the integration interval.
H2_vs_CO_at_fixed_N2,CO,0.4,H2,0.2,N2,0.799,0.4,0.2,0.799,1.399,15.913016480345407,completed,The solver successfully reached the end of the integration interval.
H2_vs_CO_at_fixed_N2,CO,0.24,H2,0.25555555555555554,N2,0.799,0.24,0.25555555555555554,0.799,1.2945555555555557,33.10313679899779,completed,The solver successfully reached the end of the integration interval.
H2_vs_CO_at_fixed_N2,CO,0.24888888888888888,H2,0.25555555555555554,N2,0.799,0.24888888888888888,0.25555555555555554,0.799,1.3034444444444444,32.10881697279649,completed,The solver successfully reached the end of the integration interval.
H2_vs_CO_at_fixed_N2,CO,0.2577777777777778,H2,0.25555555555555554,N2,0.799,0.2577777777777778,0.25555555555555554,0.799,1.3123333333333334,31.1688812204784,completed,The solver successfully reached the end of the integration interval.
H2_vs_CO_at_fixed_N2,CO,0.26666666666666666,H2,0.25555555555555554,N2,0.799,0.26666666666666666,0.25555555555555554,0.799,1.3212222222222223,30.279024046407386,completed,The solver successfully reached the end of the integration interval.
H2_vs_CO_at_fixed_N2,CO,0.27555555555555555,H2,0.25555555555555554,N2,0.799,0.27555555555555555,0.25555555555555554,0.799,1.330111111111111,29.435372057104864,completed,The solver successfully reached the end of the integration interval.
H2_vs_CO_at_fixed_N2,CO,0.28444444444444444,H2,0.25555555555555554,N2,0.799,0.28444444444444444,0.25555555555555554,0.799,1.339,28.634465119943165,completed,The solver successfully reached the end of the integration interval.
H2_vs_CO_at_fixed_N2,CO,0.29333333333333333,H2,0.25555555555555554,N2,0.799,0.29333333333333333,0.25555555555555554,0.799,1.347888888888889,27.873165983164196,completed,The solver successfully reached the end of the integration interval.
H2_vs_CO_at_fixed_N2,CO,0.3022222222222222,H2,0.25555555555555554,N2,0.799,0.3022222222222222,0.25555555555555554,0.799,1.3567777777777779,27.148615454550306,completed,The solver successfully reached the end of the integration interval.
H2_vs_CO_at_fixed_N2,CO,0.3111111111111111,H2,0.25555555555555554,N2,0.799,0.3111111111111111,0.25555555555555554,0.799,1.3656666666666668,26.458241253152003,completed,The solver successfully reached the end of the integration interval.
H2_vs_CO_at_fixed_N2,CO,0.32,H2,0.25555555555555554,N2,0.799,0.32,0.25555555555555554,0.799,1.3745555555555555,25.799701299649453,completed,The solver successfully reached the end of the integration interval.
H2_vs_CO_at_fixed_N2,CO,0.3288888888888889,H2,0.25555555555555554,N2,0.799,0.3288888888888889,0.25555555555555554,0.799,1.3834444444444445,25.17086035983651,completed,The solver successfully reached the end of the integration interval.
H2_vs_CO_at_fixed_N2,CO,0.3377777777777778,H2,0.25555555555555554,N2,0.799,0.3377777777777778,0.25555555555555554,0.799,1.3923333333333334,24.56976592723048,completed,The solver successfully reached the end of the integration interval.
H2_vs_CO_at_fixed_N2,CO,0.3466666666666667,H2,0.25555555555555554,N2,0.799,0.3466666666666667,0.25555555555555554,0.799,1.4012222222222221,23.994629471429185,completed,The solver successfully reached the end of the integration interval.
H2_vs_CO_at_fixed_N2,CO,0.35555555555555557,H2,0.25555555555555554,N2,0.799,0.35555555555555557,0.25555555555555554,0.799,1.410111111111111,23.44382066735848,completed,The solver successfully reached the end of the integration interval.
H2_vs_CO_at_fixed_N2,CO,0.36444444444444446,H2,0.25555555555555554,N2,0.799,0.36444444444444446,0.25555555555555554,0.799,1.419,22.915839213986857,completed,The solver successfully reached the end of the integration interval.
H2_vs_CO_at_fixed_N2,CO,0.37333333333333335,H2,0.25555555555555554,N2,0.799,0.37333333333333335,0.25555555555555554,0.799,1.427888888888889,22.409305265657064,completed,The solver successfully reached the end of the integration interval.
H2_vs_CO_at_fixed_N2,CO,0.38222222222222224,H2,0.25555555555555554,N2,0.799,0.38222222222222224,0.25555555555555554,0.799,1.436777777777778,21.922936980828645,completed,The solver successfully reached the end of the integration interval.
H2_vs_CO_at_fixed_N2,CO,0.39111111111111113,H2,0.25555555555555554,N2,0.799,0.39111111111111113,0.25555555555555554,0.799,1.4456666666666667,21.455581074566208,completed,The solver successfully reached the end of the integration interval.
H2_vs_CO_at_fixed_N2,CO,0.4,H2,0.25555555555555554,N2,0.799,0.4,0.25555555555555554,0.799,1.4545555555555556,21.006146672020613,completed,The solver successfully reached the end of the integration interval.
H2_vs_CO_at_fixed_N2,CO,0.24,H2,0.3111111111111111,N2,0.799,0.24,0.3111111111111111,0.799,1.350111111111111,40.48146380676997,completed,The solver successfully reached the end of the integration interval.
H2_vs_CO_at_fixed_N2,CO,0.24888888888888888,H2,0.3111111111111111,N2,0.799,0.24888888888888888,0.3111111111111111,0.799,1.359,39.315878051658906,completed,The solver successfully reached the end of the integration interval.
H2_vs_CO_at_fixed_N2,CO,0.2577777777777778,H2,0.3111111111111111,N2,0.799,0.2577777777777778,0.3111111111111111,0.799,1.367888888888889,38.21041208343447,completed,The solver successfully reached the end of the integration interval.
H2_vs_CO_at_fixed_N2,CO,0.26666666666666666,H2,0.3111111111111111,N2,0.799,0.26666666666666666,0.3111111111111111,0.799,1.3767777777777779,37.16067189880204,completed,The solver successfully reached the end of the integration interval.
H2_vs_CO_at_fixed_N2,CO,0.27555555555555555,H2,0.3111111111111111,N2,0.799,0.27555555555555555,0.3111111111111111,0.799,1.3856666666666668,36.162668284667525,completed,The solver successfully reached the end of the integration interval.
H2_vs_CO_at_fixed_N2,CO,0.28444444444444444,H2,0.3111111111111111,N2,0.799,0.28444444444444444,0.3111111111111111,0.799,1.3945555555555555,35.21283804574122,completed,The solver successfully reached the end of the integration interval.
H2_vs_CO_at_fixed_N2,CO,0.29333333333333333,H2,0.3111111111111111,N2,0.799,0.29333333333333333,0.3111111111111111,0.799,1.4034444444444445,34.307835157045005,completed,The solver successfully reached the end of the integration interval.
H2_vs_CO_at_fixed_N2,CO,0.3022222222222222,H2,0.3111111111111111,N2,0.799,0.3022222222222222,0.3111111111111111,0.799,1.4123333333333334,33.444629335590804,completed,The solver successfully reached the end of the integration interval.
H2_vs_CO_at_fixed_N2,CO,0.3111111111111111,H2,0.3111111111111111,N2,0.799,0.3111111111111111,0.3111111111111111,0.799,1.4212222222222222,32.620450749824755,completed,The solver successfully reached the end of the integration interval.
H2_vs_CO_at_fixed_N2,CO,0.32,H2,0.3111111111111111,N2,0.799,0.32,0.3111111111111111,0.799,1.430111111111111,31.83278532966543,completed,The solver successfully reached the end of the integration interval.
H2_vs_CO_at_fixed_N2,CO,0.3288888888888889,H2,0.3111111111111111,N2,0.799,0.3288888888888889,0.3111111111111111,0.799,1.439,31.079312503364815,completed,The solver successfully reached the end of the integration interval.
H2_vs_CO_at_fixed_N2,CO,0.3377777777777778,H2,0.3111111111111111,N2,0.799,0.3377777777777778,0.3111111111111111,0.799,1.447888888888889,30.357884470716566,completed,The solver successfully reached the end of the integration interval.
H2_vs_CO_at_fixed_N2,CO,0.3466666666666667,H2,0.3111111111111111,N2,0.799,0.3466666666666667,0.3111111111111111,0.799,1.456777777777778,29.666535622309542,completed,The solver successfully reached the end of the integration interval.
H2_vs_CO_at_fixed_N2,CO,0.35555555555555557,H2,0.3111111111111111,N2,0.799,0.35555555555555557,0.3111111111111111,0.799,1.4656666666666667,29.003454076473894,completed,The solver successfully reached the end of the integration interval.
H2_vs_CO_at_fixed_N2,CO,0.36444444444444446,H2,0.3111111111111111,N2,0.799,0.36444444444444446,0.3111111111111111,0.799,1.4745555555555556,28.36697621387827,completed,The solver successfully reached the end of the integration interval.
H2_vs_CO_at_fixed_N2,CO,0.37333333333333335,H2,0.3111111111111111,N2,0.799,0.37333333333333335,0.3111111111111111,0.799,1.4834444444444446,27.75556000992287,completed,The solver successfully reached the end of the integration interval.
H2_vs_CO_at_fixed_N2,CO,0.38222222222222224,H2,0.3111111111111111,N2,0.799,0.38222222222222224,0.3111111111111111,0.799,1.4923333333333333,27.167774037785502,completed,The solver successfully reached the end of the integration interval.
H2_vs_CO_at_fixed_N2,CO,0.39111111111111113,H2,0.3111111111111111,N2,0.799,0.39111111111111113,0.3111111111111111,0.799,1.5012222222222222,26.60229563512196,completed,The solver successfully reached the end of the integration interval.
H2_vs_CO_at_fixed_N2,CO,0.4,H2,0.3111111111111111,N2,0.799,0.4,0.3111111111111111,0.799,1.5101111111111112,26.057897871168894,completed,The solver successfully reached the end of the integration interval.
H2_vs_CO_at_fixed_N2,CO,0.24,H2,0.3666666666666667,N2,0.799,0.24,0.3666666666666667,0.799,1.4056666666666668,47.42512681741841,completed,The solver successfully reached the end of the integration interval.
H2_vs_CO_at_fixed_N2,CO,0.24888888888888888,H2,0.3666666666666667,N2,0.799,0.24888888888888888,0.3666666666666667,0.799,1.4145555555555556,46.12501727710629,completed,The solver successfully reached the end of the integration interval.
H2_vs_CO_at_fixed_N2,CO,0.2577777777777778,H2,0.3666666666666667,N2,0.799,0.2577777777777778,0.3666666666666667,0.799,1.4234444444444445,44.887085134406775,completed,The solver successfully reached the end of the integration interval.
H2_vs_CO_at_fixed_N2,CO,0.26666666666666666,H2,0.3666666666666667,N2,0.799,0.26666666666666666,0.3666666666666667,0.799,1.4323333333333335,43.70733383495083,completed,The solver successfully reached the end of the integration interval.
H2_vs_CO_at_fixed_N2,CO,0.27555555555555555,H2,0.3666666666666667,N2,0.799,0.27555555555555555,0.3666666666666667,0.799,1.4412222222222222,42.58204568257589,completed,The solver successfully reached the end of the integration interval.
H2_vs_CO_at_fixed_N2,CO,0.28444444444444444,H2,0.3666666666666667,N2,0.799,0.28444444444444444,0.3666666666666667,0.799,1.4501111111111111,41.507771282173906,completed,The solver successfully reached the end of the integration interval.
H2_vs_CO_at_fixed_N2,CO,0.29333333333333333,H2,0.3666666666666667,N2,0.799,0.29333333333333333,0.3666666666666667,0.799,1.459,40.48132610616369,completed,The solver successfully reached the end of the integration interval.
H2_vs_CO_at_fixed_N2,CO,0.3022222222222222,H2,0.3666666666666667,N2,0.799,0.3022222222222222,0.3666666666666667,0.799,1.467888888888889,39.49975361089238,completed,The solver successfully reached the end of the integration interval.
H2_vs_CO_at_fixed_N2,CO,0.3111111111111111,H2,0.3666666666666667,N2,0.799,0.3111111111111111,0.3666666666666667,0.799,1.476777777777778,38.56031382432563,completed,The solver successfully reached the end of the integration interval.
H2_vs_CO_at_fixed_N2,CO,0.32,H2,0.3666666666666667,N2,0.799,0.32,0.3666666666666667,0.799,1.4856666666666667,37.66046918239898,completed,The solver successfully reached the end of the integration interval.
H2_vs_CO_at_fixed_N2,CO,0.3288888888888889,H2,0.3666666666666667,N2,0.799,0.3288888888888889,0.3666666666666667,0.799,1.4945555555555556,36.79786861573296,completed,The solver successfully reached the end of the integration interval.
H2_vs_CO_at_fixed_N2,CO,0.3377777777777778,H2,0.3666666666666667,N2,0.799,0.3377777777777778,0.3666666666666667,0.799,1.5034444444444446,35.97036195505906,completed,The solver successfully reached the end of the integration interval.
H2_vs_CO_at_fixed_N2,CO,0.3466666666666667,H2,0.3666666666666667,N2,0.799,0.3466666666666667,0.3666666666666667,0.799,1.5123333333333333,35.17591778673864,completed,The solver successfully reached the end of the integration interval.
H2_vs_CO_at_fixed_N2,CO,0.35555555555555557,H2,0.3666666666666667,N2,0.799,0.35555555555555557,0.3666666666666667,0.799,1.5212222222222223,34.412655675941465,completed,The solver successfully reached the end of the integration interval.
H2_vs_CO_at_fixed_N2,CO,0.36444444444444446,H2,0.3666666666666667,N2,0.799,0.36444444444444446,0.3666666666666667,0.799,1.5301111111111112,33.678832353031126,completed,The solver successfully reached the end of the integration interval.
H2_vs_CO_at_fixed_N2,CO,0.37333333333333335,H2,0.3666666666666667,N2,0.799,0.37333333333333335,0.3666666666666667,0.799,1.5390000000000001,32.97282688982439,completed,The solver successfully reached the end of the integration interval.
H2_vs_CO_at_fixed_N2,CO,0.38222222222222224,H2,0.3666666666666667,N2,0.799,0.38222222222222224,0.3666666666666667,0.799,1.547888888888889,32.29313279851054,completed,The solver successfully reached the end of the integration interval.
H2_vs_CO_at_fixed_N2,CO,0.39111111111111113,H2,0.3666666666666667,N2,0.799,0.39111111111111113,0.3666666666666667,0.799,1.5567777777777778,31.638377927286975,completed,The solver successfully reached the end of the integration interval.
H2_vs_CO_at_fixed_N2,CO,0.4,H2,0.3666666666666667,N2,0.799,0.4,0.3666666666666667,0.799,1.5656666666666668,31.00723040426081,completed,The solver successfully reached the end of the integration interval.
H2_vs_CO_at_fixed_N2,CO,0.24,H2,0.399,N2,0.799,0.24,0.399,0.799,1.4380000000000002,51.23222760321791,completed,The solver successfully reached the end of the integration interval.
H2_vs_CO_at_fixed_N2,CO,0.24888888888888888,H2,0.399,N2,0.799,0.24888888888888888,0.399,0.799,1.446888888888889,49.871946455285226,completed,The solver successfully reached the end of the integration interval.
H2_vs_CO_at_fixed_N2,CO,0.2577777777777778,H2,0.399,N2,0.799,0.2577777777777778,0.399,0.799,1.4557777777777778,48.573331920729075,completed,The solver successfully reached the end of the integration interval.
H2_vs_CO_at_fixed_N2,CO,0.26666666666666666,H2,0.399,N2,0.799,0.26666666666666666,0.399,0.799,1.4646666666666668,47.332784963266825,completed,The solver successfully reached the end of the integration interval.
H2_vs_CO_at_fixed_N2,CO,0.27555555555555555,H2,0.399,N2,0.799,0.27555555555555555,0.399,0.799,1.4735555555555555,46.14693509819159,completed,The solver successfully reached the end of the integration interval.
H2_vs_CO_at_fixed_N2,CO,0.28444444444444444,H2,0.399,N2,0.799,0.28444444444444444,0.399,0.799,1.4824444444444445,45.01257507042597,completed,The solver successfully reached the end of the integration interval.
H2_vs_CO_at_fixed_N2,CO,0.29333333333333333,H2,0.399,N2,0.799,0.29333333333333333,0.399,0.799,1.4913333333333334,43.92670954899921,completed,The solver successfully reached the end of the integration interval.
H2_vs_CO_at_fixed_N2,CO,0.3022222222222222,H2,0.399,N2,0.799,0.3022222222222222,0.399,0.799,1.5002222222222223,42.886545830650604,completed,The solver successfully reached the end of the integration interval.
H2_vs_CO_at_fixed_N2,CO,0.3111111111111111,H2,0.399,N2,0.799,0.3111111111111111,0.399,0.799,1.5091111111111113,41.88945886183499,completed,The solver successfully reached the end of the integration interval.
H2_vs_CO_at_fixed_N2,CO,0.32,H2,0.399,N2,0.799,0.32,0.399,0.799,1.518,40.933000038476315,completed,The solver successfully reached the end of the integration interval.
H2_vs_CO_at_fixed_N2,CO,0.3288888888888889,H2,0.399,N2,0.799,0.3288888888888889,0.399,0.799,1.526888888888889,40.01488736589998,completed,The solver successfully reached the end of the integration interval.
H2_vs_CO_at_fixed_N2,CO,0.3377777777777778,H2,0.399,N2,0.799,0.3377777777777778,0.399,0.799,1.535777777777778,39.132992642991454,completed,The solver successfully reached the end of the integration interval.
H2_vs_CO_at_fixed_N2,CO,0.3466666666666667,H2,0.399,N2,0.799,0.3466666666666667,0.399,0.799,1.5446666666666666,38.28532194266078,completed,The solver successfully reached the end of the integration interval.
H2_vs_CO_at_fixed_N2,CO,0.35555555555555557,H2,0.399,N2,0.799,0.35555555555555557,0.399,0.799,1.5535555555555556,37.470015697315645,completed,The solver successfully reached the end of the integration interval.
H2_vs_CO_at_fixed_N2,CO,0.36444444444444446,H2,0.399,N2,0.799,0.36444444444444446,0.399,0.799,1.5624444444444445,36.68533820093733,completed,The solver successfully reached the end of the integration interval.
H2_vs_CO_at_fixed_N2,CO,0.37333333333333335,H2,0.399,N2,0.799,0.37333333333333335,0.399,0.799,1.5713333333333335,35.92966713727611,completed,The solver successfully reached the end of the integration interval.
H2_vs_CO_at_fixed_N2,CO,0.38222222222222224,H2,0.399,N2,0.799,0.38222222222222224,0.399,0.799,1.5802222222222224,35.2015006525699,completed,The solver successfully reached the end of the integration interval.
H2_vs_CO_at_fixed_N2,CO,0.39111111111111113,H2,0.399,N2,0.799,0.39111111111111113,0.399,0.799,1.5891111111111111,34.49942523900014,completed,The solver successfully reached the end of the integration interval.
H2_vs_CO_at_fixed_N2,CO,0.4,H2,0.399,N2,0.799,0.4,0.399,0.799,1.598,33.82210586392252,completed,The solver successfully reached the end of the integration interval.
H2_vs_CO_at_fixed_N2,CO,0.24,H2,0.4222222222222222,N2,0.799,0.24,0.4222222222222222,0.799,1.4612222222222222,53.851392648144945,completed,The solver successfully reached the end of the integration interval.
H2_vs_CO_at_fixed_N2,CO,0.24888888888888888,H2,0.4222222222222222,N2,0.799,0.24888888888888888,0.4222222222222222,0.799,1.4701111111111111,52.4563032797444,completed,The solver successfully reached the end of the integration interval.
H2_vs_CO_at_fixed_N2,CO,0.2577777777777778,H2,0.4222222222222222,N2,0.799,0.2577777777777778,0.4222222222222222,0.799,1.479,51.12175314598587,completed,The solver successfully reached the end of the integration interval.
H2_vs_CO_at_fixed_N2,CO,0.26666666666666666,H2,0.4222222222222222,N2,0.799,0.26666666666666666,0.4222222222222222,0.799,1.487888888888889,49.84455713241676,completed,The solver successfully reached the end of the integration interval.
H2_vs_CO_at_fixed_N2,CO,0.27555555555555555,H2,0.4222222222222222,N2,0.799,0.27555555555555555,0.4222222222222222,0.799,1.4967777777777778,48.62158977885936,completed,The solver successfully reached the end of the integration interval.
H2_vs_CO_at_fixed_N2,CO,0.28444444444444444,H2,0.4222222222222222,N2,0.799,0.28444444444444444,0.4222222222222222,0.799,1.5056666666666667,47.449892991074336,completed,The solver successfully reached the end of the integration interval.
H2_vs_CO_at_fixed_N2,CO,0.29333333333333333,H2,0.4222222222222222,N2,0.799,0.29333333333333333,0.4222222222222222,0.799,1.5145555555555557,46.32669917839981,completed,The solver successfully reached the end of the integration interval.
H2_vs_CO_at_fixed_N2,CO,0.3022222222222222,H2,0.4222222222222222,N2,0.799,0.3022222222222222,0.4222222222222222,0.799,1.5234444444444444,45.249363737149096,completed,The solver successfully reached the end of the integration interval.
H2_vs_CO_at_fixed_N2,CO,0.3111111111111111,H2,0.4222222222222222,N2,0.799,0.3111111111111111,0.4222222222222222,0.799,1.5323333333333333,44.21538397045138,completed,The solver successfully reached the end of the integration interval.
H2_vs_CO_at_fixed_N2,CO,0.32,H2,0.4222222222222222,N2,0.799,0.32,0.4222222222222222,0.799,1.5412222222222223,43.22241307376706,completed,The solver successfully reached the end of the integration interval.
H2_vs_CO_at_fixed_N2,CO,0.3288888888888889,H2,0.4222222222222222,N2,0.799,0.3288888888888889,0.4222222222222222,0.799,1.5501111111111112,42.2682525781669,completed,The solver successfully reached the end of the integration interval.
H2_vs_CO_at_fixed_N2,CO,0.3377777777777778,H2,0.4222222222222222,N2,0.799,0.3377777777777778,0.4222222222222222,0.799,1.5590000000000002,41.35083165768078,completed,The solver successfully reached the end of the integration interval.
H2_vs_CO_at_fixed_N2,CO,0.3466666666666667,H2,0.4222222222222222,N2,0.799,0.3466666666666667,0.4222222222222222,0.799,1.5678888888888889,40.468206491613955,completed,The solver successfully reached the end of the integration interval.
H2_vs_CO_at_fixed_N2,CO,0.35555555555555557,H2,0.4222222222222222,N2,0.799,0.35555555555555557,0.4222222222222222,0.799,1.5767777777777778,39.61855428739218,completed,The solver successfully reached the end of the integration interval.
H2_vs_CO_at_fixed_N2,CO,0.36444444444444446,H2,0.4222222222222222,N2,0.799,0.36444444444444446,0.4222222222222222,0.799,1.5856666666666668,38.800172242961104,completed,The solver successfully reached the end of the integration interval.
H2_vs_CO_at_fixed_N2,CO,0.37333333333333335,H2,0.4222222222222222,N2,0.799,0.37333333333333335,0.4222222222222222,0.799,1.5945555555555555,38.011456837909506,completed,The solver successfully reached the end of the integration interval.
H2_vs_CO_at_fixed_N2,CO,0.38222222222222224,H2,0.4222222222222222,N2,0.799,0.38222222222222224,0.4222222222222222,0.799,1.6034444444444444,37.25090356506607,completed,The solver successfully reached the end of the integration interval.
H2_vs_CO_at_fixed_N2,CO,0.39111111111111113,H2,0.4222222222222222,N2,0.799,0.39111111111111113,0.4222222222222222,0.799,1.6123333333333334,36.517101876329036,completed,The solver successfully reached the end of the integration interval.
H2_vs_CO_at_fixed_N2,CO,0.4,H2,0.4222222222222222,N2,0.799,0.4,0.4222222222222222,0.799,1.6212222222222223,35.808727747558756,completed,The solver successfully reached the end of the integration interval.
H2_vs_CO_at_fixed_N2,CO,0.24,H2,0.4777777777777778,N2,0.799,0.24,0.4777777777777778,0.799,1.5167777777777778,59.7051055993201,completed,The solver successfully reached the end of the integration interval.
H2_vs_CO_at_fixed_N2,CO,0.24888888888888888,H2,0.4777777777777778,N2,0.799,0.24888888888888888,0.4777777777777778,0.799,1.5256666666666667,58.255282633744955,completed,The solver successfully reached the end of the integration interval.
H2_vs_CO_at_fixed_N2,CO,0.2577777777777778,H2,0.4777777777777778,N2,0.799,0.2577777777777778,0.4777777777777778,0.799,1.5345555555555557,56.8609292064093,completed,The solver successfully reached the end of the integration interval.
H2_vs_CO_at_fixed_N2,CO,0.26666666666666666,H2,0.4777777777777778,N2,0.799,0.26666666666666666,0.4777777777777778,0.799,1.5434444444444444,55.519910771232325,completed,The solver successfully reached the end of the integration interval.
H2_vs_CO_at_fixed_N2,CO,0.27555555555555555,H2,0.4777777777777778,N2,0.799,0.27555555555555555,0.4777777777777778,0.799,1.5523333333333333,54.23012623634483,completed,The solver successfully reached the end of the integration interval.
H2_vs_CO_at_fixed_N2,CO,0.28444444444444444,H2,0.4777777777777778,N2,0.799,0.28444444444444444,0.4777777777777778,0.799,1.5612222222222223,52.98935371047643,completed,The solver successfully reached the end of the integration interval.
H2_vs_CO_at_fixed_N2,CO,0.29333333333333333,H2,0.4777777777777778,N2,0.799,0.29333333333333333,0.4777777777777778,0.799,1.5701111111111112,51.79542946692464,completed,The solver successfully reached the end of the integration interval.
H2_vs_CO_at_fixed_N2,CO,0.3022222222222222,H2,0.4777777777777778,N2,0.799,0.3022222222222222,0.4777777777777778,0.799,1.5790000000000002,50.6462512725811,completed,The solver successfully reached the end of the integration interval.
H2_vs_CO_at_fixed_N2,CO,0.3111111111111111,H2,0.4777777777777778,N2,0.799,0.3111111111111111,0.4777777777777778,0.799,1.587888888888889,49.53979090599451,completed,The solver successfully reached the end of the integration interval.
H2_vs_CO_at_fixed_N2,CO,0.32,H2,0.4777777777777778,N2,0.799,0.32,0.4777777777777778,0.799,1.5967777777777779,48.47404645551537,completed,The solver successfully reached the end of the integration interval.
H2_vs_CO_at_fixed_N2,CO,0.3288888888888889,H2,0.4777777777777778,N2,0.799,0.3288888888888889,0.4777777777777778,0.799,1.6056666666666668,47.447092099192304,completed,The solver successfully reached the end of the integration interval.
H2_vs_CO_at_fixed_N2,CO,0.3377777777777778,H2,0.4777777777777778,N2,0.799,0.3377777777777778,0.4777777777777778,0.799,1.6145555555555555,46.457151124423355,completed,The solver successfully reached the end of the integration interval.
H2_vs_CO_at_fixed_N2,CO,0.3466666666666667,H2,0.4777777777777778,N2,0.799,0.3466666666666667,0.4777777777777778,0.799,1.6234444444444445,45.50248107991455,completed,The solver successfully reached the end of the integration interval.
H2_vs_CO_at_fixed_N2,CO,0.35555555555555557,H2,0.4777777777777778,N2,0.799,0.35555555555555557,0.4777777777777778,0.799,1.6323333333333334,44.581437003562634,completed,The solver successfully reached the end of the integration interval.
H2_vs_CO_at_fixed_N2,CO,0.36444444444444446,H2,0.4777777777777778,N2,0.799,0.36444444444444446,0.4777777777777778,0.799,1.6412222222222224,43.69239898773892,completed,The solver successfully reached the end of the integration interval.
H2_vs_CO_at_fixed_N2,CO,0.37333333333333335,H2,0.4777777777777778,N2,0.799,0.37333333333333335,0.4777777777777778,0.799,1.6501111111111113,42.83389769117117,completed,The solver successfully reached the end of the integration interval.
H2_vs_CO_at_fixed_N2,CO,0.38222222222222224,H2,0.4777777777777778,N2,0.799,0.38222222222222224,0.4777777777777778,0.799,1.659,42.00451642070776,completed,The solver successfully reached the end of the integration interval.
H2_vs_CO_at_fixed_N2,CO,0.39111111111111113,H2,0.4777777777777778,N2,0.799,0.39111111111111113,0.4777777777777778,0.799,1.667888888888889,41.202900032023344,completed,The solver successfully reached the end of the integration interval.
H2_vs_CO_at_fixed_N2,CO,0.4,H2,0.4777777777777778,N2,0.799,0.4,0.4777777777777778,0.799,1.676777777777778,40.4278079444578,completed,The solver successfully reached the end of the integration interval.
H2_vs_CO_at_fixed_N2,CO,0.24,H2,0.5333333333333333,N2,0.799,0.24,0.5333333333333333,0.799,1.5723333333333334,64.95520491672474,completed,The solver successfully reached the end of the integration interval.
H2_vs_CO_at_fixed_N2,CO,0.24888888888888888,H2,0.5333333333333333,N2,0.799,0.24888888888888888,0.5333333333333333,0.799,1.5812222222222223,63.48926244680933,completed,The solver successfully reached the end of the integration interval.
H2_vs_CO_at_fixed_N2,CO,0.2577777777777778,H2,0.5333333333333333,N2,0.799,0.2577777777777778,0.5333333333333333,0.799,1.5901111111111113,62.07085740450914,completed,The solver successfully reached the end of the integration interval.
H2_vs_CO_at_fixed_N2,CO,0.26666666666666666,H2,0.5333333333333333,N2,0.799,0.26666666666666666,0.5333333333333333,0.799,1.599,60.69918608140937,completed,The solver successfully reached the end of the integration interval.
H2_vs_CO_at_fixed_N2,CO,0.27555555555555555,H2,0.5333333333333333,N2,0.799,0.27555555555555555,0.5333333333333333,0.799,1.607888888888889,59.37320794418874,completed,The solver successfully reached the end of the integration interval.
H2_vs_CO_at_fixed_N2,CO,0.28444444444444444,H2,0.5333333333333333,N2,0.799,0.28444444444444444,0.5333333333333333,0.799,1.6167777777777779,58.091683629671174,completed,The solver successfully reached the end of the integration interval.
H2_vs_CO_at_fixed_N2,CO,0.29333333333333333,H2,0.5333333333333333,N2,0.799,0.29333333333333333,0.5333333333333333,0.799,1.6256666666666666,56.85326948819194,completed,The solver successfully reached the end of the integration interval.
H2_vs_CO_at_fixed_N2,CO,0.3022222222222222,H2,0.5333333333333333,N2,0.799,0.3022222222222222,0.5333333333333333,0.799,1.6345555555555555,55.65659505424488,completed,The solver successfully reached the end of the integration interval.
H2_vs_CO_at_fixed_N2,CO,0.3111111111111111,H2,0.5333333333333333,N2,0.799,0.3111111111111111,0.5333333333333333,0.799,1.6434444444444445,54.500196741066766,completed,The solver successfully reached the end of the integration interval.
H2_vs_CO_at_fixed_N2,CO,0.32,H2,0.5333333333333333,N2,0.799,0.32,0.5333333333333333,0.799,1.6523333333333334,53.382591223143685,completed,The solver successfully reached the end of the integration interval.
H2_vs_CO_at_fixed_N2,CO,0.3288888888888889,H2,0.5333333333333333,N2,0.799,0.3288888888888889,0.5333333333333333,0.799,1.6612222222222224,52.30230933391521,completed,The solver successfully reached the end of the integration interval.
H2_vs_CO_at_fixed_N2,CO,0.3377777777777778,H2,0.5333333333333333,N2,0.799,0.3377777777777778,0.5333333333333333,0.799,1.670111111111111,51.25792204201895,completed,The solver successfully reached the end of the integration interval.
H2_vs_CO_at_fixed_N2,CO,0.3466666666666667,H2,0.5333333333333333,N2,0.799,0.3466666666666667,0.5333333333333333,0.799,1.679,50.24800974019461,completed,The solver successfully reached the end of the integration interval.
H2_vs_CO_at_fixed_N2,CO,0.35555555555555557,H2,0.5333333333333333,N2,0.799,0.35555555555555557,0.5333333333333333,0.799,1.687888888888889,49.271176254621444,completed,The solver successfully reached the end of the integration interval.
H2_vs_CO_at_fixed_N2,CO,0.36444444444444446,H2,0.5333333333333333,N2,0.799,0.36444444444444446,0.5333333333333333,0.799,1.6967777777777777,48.32607562051569,completed,The solver successfully reached the end of the integration interval.
H2_vs_CO_at_fixed_N2,CO,0.37333333333333335,H2,0.5333333333333333,N2,0.799,0.37333333333333335,0.5333333333333333,0.799,1.7056666666666667,47.41140855972005,completed,The solver successfully reached the end of the integration interval.
H2_vs_CO_at_fixed_N2,CO,0.38222222222222224,H2,0.5333333333333333,N2,0.799,0.38222222222222224,0.5333333333333333,0.799,1.7145555555555556,46.52593646057962,completed,The solver successfully reached the end of the integration interval.
H2_vs_CO_at_fixed_N2,CO,0.39111111111111113,H2,0.5333333333333333,N2,0.799,0.39111111111111113,0.5333333333333333,0.799,1.7234444444444446,45.66844678675911,completed,The solver successfully reached the end of the integration interval.
H2_vs_CO_at_fixed_N2,CO,0.4,H2,0.5333333333333333,N2,0.799,0.4,0.5333333333333333,0.799,1.7323333333333335,44.83778481861631,completed,The solver successfully reached the end of the integration interval.
H2_vs_CO_at_fixed_N2,CO,0.24,H2,0.5888888888888888,N2,0.799,0.24,0.5888888888888888,0.799,1.6278888888888887,69.59254846071336,completed,The solver successfully reached the end of the integration interval.
H2_vs_CO_at_fixed_N2,CO,0.24888888888888888,H2,0.5888888888888888,N2,0.799,0.24888888888888888,0.5888888888888888,0.799,1.6367777777777777,68.14542953415187,completed,The solver successfully reached the end of the integration interval.
H2_vs_CO_at_fixed_N2,CO,0.2577777777777778,H2,0.5888888888888888,N2,0.799,0.2577777777777778,0.5888888888888888,0.799,1.6456666666666666,66.73588945335878,completed,The solver successfully reached the end of the integration interval.
H2_vs_CO_at_fixed_N2,CO,0.26666666666666666,H2,0.5888888888888888,N2,0.799,0.26666666666666666,0.5888888888888888,0.799,1.6545555555555556,65.36444825385841,completed,The solver successfully reached the end of the integration interval.
H2_vs_CO_at_fixed_N2,CO,0.27555555555555555,H2,0.5888888888888888,N2,0.799,0.27555555555555555,0.5888888888888888,0.799,1.6634444444444445,64.03124060479753,completed,The solver successfully reached the end of the integration interval.
H2_vs_CO_at_fixed_N2,CO,0.28444444444444444,H2,0.5888888888888888,N2,0.799,0.28444444444444444,0.5888888888888888,0.799,1.6723333333333332,62.73609530268348,completed,The solver successfully reached the end of the integration interval.
H2_vs_CO_at_fixed_N2,CO,0.29333333333333333,H2,0.5888888888888888,N2,0.799,0.29333333333333333,0.5888888888888888,0.799,1.6812222222222222,61.478589475184556,completed,The solver successfully reached the end of the integration interval.
H2_vs_CO_at_fixed_N2,CO,0.3022222222222222,H2,0.5888888888888888,N2,0.799,0.3022222222222222,0.5888888888888888,0.799,1.6901111111111111,60.258111999161336,completed,The solver successfully reached the end of the integration interval.
H2_vs_CO_at_fixed_N2,CO,0.3111111111111111,H2,0.5888888888888888,N2,0.799,0.3111111111111111,0.5888888888888888,0.799,1.6989999999999998,59.073914423207995,completed,The solver successfully reached the end of the integration interval.
H2_vs_CO_at_fixed_N2,CO,0.32,H2,0.5888888888888888,N2,0.799,0.32,0.5888888888888888,0.799,1.7078888888888888,57.92517255249584,completed,The solver successfully reached the end of the integration interval.
H2_vs_CO_at_fixed_N2,CO,0.3288888888888889,H2,0.5888888888888888,N2,0.799,0.3288888888888889,0.5888888888888888,0.799,1.7167777777777777,56.810932639854215,completed,The solver successfully reached the end of the integration interval.
H2_vs_CO_at_fixed_N2,CO,0.3377777777777778,H2,0.5888888888888888,N2,0.799,0.3377777777777778,0.5888888888888888,0.799,1.7256666666666667,55.73020883796798,completed,The solver successfully reached the end of the integration interval.
H2_vs_CO_at_fixed_N2,CO,0.3466666666666667,H2,0.5888888888888888,N2,0.799,0.3466666666666667,0.5888888888888888,0.799,1.7345555555555556,54.68198201275278,completed,The solver successfully reached the end of the integration interval.
H2_vs_CO_at_fixed_N2,CO,0.35555555555555557,H2,0.5888888888888888,N2,0.799,0.35555555555555557,0.5888888888888888,0.799,1.7434444444444444,53.66523709989931,completed,The solver successfully reached the end of the integration interval.
H2_vs_CO_at_fixed_N2,CO,0.36444444444444446,H2,0.5888888888888888,N2,0.799,0.36444444444444446,0.5888888888888888,0.799,1.7523333333333333,52.67894413140255,completed,The solver successfully reached the end of the integration interval.
H2_vs_CO_at_fixed_N2,CO,0.37333333333333335,H2,0.5888888888888888,N2,0.799,0.37333333333333335,0.5888888888888888,0.799,1.7612222222222222,51.72205631194555,completed,The solver successfully reached the end of the integration interval.
H2_vs_CO_at_fixed_N2,CO,0.38222222222222224,H2,0.5888888888888888,N2,0.799,0.38222222222222224,0.5888888888888888,0.799,1.770111111111111,50.79355162333966,completed,The solver successfully reached the end of the integration interval.
H2_vs_CO_at_fixed_N2,CO,0.39111111111111113,H2,0.5888888888888888,N2,0.799,0.39111111111111113,0.5888888888888888,0.799,1.779,49.89242744114449,completed,The solver successfully reached the end of the integration interval.
H2_vs_CO_at_fixed_N2,CO,0.4,H2,0.5888888888888888,N2,0.799,0.4,0.5888888888888888,0.799,1.7878888888888889,49.01770968981209,completed,The solver successfully reached the end of the integration interval.
H2_vs_CO_at_fixed_N2,CO,0.24,H2,0.6444444444444444,N2,0.799,0.24,0.6444444444444444,0.799,1.6834444444444445,73.6289647165324,completed,The solver successfully reached the end of the integration interval.
H2_vs_CO_at_fixed_N2,CO,0.24888888888888888,H2,0.6444444444444444,N2,0.799,0.24888888888888888,0.6444444444444444,0.799,1.6923333333333332,72.23007486621363,completed,The solver successfully reached the end of the integration interval.
H2_vs_CO_at_fixed_N2,CO,0.2577777777777778,H2,0.6444444444444444,N2,0.799,0.2577777777777778,0.6444444444444444,0.799,1.7012222222222222,70.85776032648305,completed,The solver successfully reached the end of the integration interval.
H2_vs_CO_at_fixed_N2,CO,0.26666666666666666,H2,0.6444444444444444,N2,0.799,0.26666666666666666,0.6444444444444444,0.799,1.7101111111111111,69.51378595648146,completed,The solver successfully reached the end of the integration interval.
H2_vs_CO_at_fixed_N2,CO,0.27555555555555555,H2,0.6444444444444444,N2,0.799,0.27555555555555555,0.6444444444444444,0.799,1.7189999999999999,68.19931840887851,completed,The solver successfully reached the end of the integration interval.
H2_vs_CO_at_fixed_N2,CO,0.28444444444444444,H2,0.6444444444444444,N2,0.799,0.28444444444444444,0.6444444444444444,0.799,1.7278888888888888,66.91522990165898,completed,The solver successfully reached the end of the integration interval.
H2_vs_CO_at_fixed_N2,CO,0.29333333333333333,H2,0.6444444444444444,N2,0.799,0.29333333333333333,0.6444444444444444,0.799,1.7367777777777778,65.66201726529157,completed,The solver successfully reached the end of the integration interval.
H2_vs_CO_at_fixed_N2,CO,0.3022222222222222,H2,0.6444444444444444,N2,0.799,0.3022222222222222,0.6444444444444444,0.799,1.7456666666666667,64.43990323021048,completed,The solver successfully reached the end of the integration interval.
H2_vs_CO_at_fixed_N2,CO,0.3111111111111111,H2,0.6444444444444444,N2,0.799,0.3111111111111111,0.6444444444444444,0.799,1.7545555555555556,63.2488713877933,completed,The solver successfully reached the end of the integration interval.
H2_vs_CO_at_fixed_N2,CO,0.32,H2,0.6444444444444444,N2,0.799,0.32,0.6444444444444444,0.799,1.7634444444444444,62.08872896246264,completed,The solver successfully reached the end of the integration interval.
H2_vs_CO_at_fixed_N2,CO,0.3288888888888889,H2,0.6444444444444444,N2,0.799,0.3288888888888889,0.6444444444444444,0.799,1.7723333333333333,60.95913508176167,completed,The solver successfully reached the end of the integration interval.
H2_vs_CO_at_fixed_N2,CO,0.3377777777777778,H2,0.6444444444444444,N2,0.799,0.3377777777777778,0.6444444444444444,0.799,1.7812222222222223,59.859624453288,completed,The solver successfully reached the end of the integration interval.
H2_vs_CO_at_fixed_N2,CO,0.3466666666666667,H2,0.6444444444444444,N2,0.799,0.3466666666666667,0.6444444444444444,0.799,1.790111111111111,58.78964437227204,completed,The solver successfully reached the end of the integration interval.
H2_vs_CO_at_fixed_N2,CO,0.35555555555555557,H2,0.6444444444444444,N2,0.799,0.35555555555555557,0.6444444444444444,0.799,1.799,57.748570067701046,completed,The solver successfully reached the end of the integration interval.
H2_vs_CO_at_fixed_N2,CO,0.36444444444444446,H2,0.6444444444444444,N2,0.799,0.36444444444444446,0.6444444444444444,0.799,1.8078888888888889,56.73575225554808,completed,The solver successfully reached the end of the integration interval.
H2_vs_CO_at_fixed_N2,CO,0.37333333333333335,H2,0.6444444444444444,N2,0.799,0.37333333333333335,0.6444444444444444,0.799,1.8167777777777778,55.75046400554295,completed,The solver successfully reached the end of the integration interval.
H2_vs_CO_at_fixed_N2,CO,0.38222222222222224,H2,0.6444444444444444,N2,0.799,0.38222222222222224,0.6444444444444444,0.799,1.8256666666666668,54.79196070020379,completed,The solver successfully reached the end of the integration interval.
H2_vs_CO_at_fixed_N2,CO,0.39111111111111113,H2,0.6444444444444444,N2,0.799,0.39111111111111113,0.6444444444444444,0.799,1.8345555555555555,53.85950809689103,completed,The solver successfully reached the end of the integration interval.
H2_vs_CO_at_fixed_N2,CO,0.4,H2,0.6444444444444444,N2,0.799,0.4,0.6444444444444444,0.799,1.8434444444444444,52.95233643325704,completed,The solver successfully reached the end of the integration interval.
H2_vs_CO_at_fixed_N2,CO,0.24,H2,0.7,N2,0.799,0.24,0.7,0.799,1.7389999999999999,77.09393854551209,completed,The solver successfully reached the end of the integration interval.
H2_vs_CO_at_fixed_N2,CO,0.24888888888888888,H2,0.7,N2,0.799,0.24888888888888888,0.7,0.799,1.7478888888888888,75.76599113265087,completed,The solver successfully reached the end of the integration interval.
H2_vs_CO_at_fixed_N2,CO,0.2577777777777778,H2,0.7,N2,0.799,0.2577777777777778,0.7,0.799,1.7567777777777778,74.45356701846951,completed,The solver successfully reached the end of the integration interval.
H2_vs_CO_at_fixed_N2,CO,0.26666666666666666,H2,0.7,N2,0.799,0.26666666666666666,0.7,0.799,1.7656666666666667,73.15934918418986,completed,The solver successfully reached the end of the integration interval.
H2_vs_CO_at_fixed_N2,CO,0.27555555555555555,H2,0.7,N2,0.799,0.27555555555555555,0.7,0.799,1.7745555555555557,71.88547700445922,completed,The solver successfully reached the end of the integration interval.
H2_vs_CO_at_fixed_N2,CO,0.28444444444444444,H2,0.7,N2,0.799,0.28444444444444444,0.7,0.799,1.7834444444444444,70.63369710437526,completed,The solver successfully reached the end of the integration interval.
H2_vs_CO_at_fixed_N2,CO,0.29333333333333333,H2,0.7,N2,0.799,0.29333333333333333,0.7,0.799,1.7923333333333333,69.40530420044891,completed,The solver successfully reached the end of the integration interval.
H2_vs_CO_at_fixed_N2,CO,0.3022222222222222,H2,0.7,N2,0.799,0.3022222222222222,0.7,0.799,1.8012222222222223,68.20126876309733,completed,The solver successfully reached the end of the integration interval.
H2_vs_CO_at_fixed_N2,CO,0.3111111111111111,H2,0.7,N2,0.799,0.3111111111111111,0.7,0.799,1.810111111111111,67.02228603054743,completed,The solver successfully reached the end of the integration interval.
H2_vs_CO_at_fixed_N2,CO,0.32,H2,0.7,N2,0.799,0.32,0.7,0.799,1.819,65.86879862714088,completed,The solver successfully reached the end of the integration interval.
H2_vs_CO_at_fixed_N2,CO,0.3288888888888889,H2,0.7,N2,0.799,0.3288888888888889,0.7,0.799,1.827888888888889,64.74114543123785,completed,The solver successfully reached the end of the integration interval.
H2_vs_CO_at_fixed_N2,CO,0.3377777777777778,H2,0.7,N2,0.799,0.3377777777777778,0.7,0.799,1.8367777777777778,63.639249097249795,completed,The solver successfully reached the end of the integration interval.
H2_vs_CO_at_fixed_N2,CO,0.3466666666666667,H2,0.7,N2,0.799,0.3466666666666667,0.7,0.799,1.8456666666666668,62.563106580095486,completed,The solver successfully reached the end of the integration interval.
H2_vs_CO_at_fixed_N2,CO,0.35555555555555557,H2,0.7,N2,0.799,0.35555555555555557,0.7,0.799,1.8545555555555555,61.51253110520031,completed,The solver successfully reached the end of the integration interval.
H2_vs_CO_at_fixed_N2,CO,0.36444444444444446,H2,0.7,N2,0.799,0.36444444444444446,0.7,0.799,1.8634444444444445,60.48717984769992,completed,The solver successfully reached the end of the integration interval.
H2_vs_CO_at_fixed_N2,CO,0.37333333333333335,H2,0.7,N2,0.799,0.37333333333333335,0.7,0.799,1.8723333333333334,59.486829827170354,completed,The solver successfully reached the end of the integration interval.
H2_vs_CO_at_fixed_N2,CO,0.38222222222222224,H2,0.7,N2,0.799,0.38222222222222224,0.7,0.799,1.8812222222222221,58.51099221629704,completed,The solver successfully reached the end of the integration interval.
H2_vs_CO_at_fixed_N2,CO,0.39111111111111113,H2,0.7,N2,0.799,0.39111111111111113,0.7,0.799,1.890111111111111,57.55920168351031,completed,The solver successfully reached the end of the integration interval.
H2_vs_CO_at_fixed_N2,CO,0.4,H2,0.7,N2,0.799,0.4,0.7,0.799,1.899,56.63100245805549,completed,The solver successfully reached the end of the integration interval.
H2_vs_CO_at_fixed_N2,CO,0.24,H2,0.7555555555555555,N2,0.799,0.24,0.7555555555555555,0.799,1.7945555555555557,80.03073164518801,completed,The solver successfully reached the end of the integration interval.
H2_vs_CO_at_fixed_N2,CO,0.24888888888888888,H2,0.7555555555555555,N2,0.799,0.24888888888888888,0.7555555555555555,0.799,1.8034444444444444,78.7892180088741,completed,The solver successfully reached the end of the integration interval.
H2_vs_CO_at_fixed_N2,CO,0.2577777777777778,H2,0.7555555555555555,N2,0.799,0.2577777777777778,0.7555555555555555,0.799,1.8123333333333334,77.55306711634655,completed,The solver successfully reached the end of the integration interval.
H2_vs_CO_at_fixed_N2,CO,0.26666666666666666,H2,0.7555555555555555,N2,0.799,0.26666666666666666,0.7555555555555555,0.799,1.8212222222222223,76.32551323430668,completed,The solver successfully reached the end of the integration interval.
H2_vs_CO_at_fixed_N2,CO,0.27555555555555555,H2,0.7555555555555555,N2,0.799,0.27555555555555555,0.7555555555555555,0.799,1.830111111111111,75.10936692436704,completed,The solver successfully reached the end of the integration interval.
H2_vs_CO_at_fixed_N2,CO,0.28444444444444444,H2,0.7555555555555555,N2,0.799,0.28444444444444444,0.7555555555555555,0.799,1.839,73.90698211854377,completed,The solver successfully reached the end of the integration interval.
H2_vs_CO_at_fixed_N2,CO,0.29333333333333333,H2,0.7555555555555555,N2,0.799,0.29333333333333333,0.7555555555555555,0.799,1.847888888888889,72.7203457656538,completed,The solver successfully reached the end of the integration interval.
H2_vs_CO_at_fixed_N2,CO,0.3022222222222222,H2,0.7555555555555555,N2,0.799,0.3022222222222222,0.7555555555555555,0.799,1.8567777777777779,71.55104664526407,completed,The solver successfully reached the end of the integration interval.
H2_vs_CO_at_fixed_N2,CO,0.3111111111111111,H2,0.7555555555555555,N2,0.799,0.3111111111111111,0.7555555555555555,0.799,1.8656666666666668,70.4003832715697,completed,The solver successfully reached the end of the integration interval.
H2_vs_CO_at_fixed_N2,CO,0.32,H2,0.7555555555555555,N2,0.799,0.32,0.7555555555555555,0.799,1.8745555555555555,69.26937190904812,completed,The solver successfully reached the end of the integration interval.
H2_vs_CO_at_fixed_N2,CO,0.3288888888888889,H2,0.7555555555555555,N2,0.799,0.3288888888888889,0.7555555555555555,0.799,1.8834444444444445,68.15881563302617,completed,The solver successfully reached the end of the integration interval.
H2_vs_CO_at_fixed_N2,CO,0.3377777777777778,H2,0.7555555555555555,N2,0.799,0.3377777777777778,0.7555555555555555,0.799,1.8923333333333334,67.0692702682629,completed,The solver successfully reached the end of the integration interval.
H2_vs_CO_at_fixed_N2,CO,0.3466666666666667,H2,0.7555555555555555,N2,0.799,0.3466666666666667,0.7555555555555555,0.799,1.9012222222222221,66.00112671857035,completed,The solver successfully reached the end of the integration interval.
H2_vs_CO_at_fixed_N2,CO,0.35555555555555557,H2,0.7555555555555555,N2,0.799,0.35555555555555557,0.7555555555555555,0.799,1.910111111111111,64.95464452904284,completed,The solver successfully reached the end of the integration interval.
H2_vs_CO_at_fixed_N2,CO,0.36444444444444446,H2,0.7555555555555555,N2,0.799,0.36444444444444446,0.7555555555555555,0.799,1.919,63.92993127902291,completed,The solver successfully reached the end of the integration interval.
H2_vs_CO_at_fixed_N2,CO,0.37333333333333335,H2,0.7555555555555555,N2,0.799,0.37333333333333335,0.7555555555555555,0.799,1.927888888888889,62.92699845629591,completed,The solver successfully reached the end of the integration interval.
H2_vs_CO_at_fixed_N2,CO,0.38222222222222224,H2,0.7555555555555555,N2,0.799,0.38222222222222224,0.7555555555555555,0.799,1.936777777777778,61.94573423367412,completed,The solver successfully reached the end of the integration interval.
H2_vs_CO_at_fixed_N2,CO,0.39111111111111113,H2,0.7555555555555555,N2,0.799,0.39111111111111113,0.7555555555555555,0.799,1.9456666666666667,60.985982155828154,completed,The solver successfully reached the end of the integration interval.
H2_vs_CO_at_fixed_N2,CO,0.4,H2,0.7555555555555555,N2,0.799,0.4,0.7555555555555555,0.799,1.9545555555555556,60.04751345925854,completed,The solver successfully reached the end of the integration interval.
H2_vs_CO_at_fixed_N2,CO,0.24,H2,0.8111111111111111,N2,0.799,0.24,0.8111111111111111,0.799,1.850111111111111,82.49206450563953,completed,The solver successfully reached the end of the integration interval.
H2_vs_CO_at_fixed_N2,CO,0.24888888888888888,H2,0.8111111111111111,N2,0.799,0.24888888888888888,0.8111111111111111,0.799,1.859,81.34560636682457,completed,The solver successfully reached the end of the integration interval.
H2_vs_CO_at_fixed_N2,CO,0.2577777777777778,H2,0.8111111111111111,N2,0.799,0.2577777777777778,0.8111111111111111,0.799,1.867888888888889,80.19578429630857,completed,The solver successfully reached the end of the integration interval.
H2_vs_CO_at_fixed_N2,CO,0.26666666666666666,H2,0.8111111111111111,N2,0.799,0.26666666666666666,0.8111111111111111,0.799,1.8767777777777779,79.04611920962668,completed,The solver successfully reached the end of the integration interval.
H2_vs_CO_at_fixed_N2,CO,0.27555555555555555,H2,0.8111111111111111,N2,0.799,0.27555555555555555,0.8111111111111111,0.799,1.8856666666666668,77.89973352819226,completed,The solver successfully reached the end of the integration interval.
H2_vs_CO_at_fixed_N2,CO,0.28444444444444444,H2,0.8111111111111111,N2,0.799,0.28444444444444444,0.8111111111111111,0.799,1.8945555555555555,76.75938653004731,completed,The solver successfully reached the end of the integration interval.
H2_vs_CO_at_fixed_N2,CO,0.29333333333333333,H2,0.8111111111111111,N2,0.799,0.29333333333333333,0.8111111111111111,0.799,1.9034444444444445,75.62747430641515,completed,The solver successfully reached the end of the integration interval.
H2_vs_CO_at_fixed_N2,CO,0.3022222222222222,H2,0.8111111111111111,N2,0.799,0.3022222222222222,0.8111111111111111,0.799,1.9123333333333334,74.50606743262705,completed,The solver successfully reached the end of the integration interval.
H2_vs_CO_at_fixed_N2,CO,0.3111111111111111,H2,0.8111111111111111,N2,0.799,0.3111111111111111,0.8111111111111111,0.799,1.9212222222222222,73.39689383015046,completed,The solver successfully reached the end of the integration interval.
H2_vs_CO_at_fixed_N2,CO,0.32,H2,0.8111111111111111,N2,0.799,0.32,0.8111111111111111,0.799,1.930111111111111,72.30144283076153,completed,The solver successfully reached the end of the integration interval.
H2_vs_CO_at_fixed_N2,CO,0.3288888888888889,H2,0.8111111111111111,N2,0.799,0.3288888888888889,0.8111111111111111,0.799,1.939,71.22095924371557,completed,The solver successfully reached the end of the integration interval.
H2_vs_CO_at_fixed_N2,CO,0.3377777777777778,H2,0.8111111111111111,N2,0.799,0.3377777777777778,0.8111111111111111,0.799,1.947888888888889,70.15643837989455,completed,The solver successfully reached the end of the integration interval.
H2_vs_CO_at_fixed_N2,CO,0.3466666666666667,H2,0.8111111111111111,N2,0.799,0.3466666666666667,0.8111111111111111,0.799,1.956777777777778,69.10868088191138,completed,The solver successfully reached the end of the integration interval.
H2_vs_CO_at_fixed_N2,CO,0.35555555555555557,H2,0.8111111111111111,N2,0.799,0.35555555555555557,0.8111111111111111,0.799,1.9656666666666667,68.078313564041,completed,The solver successfully reached the end of the integration interval.
H2_vs_CO_at_fixed_N2,CO,0.36444444444444446,H2,0.8111111111111111,N2,0.799,0.36444444444444446,0.8111111111111111,0.799,1.9745555555555556,67.06583581628641,completed,The solver successfully reached the end of the integration interval.
H2_vs_CO_at_fixed_N2,CO,0.37333333333333335,H2,0.8111111111111111,N2,0.799,0.37333333333333335,0.8111111111111111,0.799,1.9834444444444446,66.0715834396424,completed,The solver successfully reached the end of the integration interval.
H2_vs_CO_at_fixed_N2,CO,0.38222222222222224,H2,0.8111111111111111,N2,0.799,0.38222222222222224,0.8111111111111111,0.799,1.9923333333333333,65.0957794437963,completed,The solver successfully reached the end of the integration interval.
H2_vs_CO_at_fixed_N2,CO,0.39111111111111113,H2,0.8111111111111111,N2,0.799,0.39111111111111113,0.8111111111111111,0.799,2.0012222222222222,64.13854968398243,completed,The solver successfully reached the end of the integration interval.
H2_vs_CO_at_fixed_N2,CO,0.4,H2,0.8111111111111111,N2,0.799,0.4,0.8111111111111111,0.799,2.010111111111111,63.19994920393529,completed,The solver successfully reached the end of the integration interval.
H2_vs_CO_at_fixed_N2,CO,0.24,H2,0.8666666666666667,N2,0.799,0.24,0.8666666666666667,0.799,1.9056666666666668,84.53521195230424,completed,The solver successfully reached the end of the integration interval.
H2_vs_CO_at_fixed_N2,CO,0.24888888888888888,H2,0.8666666666666667,N2,0.799,0.24888888888888888,0.8666666666666667,0.799,1.9145555555555556,83.48646321261845,completed,The solver successfully reached the end of the integration interval.
H2_vs_CO_at_fixed_N2,CO,0.2577777777777778,H2,0.8666666666666667,N2,0.799,0.2577777777777778,0.8666666666666667,0.799,1.9234444444444445,82.42746264372973,completed,The solver successfully reached the end of the integration interval.
H2_vs_CO_at_fixed_N2,CO,0.26666666666666666,H2,0.8666666666666667,N2,0.799,0.26666666666666666,0.8666666666666667,0.799,1.9323333333333335,81.36164466437936,completed,The solver successfully reached the end of the integration interval.
H2_vs_CO_at_fixed_N2,CO,0.27555555555555555,H2,0.8666666666666667,N2,0.799,0.27555555555555555,0.8666666666666667,0.799,1.9412222222222222,80.29227021433223,completed,The solver successfully reached the end of the integration interval.
H2_vs_CO_at_fixed_N2,CO,0.28444444444444444,H2,0.8666666666666667,N2,0.799,0.28444444444444444,0.8666666666666667,0.799,1.9501111111111111,79.22212845955634,completed,The solver successfully reached the end of the integration interval.
H2_vs_CO_at_fixed_N2,CO,0.29333333333333333,H2,0.8666666666666667,N2,0.799,0.29333333333333333,0.8666666666666667,0.799,1.959,78.1538759431291,completed,The solver successfully reached the end of the integration interval.
H2_vs_CO_at_fixed_N2,CO,0.3022222222222222,H2,0.8666666666666667,N2,0.799,0.3022222222222222,0.8666666666666667,0.799,1.967888888888889,77.08983375575673,completed,The solver successfully reached the end of the integration interval.
H2_vs_CO_at_fixed_N2,CO,0.3111111111111111,H2,0.8666666666666667,N2,0.799,0.3111111111111111,0.8666666666666667,0.799,1.976777777777778,76.03206561272671,completed,The solver successfully reached the end of the integration interval.
H2_vs_CO_at_fixed_N2,CO,0.32,H2,0.8666666666666667,N2,0.799,0.32,0.8666666666666667,0.799,1.9856666666666667,74.98233536919774,completed,The solver successfully reached the end of the integration interval.
H2_vs_CO_at_fixed_N2,CO,0.3288888888888889,H2,0.8666666666666667,N2,0.799,0.3288888888888889,0.8666666666666667,0.799,1.9945555555555556,73.9422152657425,completed,The solver successfully reached the end of the integration interval.
H2_vs_CO_at_fixed_N2,CO,0.3377777777777778,H2,0.8666666666666667,N2,0.799,0.3377777777777778,0.8666666666666667,0.799,2.0034444444444444,72.91301092834918,completed,The solver successfully reached the end of the integration interval.
H2_vs_CO_at_fixed_N2,CO,0.3466666666666667,H2,0.8666666666666667,N2,0.799,0.3466666666666667,0.8666666666666667,0.799,2.0123333333333333,71.89594903357406,completed,The solver successfully reached the end of the integration interval.
H2_vs_CO_at_fixed_N2,CO,0.35555555555555557,H2,0.8666666666666667,N2,0.799,0.35555555555555557,0.8666666666666667,0.799,2.0212222222222223,70.8919027163616,completed,The solver successfully reached the end of the integration interval.
H2_vs_CO_at_fixed_N2,CO,0.36444444444444446,H2,0.8666666666666667,N2,0.799,0.36444444444444446,0.8666666666666667,0.799,2.030111111111111,69.9016863298873,completed,The solver successfully reached the end of the integration interval.
H2_vs_CO_at_fixed_N2,CO,0.37333333333333335,H2,0.8666666666666667,N2,0.799,0.37333333333333335,0.8666666666666667,0.799,2.039,68.92596138162283,completed,The solver successfully reached the end of the integration interval.
H2_vs_CO_at_fixed_N2,CO,0.38222222222222224,H2,0.8666666666666667,N2,0.799,0.38222222222222224,0.8666666666666667,0.799,2.047888888888889,67.96523217901513,completed,The solver successfully reached the end of the integration interval.
H2_vs_CO_at_fixed_N2,CO,0.39111111111111113,H2,0.8666666666666667,N2,0.799,0.39111111111111113,0.8666666666666667,0.799,2.056777777777778,67.01989673054781,completed,The solver successfully reached the end of the integration interval.
H2_vs_CO_at_fixed_N2,CO,0.4,H2,0.8666666666666667,N2,0.799,0.4,0.8666666666666667,0.799,2.065666666666667,66.09025082260703,completed,The solver successfully reached the end of the integration interval.
H2_vs_CO_at_fixed_N2,CO,0.24,H2,0.9222222222222223,N2,0.799,0.24,0.9222222222222223,0.799,1.9612222222222222,86.21800795955919,completed,The solver successfully reached the end of the integration interval.
H2_vs_CO_at_fixed_N2,CO,0.24888888888888888,H2,0.9222222222222223,N2,0.799,0.24888888888888888,0.9222222222222223,0.799,1.9701111111111111,85.26494194761321,completed,The solver successfully reached the end of the integration interval.
H2_vs_CO_at_fixed_N2,CO,0.2577777777777778,H2,0.9222222222222223,N2,0.799,0.2577777777777778,0.9222222222222223,0.799,1.979,84.29661476469971,completed,The solver successfully reached the end of the integration interval.
H2_vs_CO_at_fixed_N2,CO,0.26666666666666666,H2,0.9222222222222223,N2,0.799,0.26666666666666666,0.9222222222222223,0.799,1.987888888888889,83.31616300629533,completed,The solver successfully reached the end of the integration interval.
H2_vs_CO_at_fixed_N2,CO,0.27555555555555555,H2,0.9222222222222223,N2,0.799,0.27555555555555555,0.9222222222222223,0.799,1.996777777777778,82.32661939805936,completed,The solver successfully reached the end of the integration interval.
H2_vs_CO_at_fixed_N2,CO,0.28444444444444444,H2,0.9222222222222223,N2,0.799,0.28444444444444444,0.9222222222222223,0.799,2.005666666666667,81.330838835907,completed,The solver successfully reached the end of the integration interval.
H2_vs_CO_at_fixed_N2,CO,0.29333333333333333,H2,0.9222222222222223,N2,0.799,0.29333333333333333,0.9222222222222223,0.799,2.014555555555556,80.3314056512919,completed,The solver successfully reached the end of the integration interval.
H2_vs_CO_at_fixed_N2,CO,0.3022222222222222,H2,0.9222222222222223,N2,0.799,0.3022222222222222,0.9222222222222223,0.799,2.0234444444444444,79.3307255139785,completed,The solver successfully reached the end of the integration interval.
H2_vs_CO_at_fixed_N2,CO,0.3111111111111111,H2,0.9222222222222223,N2,0.799,0.3111111111111111,0.9222222222222223,0.799,2.0323333333333333,78.3309940293721,completed,The solver successfully reached the end of the integration interval.
H2_vs_CO_at_fixed_N2,CO,0.32,H2,0.9222222222222223,N2,0.799,0.32,0.9222222222222223,0.799,2.0412222222222223,77.33416446538571,completed,The solver successfully reached the end of the integration interval.
H2_vs_CO_at_fixed_N2,CO,0.3288888888888889,H2,0.9222222222222223,N2,0.799,0.3288888888888889,0.9222222222222223,0.799,2.050111111111111,76.34199180892367,completed,The solver successfully reached the end of the integration interval.
H2_vs_CO_at_fixed_N2,CO,0.3377777777777778,H2,0.9222222222222223,N2,0.799,0.3377777777777778,0.9222222222222223,0.799,2.059,75.35604962853384,completed,The solver successfully reached the end of the integration interval.
H2_vs_CO_at_fixed_N2,CO,0.3466666666666667,H2,0.9222222222222223,N2,0.799,0.3466666666666667,0.9222222222222223,0.799,2.067888888888889,74.37775960158892,completed,The solver successfully reached the end of the integration interval.
H2_vs_CO_at_fixed_N2,CO,0.35555555555555557,H2,0.9222222222222223,N2,0.799,0.35555555555555557,0.9222222222222223,0.799,2.076777777777778,73.40818950789227,completed,The solver successfully reached the end of the integration interval.
H2_vs_CO_at_fixed_N2,CO,0.36444444444444446,H2,0.9222222222222223,N2,0.799,0.36444444444444446,0.9222222222222223,0.799,2.0856666666666666,72.44847103294643,completed,The solver successfully reached the end of the integration interval.
H2_vs_CO_at_fixed_N2,CO,0.37333333333333335,H2,0.9222222222222223,N2,0.799,0.37333333333333335,0.9222222222222223,0.799,2.0945555555555555,71.49936751778279,completed,The solver successfully reached the end of the integration interval.
H2_vs_CO_at_fixed_N2,CO,0.38222222222222224,H2,0.9222222222222223,N2,0.799,0.38222222222222224,0.9222222222222223,0.799,2.1034444444444444,70.56186031187202,completed,The solver successfully reached the end of the integration interval.
H2_vs_CO_at_fixed_N2,CO,0.39111111111111113,H2,0.9222222222222223,N2,0.799,0.39111111111111113,0.9222222222222223,0.799,2.1123333333333334,69.63647980438697,completed,The solver successfully reached the end of the integration interval.
H2_vs_CO_at_fixed_N2,CO,0.4,H2,0.9222222222222223,N2,0.799,0.4,0.9222222222222223,0.799,2.1212222222222223,68.72372333467221,completed,The solver successfully reached the end of the integration interval.
H2_vs_CO_at_fixed_N2,CO,0.24,H2,0.959,N2,0.799,0.24,0.959,0.799,1.998,87.16066395411248,completed,The solver successfully reached the end of the integration interval.
H2_vs_CO_at_fixed_N2,CO,0.24888888888888888,H2,0.959,N2,0.799,0.24888888888888888,0.959,0.799,2.0068888888888887,86.26822031615266,completed,The solver successfully reached the end of the integration interval.
H2_vs_CO_at_fixed_N2,CO,0.2577777777777778,H2,0.959,N2,0.799,0.2577777777777778,0.959,0.799,2.0157777777777777,85.35809999128415,completed,The solver successfully reached the end of the integration interval.
H2_vs_CO_at_fixed_N2,CO,0.26666666666666666,H2,0.959,N2,0.799,0.26666666666666666,0.959,0.799,2.0246666666666666,84.43323389410605,completed,The solver successfully reached the end of the integration interval.
H2_vs_CO_at_fixed_N2,CO,0.27555555555555555,H2,0.959,N2,0.799,0.27555555555555555,0.959,0.799,2.0335555555555556,83.49648998855483,completed,The solver successfully reached the end of the integration interval.
H2_vs_CO_at_fixed_N2,CO,0.28444444444444444,H2,0.959,N2,0.799,0.28444444444444444,0.959,0.799,2.0424444444444445,82.5505117043829,completed,The solver successfully reached the end of the integration interval.
H2_vs_CO_at_fixed_N2,CO,0.29333333333333333,H2,0.959,N2,0.799,0.29333333333333333,0.959,0.799,2.0513333333333335,81.59783872455922,completed,The solver successfully reached the end of the integration interval.
H2_vs_CO_at_fixed_N2,CO,0.3022222222222222,H2,0.959,N2,0.799,0.3022222222222222,0.959,0.799,2.0602222222222224,80.64087380550872,completed,The solver successfully reached the end of the integration interval.
H2_vs_CO_at_fixed_N2,CO,0.3111111111111111,H2,0.959,N2,0.799,0.3111111111111111,0.959,0.799,2.069111111111111,79.68177225365088,completed,The solver successfully reached the end of the integration interval.
H2_vs_CO_at_fixed_N2,CO,0.32,H2,0.959,N2,0.799,0.32,0.959,0.799,2.078,78.72253717049591,completed,The solver successfully reached the end of the integration interval.
H2_vs_CO_at_fixed_N2,CO,0.3288888888888889,H2,0.959,N2,0.799,0.3288888888888889,0.959,0.799,2.086888888888889,77.76501770286983,completed,The solver successfully reached the end of the integration interval.
H2_vs_CO_at_fixed_N2,CO,0.3377777777777778,H2,0.959,N2,0.799,0.3377777777777778,0.959,0.799,2.0957777777777777,76.81084366368529,completed,The solver successfully reached the end of the integration interval.
H2_vs_CO_at_fixed_N2,CO,0.3466666666666667,H2,0.959,N2,0.799,0.3466666666666667,0.959,0.799,2.1046666666666667,75.86148934738517,completed,The solver successfully reached the end of the integration interval.
H2_vs_CO_at_fixed_N2,CO,0.35555555555555557,H2,0.959,N2,0.799,0.35555555555555557,0.959,0.799,2.1135555555555556,74.91826972332754,completed,The solver successfully reached the end of the integration interval.
H2_vs_CO_at_fixed_N2,CO,0.36444444444444446,H2,0.959,N2,0.799,0.36444444444444446,0.959,0.799,2.1224444444444446,73.98235100756469,completed,The solver successfully reached the end of the integration interval.
H2_vs_CO_at_fixed_N2,CO,0.37333333333333335,H2,0.959,N2,0.799,0.37333333333333335,0.959,0.799,2.1313333333333335,73.05468246692412,completed,The solver successfully reached the end of the integration interval.
H2_vs_CO_at_fixed_N2,CO,0.38222222222222224,H2,0.959,N2,0.799,0.38222222222222224,0.959,0.799,2.1402222222222225,72.13626944309154,completed,The solver successfully reached the end of the integration interval.
H2_vs_CO_at_fixed_N2,CO,0.39111111111111113,H2,0.959,N2,0.799,0.39111111111111113,0.959,0.799,2.149111111111111,71.22781417534894,completed,The solver successfully reached the end of the integration interval.
H2_vs_CO_at_fixed_N2,CO,0.4,H2,0.959,N2,0.799,0.4,0.959,0.799,2.158,70.32997368562876,completed,The solver successfully reached the end of the integration interval.
H2_vs_CO_at_fixed_N2,CO,0.24,H2,0.9777777777777776,N2,0.799,0.24,0.9777777777777776,0.799,2.0167777777777776,87.59515611088838,completed,The solver successfully reached the end of the integration interval.
H2_vs_CO_at_fixed_N2,CO,0.24888888888888888,H2,0.9777777777777776,N2,0.799,0.24888888888888888,0.9777777777777776,0.799,2.0256666666666665,86.73251157989273,completed,The solver successfully reached the end of the integration interval.
H2_vs_CO_at_fixed_N2,CO,0.2577777777777778,H2,0.9777777777777776,N2,0.799,0.2577777777777778,0.9777777777777776,0.799,2.0345555555555555,85.8512917103582,completed,The solver successfully reached the end of the integration interval.
H2_vs_CO_at_fixed_N2,CO,0.26666666666666666,H2,0.9777777777777776,N2,0.799,0.26666666666666666,0.9777777777777776,0.799,2.0434444444444444,84.95423299074544,completed,The solver successfully reached the end of the integration interval.
H2_vs_CO_at_fixed_N2,CO,0.27555555555555555,H2,0.9777777777777776,N2,0.799,0.27555555555555555,0.9777777777777776,0.799,2.0523333333333333,84.0440685235982,completed,The solver successfully reached the end of the integration interval.
H2_vs_CO_at_fixed_N2,CO,0.28444444444444444,H2,0.9777777777777776,N2,0.799,0.28444444444444444,0.9777777777777776,0.799,2.0612222222222223,83.12336971420814,completed,The solver successfully reached the end of the integration interval.
H2_vs_CO_at_fixed_N2,CO,0.29333333333333333,H2,0.9777777777777776,N2,0.799,0.29333333333333333,0.9777777777777776,0.799,2.0701111111111112,82.19464375306518,completed,The solver successfully reached the end of the integration interval.
H2_vs_CO_at_fixed_N2,CO,0.3022222222222222,H2,0.9777777777777776,N2,0.799,0.3022222222222222,0.9777777777777776,0.799,2.0789999999999997,81.26018889744313,completed,The solver successfully reached the end of the integration interval.
H2_vs_CO_at_fixed_N2,CO,0.3111111111111111,H2,0.9777777777777776,N2,0.799,0.3111111111111111,0.9777777777777776,0.799,2.0878888888888887,80.32222790636835,completed,The solver successfully reached the end of the integration interval.
H2_vs_CO_at_fixed_N2,CO,0.32,H2,0.9777777777777776,N2,0.799,0.32,0.9777777777777776,0.799,2.0967777777777776,79.382699485317,completed,The solver successfully reached the end of the integration interval.
H2_vs_CO_at_fixed_N2,CO,0.3288888888888889,H2,0.9777777777777776,N2,0.799,0.3288888888888889,0.9777777777777776,0.799,2.1056666666666666,78.44347255732859,completed,The solver successfully reached the end of the integration interval.
H2_vs_CO_at_fixed_N2,CO,0.3377777777777778,H2,0.9777777777777776,N2,0.799,0.3377777777777778,0.9777777777777776,0.799,2.1145555555555555,77.50622304335484,completed,The solver successfully reached the end of the integration interval.
H2_vs_CO_at_fixed_N2,CO,0.3466666666666667,H2,0.9777777777777776,N2,0.799,0.3466666666666667,0.9777777777777776,0.799,2.1234444444444445,76.57246330013955,completed,The solver successfully reached the end of the integration interval.
H2_vs_CO_at_fixed_N2,CO,0.35555555555555557,H2,0.9777777777777776,N2,0.799,0.35555555555555557,0.9777777777777776,0.799,2.1323333333333334,75.64354407082365,completed,The solver successfully reached the end of the integration interval.
H2_vs_CO_at_fixed_N2,CO,0.36444444444444446,H2,0.9777777777777776,N2,0.799,0.36444444444444446,0.9777777777777776,0.799,2.141222222222222,74.72066734665165,completed,The solver successfully reached the end of the integration interval.
H2_vs_CO_at_fixed_N2,CO,0.37333333333333335,H2,0.9777777777777776,N2,0.799,0.37333333333333335,0.9777777777777776,0.799,2.150111111111111,73.8049551508044,completed,The solver successfully reached the end of the integration interval.
H2_vs_CO_at_fixed_N2,CO,0.38222222222222224,H2,0.9777777777777776,N2,0.799,0.38222222222222224,0.9777777777777776,0.799,2.159,72.89722478421227,completed,The solver successfully reached the end of the integration interval.
H2_vs_CO_at_fixed_N2,CO,0.39111111111111113,H2,0.9777777777777776,N2,0.799,0.39111111111111113,0.9777777777777776,0.799,2.1678888888888888,71.99834821365032,completed,The solver successfully reached the end of the integration interval.
H2_vs_CO_at_fixed_N2,CO,0.4,H2,0.9777777777777776,N2,0.799,0.4,0.9777777777777776,0.799,2.1767777777777777,71.10912015186985,completed,The solver successfully reached the end of the integration interval.
H2_vs_CO_at_fixed_N2,CO,0.24,H2,1.0333333333333332,N2,0.799,0.24,1.0333333333333332,0.799,2.0723333333333334,88.71633702170598,completed,The solver successfully reached the end of the integration interval.
H2_vs_CO_at_fixed_N2,CO,0.24888888888888888,H2,1.0333333333333332,N2,0.799,0.24888888888888888,1.0333333333333332,0.799,2.0812222222222223,87.93685853560198,completed,The solver successfully reached the end of the integration interval.
H2_vs_CO_at_fixed_N2,CO,0.2577777777777778,H2,1.0333333333333332,N2,0.799,0.2577777777777778,1.0333333333333332,0.799,2.090111111111111,87.13693143895999,completed,The solver successfully reached the end of the integration interval.
H2_vs_CO_at_fixed_N2,CO,0.26666666666666666,H2,1.0333333333333332,N2,0.799,0.26666666666666666,1.0333333333333332,0.799,2.0989999999999998,86.3188481763413,completed,The solver successfully reached the end of the integration interval.
H2_vs_CO_at_fixed_N2,CO,0.27555555555555555,H2,1.0333333333333332,N2,0.799,0.27555555555555555,1.0333333333333332,0.799,2.1078888888888887,85.48493598736083,completed,The solver successfully reached the end of the integration interval.
H2_vs_CO_at_fixed_N2,CO,0.28444444444444444,H2,1.0333333333333332,N2,0.799,0.28444444444444444,1.0333333333333332,0.799,2.1167777777777776,84.63749616234591,completed,The solver successfully reached the end of the integration interval.
H2_vs_CO_at_fixed_N2,CO,0.29333333333333333,H2,1.0333333333333332,N2,0.799,0.29333333333333333,1.0333333333333332,0.799,2.1256666666666666,83.7787278375666,completed,The solver successfully reached the end of the integration interval.
H2_vs_CO_at_fixed_N2,CO,0.3022222222222222,H2,1.0333333333333332,N2,0.799,0.3022222222222222,1.0333333333333332,0.799,2.1345555555555555,82.91076721144802,completed,The solver successfully reached the end of the integration interval.
H2_vs_CO_at_fixed_N2,CO,0.3111111111111111,H2,1.0333333333333332,N2,0.799,0.3111111111111111,1.0333333333333332,0.799,2.1434444444444445,82.03572122138466,completed,The solver successfully reached the end of the integration interval.
H2_vs_CO_at_fixed_N2,CO,0.32,H2,1.0333333333333332,N2,0.799,0.32,1.0333333333333332,0.799,2.1523333333333334,81.15548451362626,completed,The solver successfully reached the end of the integration interval.
H2_vs_CO_at_fixed_N2,CO,0.3288888888888889,H2,1.0333333333333332,N2,0.799,0.3288888888888889,1.0333333333333332,0.799,2.1612222222222224,80.27186370501535,completed,The solver successfully reached the end of the integration interval.
H2_vs_CO_at_fixed_N2,CO,0.3377777777777778,H2,1.0333333333333332,N2,0.799,0.3377777777777778,1.0333333333333332,0.799,2.170111111111111,79.38655954662465,completed,The solver successfully reached the end of the integration interval.
H2_vs_CO_at_fixed_N2,CO,0.3466666666666667,H2,1.0333333333333332,N2,0.799,0.3466666666666667,1.0333333333333332,0.799,2.179,78.5011470215459,completed,The solver successfully reached the end of the integration interval.
H2_vs_CO_at_fixed_N2,CO,0.35555555555555557,H2,1.0333333333333332,N2,0.799,0.35555555555555557,1.0333333333333332,0.799,2.1878888888888888,77.617036960152,completed,The solver successfully reached the end of the integration interval.
H2_vs_CO_at_fixed_N2,CO,0.36444444444444446,H2,1.0333333333333332,N2,0.799,0.36444444444444446,1.0333333333333332,0.799,2.1967777777777777,76.7355291023888,completed,The solver successfully reached the end of the integration interval.
H2_vs_CO_at_fixed_N2,CO,0.37333333333333335,H2,1.0333333333333332,N2,0.799,0.37333333333333335,1.0333333333333332,0.799,2.2056666666666667,75.85781665001204,completed,The solver successfully reached the end of the integration interval.
H2_vs_CO_at_fixed_N2,CO,0.38222222222222224,H2,1.0333333333333332,N2,0.799,0.38222222222222224,1.0333333333333332,0.799,2.2145555555555556,74.98496284618115,completed,The solver successfully reached the end of the integration interval.
H2_vs_CO_at_fixed_N2,CO,0.39111111111111113,H2,1.0333333333333332,N2,0.799,0.39111111111111113,1.0333333333333332,0.799,2.2234444444444446,74.11791310041363,completed,The solver successfully reached the end of the integration interval.
H2_vs_CO_at_fixed_N2,CO,0.4,H2,1.0333333333333332,N2,0.799,0.4,1.0333333333333332,0.799,2.232333333333333,73.25754190268043,completed,The solver successfully reached the end of the integration interval.
H2_vs_CO_at_fixed_N2,CO,0.24,H2,1.0888888888888888,N2,0.799,0.24,1.0888888888888888,0.799,2.1278888888888887,89.62509217329503,completed,The solver successfully reached the end of the integration interval.
H2_vs_CO_at_fixed_N2,CO,0.24888888888888888,H2,1.0888888888888888,N2,0.799,0.24888888888888888,1.0888888888888888,0.799,2.1367777777777777,88.92055223906814,completed,The solver successfully reached the end of the integration interval.
H2_vs_CO_at_fixed_N2,CO,0.2577777777777778,H2,1.0888888888888888,N2,0.799,0.2577777777777778,1.0888888888888888,0.799,2.1456666666666666,88.19485821747662,completed,The solver successfully reached the end of the integration interval.
H2_vs_CO_at_fixed_N2,CO,0.26666666666666666,H2,1.0888888888888888,N2,0.799,0.26666666666666666,1.0888888888888888,0.799,2.1545555555555556,87.44984102388082,completed,The solver successfully reached the end of the integration interval.
H2_vs_CO_at_fixed_N2,CO,0.27555555555555555,H2,1.0888888888888888,N2,0.799,0.27555555555555555,1.0888888888888888,0.799,2.1634444444444445,86.68739151729916,completed,The solver successfully reached the end of the integration interval.
H2_vs_CO_at_fixed_N2,CO,0.28444444444444444,H2,1.0888888888888888,N2,0.799,0.28444444444444444,1.0888888888888888,0.799,2.1723333333333334,85.90942917007649,completed,The solver successfully reached the end of the integration interval.
H2_vs_CO_at_fixed_N2,CO,0.29333333333333333,H2,1.0888888888888888,N2,0.799,0.29333333333333333,1.0888888888888888,0.799,2.181222222222222,85.11792772555337,completed,The solver successfully reached the end of the integration interval.
H2_vs_CO_at_fixed_N2,CO,0.3022222222222222,H2,1.0888888888888888,N2,0.799,0.3022222222222222,1.0888888888888888,0.799,2.190111111111111,84.3147542496257,completed,The solver successfully reached the end of the integration interval.
H2_vs_CO_at_fixed_N2,CO,0.3111111111111111,H2,1.0888888888888888,N2,0.799,0.3111111111111111,1.0888888888888888,0.799,2.199,83.50175227041663,completed,The solver successfully reached the end of the integration interval.
H2_vs_CO_at_fixed_N2,CO,0.32,H2,1.0888888888888888,N2,0.799,0.32,1.0888888888888888,0.799,2.207888888888889,82.68072257120775,completed,The solver successfully reached the end of the integration interval.
H2_vs_CO_at_fixed_N2,CO,0.3288888888888889,H2,1.0888888888888888,N2,0.799,0.3288888888888889,1.0888888888888888,0.799,2.2167777777777777,81.85340457109777,completed,The solver successfully reached the end of the integration interval.
H2_vs_CO_at_fixed_N2,CO,0.3377777777777778,H2,1.0888888888888888,N2,0.799,0.3377777777777778,1.0888888888888888,0.799,2.2256666666666667,81.02139260044548,completed,The solver successfully reached the end of the integration interval.
H2_vs_CO_at_fixed_N2,CO,0.3466666666666667,H2,1.0888888888888888,N2,0.799,0.3466666666666667,1.0888888888888888,0.799,2.2345555555555556,80.18620849136332,completed,The solver successfully reached the end of the integration interval.
H2_vs_CO_at_fixed_N2,CO,0.35555555555555557,H2,1.0888888888888888,N2,0.799,0.35555555555555557,1.0888888888888888,0.799,2.2434444444444446,79.3493116695802,completed,The solver successfully reached the end of the integration interval.
H2_vs_CO_at_fixed_N2,CO,0.36444444444444446,H2,1.0888888888888888,N2,0.799,0.36444444444444446,1.0888888888888888,0.799,2.2523333333333335,78.51201633681187,completed,The solver successfully reached the end of the integration interval.
H2_vs_CO_at_fixed_N2,CO,0.37333333333333335,H2,1.0888888888888888,N2,0.799,0.37333333333333335,1.0888888888888888,0.799,2.261222222222222,77.67553635848688,completed,The solver successfully reached the end of the integration interval.
H2_vs_CO_at_fixed_N2,CO,0.38222222222222224,H2,1.0888888888888888,N2,0.799,0.38222222222222224,1.0888888888888888,0.799,2.270111111111111,76.84103662398934,completed,The solver successfully reached the end of the integration interval.
H2_vs_CO_at_fixed_N2,CO,0.39111111111111113,H2,1.0888888888888888,N2,0.799,0.39111111111111113,1.0888888888888888,0.799,2.279,76.00952349090957,completed,The solver successfully reached the end of the integration interval.
H2_vs_CO_at_fixed_N2,CO,0.4,H2,1.0888888888888888,N2,0.799,0.4,1.0888888888888888,0.799,2.287888888888889,75.18193070249318,completed,The solver successfully reached the end of the integration interval.
H2_vs_CO_at_fixed_N2,CO,0.24,H2,1.1444444444444444,N2,0.799,0.24,1.1444444444444444,0.799,2.1834444444444445,90.35833236641326,completed,The solver successfully reached the end of the integration interval.
H2_vs_CO_at_fixed_N2,CO,0.24888888888888888,H2,1.1444444444444444,N2,0.799,0.24888888888888888,1.1444444444444444,0.799,2.1923333333333335,89.72042442690504,completed,The solver successfully reached the end of the integration interval.
H2_vs_CO_at_fixed_N2,CO,0.2577777777777778,H2,1.1444444444444444,N2,0.799,0.2577777777777778,1.1444444444444444,0.799,2.2012222222222224,89.06144701198511,completed,The solver successfully reached the end of the integration interval.
H2_vs_CO_at_fixed_N2,CO,0.26666666666666666,H2,1.1444444444444444,N2,0.799,0.26666666666666666,1.1444444444444444,0.799,2.210111111111111,88.38281191141148,completed,The solver successfully reached the end of the integration interval.
H2_vs_CO_at_fixed_N2,CO,0.27555555555555555,H2,1.1444444444444444,N2,0.799,0.27555555555555555,1.1444444444444444,0.799,2.219,87.68603490056056,completed,The solver successfully reached the end of the integration interval.
H2_vs_CO_at_fixed_N2,CO,0.28444444444444444,H2,1.1444444444444444,N2,0.799,0.28444444444444444,1.1444444444444444,0.799,2.227888888888889,86.97271097845942,completed,The solver successfully reached the end of the integration interval.
H2_vs_CO_at_fixed_N2,CO,0.29333333333333333,H2,1.1444444444444444,N2,0.799,0.29333333333333333,1.1444444444444444,0.799,2.2367777777777778,86.24444407381908,completed,The solver successfully reached the end of the integration interval.
H2_vs_CO_at_fixed_N2,CO,0.3022222222222222,H2,1.1444444444444444,N2,0.799,0.3022222222222222,1.1444444444444444,0.799,2.2456666666666667,85.50285085280866,completed,The solver successfully reached the end of the integration interval.
H2_vs_CO_at_fixed_N2,CO,0.3111111111111111,H2,1.1444444444444444,N2,0.799,0.3111111111111111,1.1444444444444444,0.799,2.2545555555555556,84.74954384609018,completed,The solver successfully reached the end of the integration interval.
H2_vs_CO_at_fixed_N2,CO,0.32,H2,1.1444444444444444,N2,0.799,0.32,1.1444444444444444,0.799,2.2634444444444446,83.98615065832662,completed,The solver successfully reached the end of the integration interval.
H2_vs_CO_at_fixed_N2,CO,0.3288888888888889,H2,1.1444444444444444,N2,0.799,0.3288888888888889,1.1444444444444444,0.799,2.272333333333333,83.21421244868229,completed,The solver successfully reached the end of the integration interval.
H2_vs_CO_at_fixed_N2,CO,0.3377777777777778,H2,1.1444444444444444,N2,0.799,0.3377777777777778,1.1444444444444444,0.799,2.281222222222222,82.4352234827767,completed,The solver successfully reached the end of the integration interval.
H2_vs_CO_at_fixed_N2,CO,0.3466666666666667,H2,1.1444444444444444,N2,0.799,0.3466666666666667,1.1444444444444444,0.799,2.290111111111111,81.6506179823199,completed,The solver successfully reached the end of the integration interval.
H2_vs_CO_at_fixed_N2,CO,0.35555555555555557,H2,1.1444444444444444,N2,0.799,0.35555555555555557,1.1444444444444444,0.799,2.299,80.86180837724822,completed,The solver successfully reached the end of the integration interval.
H2_vs_CO_at_fixed_N2,CO,0.36444444444444446,H2,1.1444444444444444,N2,0.799,0.36444444444444446,1.1444444444444444,0.799,2.307888888888889,80.07007592267581,completed,The solver successfully reached the end of the integration interval.
H2_vs_CO_at_fixed_N2,CO,0.37333333333333335,H2,1.1444444444444444,N2,0.799,0.37333333333333335,1.1444444444444444,0.799,2.316777777777778,79.27663181244212,completed,The solver successfully reached the end of the integration interval.
H2_vs_CO_at_fixed_N2,CO,0.38222222222222224,H2,1.1444444444444444,N2,0.799,0.38222222222222224,1.1444444444444444,0.799,2.3256666666666668,78.48261051536431,completed,The solver successfully reached the end of the integration interval.
H2_vs_CO_at_fixed_N2,CO,0.39111111111111113,H2,1.1444444444444444,N2,0.799,0.39111111111111113,1.1444444444444444,0.799,2.3345555555555557,77.68909279898789,completed,The solver successfully reached the end of the integration interval.
H2_vs_CO_at_fixed_N2,CO,0.4,H2,1.1444444444444444,N2,0.799,0.4,1.1444444444444444,0.799,2.3434444444444447,76.89705704871113,completed,The solver successfully reached the end of the integration interval.
H2_vs_CO_at_fixed_N2,CO,0.24,H2,1.2,N2,0.799,0.24,1.2,0.799,2.239,90.94694978175234,completed,The solver successfully reached the end of the integration interval.
H2_vs_CO_at_fixed_N2,CO,0.24888888888888888,H2,1.2,N2,0.799,0.24888888888888888,1.2,0.799,2.247888888888889,90.36766990038717,completed,The solver successfully reached the end of the integration interval.
H2_vs_CO_at_fixed_N2,CO,0.2577777777777778,H2,1.2,N2,0.799,0.2577777777777778,1.2,0.799,2.2567777777777778,89.76796671514646,completed,The solver successfully reached the end of the integration interval.
H2_vs_CO_at_fixed_N2,CO,0.26666666666666666,H2,1.2,N2,0.799,0.26666666666666666,1.2,0.799,2.2656666666666667,89.14889568325485,completed,The solver successfully reached the end of the integration interval.
H2_vs_CO_at_fixed_N2,CO,0.27555555555555555,H2,1.2,N2,0.799,0.27555555555555555,1.2,0.799,2.2745555555555557,88.5116485338499,completed,The solver successfully reached the end of the integration interval.
H2_vs_CO_at_fixed_N2,CO,0.28444444444444444,H2,1.2,N2,0.799,0.28444444444444444,1.2,0.799,2.2834444444444446,87.85746319284338,completed,The solver successfully reached the end of the integration interval.
H2_vs_CO_at_fixed_N2,CO,0.29333333333333333,H2,1.2,N2,0.799,0.29333333333333333,1.2,0.799,2.2923333333333336,87.18764551565323,completed,The solver successfully reached the end of the integration interval.
H2_vs_CO_at_fixed_N2,CO,0.3022222222222222,H2,1.2,N2,0.799,0.3022222222222222,1.2,0.799,2.301222222222222,86.50354926774015,completed,The solver successfully reached the end of the integration interval.
H2_vs_CO_at_fixed_N2,CO,0.3111111111111111,H2,1.2,N2,0.799,0.3111111111111111,1.2,0.799,2.310111111111111,85.80656780259002,completed,The solver successfully reached the end of the integration interval.
H2_vs_CO_at_fixed_N2,CO,0.32,H2,1.2,N2,0.799,0.32,1.2,0.799,2.319,85.09807505833777,completed,The solver successfully reached the end of the integration interval.
H2_vs_CO_at_fixed_N2,CO,0.3288888888888889,H2,1.2,N2,0.799,0.3288888888888889,1.2,0.799,2.327888888888889,84.3794359942263,completed,The solver successfully reached the end of the integration interval.
H2_vs_CO_at_fixed_N2,CO,0.3377777777777778,H2,1.2,N2,0.799,0.3377777777777778,1.2,0.799,2.336777777777778,83.6519966693201,completed,The solver successfully reached the end of the integration interval.
H2_vs_CO_at_fixed_N2,CO,0.3466666666666667,H2,1.2,N2,0.799,0.3466666666666667,1.2,0.799,2.345666666666667,82.91708514652127,completed,The solver successfully reached the end of the integration interval.
H2_vs_CO_at_fixed_N2,CO,0.35555555555555557,H2,1.2,N2,0.799,0.35555555555555557,1.2,0.799,2.3545555555555557,82.17598857312447,completed,The solver successfully reached the end of the integration interval.
H2_vs_CO_at_fixed_N2,CO,0.36444444444444446,H2,1.2,N2,0.799,0.36444444444444446,1.2,0.799,2.3634444444444442,81.42991612573813,completed,The solver successfully reached the end of the integration interval.
H2_vs_CO_at_fixed_N2,CO,0.37333333333333335,H2,1.2,N2,0.799,0.37333333333333335,1.2,0.799,2.372333333333333,80.68003306539829,completed,The solver successfully reached the end of the integration interval.
H2_vs_CO_at_fixed_N2,CO,0.38222222222222224,H2,1.2,N2,0.799,0.38222222222222224,1.2,0.799,2.381222222222222,79.92744589104457,completed,The solver successfully reached the end of the integration interval.
H2_vs_CO_at_fixed_N2,CO,0.39111111111111113,H2,1.2,N2,0.799,0.39111111111111113,1.2,0.799,2.390111111111111,79.173240575659,completed,The solver successfully reached the end of the integration interval.
H2_vs_CO_at_fixed_N2,CO,0.4,H2,1.2,N2,0.799,0.4,1.2,0.799,2.399,78.41837369497394,completed,The solver successfully reached the end of the integration interval.
H2_vs_N2_at_fixed_CO,N2,0.4,H2,0.2,CO,0.32,0.32,0.2,0.4,0.92,25.111690265177245,completed,The solver successfully reached the end of the integration interval.
H2_vs_N2_at_fixed_CO,N2,0.4444444444444445,H2,0.2,CO,0.32,0.32,0.2,0.4444444444444445,0.9644444444444444,24.34840421838884,completed,The solver successfully reached the end of the integration interval.
H2_vs_N2_at_fixed_CO,N2,0.48888888888888893,H2,0.2,CO,0.32,0.32,0.2,0.48888888888888893,1.008888888888889,23.63286030915461,completed,The solver successfully reached the end of the integration interval.
H2_vs_N2_at_fixed_CO,N2,0.5333333333333333,H2,0.2,CO,0.32,0.32,0.2,0.5333333333333333,1.0533333333333332,22.960463857727248,completed,The solver successfully reached the end of the integration interval.
H2_vs_N2_at_fixed_CO,N2,0.5777777777777777,H2,0.2,CO,0.32,0.32,0.2,0.5777777777777777,1.0977777777777777,22.326783974568105,completed,The solver successfully reached the end of the integration interval.
H2_vs_N2_at_fixed_CO,N2,0.6222222222222222,H2,0.2,CO,0.32,0.32,0.2,0.6222222222222222,1.1422222222222222,21.72863359793686,completed,The solver successfully reached the end of the integration interval.
H2_vs_N2_at_fixed_CO,N2,0.6666666666666666,H2,0.2,CO,0.32,0.32,0.2,0.6666666666666666,1.1866666666666665,21.162538806162583,completed,The solver successfully reached the end of the integration interval.
H2_vs_N2_at_fixed_CO,N2,0.711111111111111,H2,0.2,CO,0.32,0.32,0.2,0.711111111111111,1.231111111111111,20.625886632688488,completed,The solver successfully reached the end of the integration interval.
H2_vs_N2_at_fixed_CO,N2,0.7555555555555555,H2,0.2,CO,0.32,0.32,0.2,0.7555555555555555,1.2755555555555556,20.11611370340362,completed,The solver successfully reached the end of the integration interval.
H2_vs_N2_at_fixed_CO,N2,0.799,H2,0.2,CO,0.32,0.32,0.2,0.799,1.319,19.64190071472445,completed,The solver successfully reached the end of the integration interval.
H2_vs_N2_at_fixed_CO,N2,0.8,H2,0.2,CO,0.32,0.32,0.2,0.8,1.32,19.631252897294072,completed,The solver successfully reached the end of the integration interval.
H2_vs_N2_at_fixed_CO,N2,0.8444444444444444,H2,0.2,CO,0.32,0.32,0.2,0.8444444444444444,1.3644444444444446,19.169578696823237,completed,The solver successfully reached the end of the integration interval.
H2_vs_N2_at_fixed_CO,N2,0.8888888888888888,H2,0.2,CO,0.32,0.32,0.2,0.8888888888888888,1.4088888888888889,18.72905739294807,completed,The solver successfully reached the end of the integration interval.
H2_vs_N2_at_fixed_CO,N2,0.9333333333333332,H2,0.2,CO,0.32,0.32,0.2,0.9333333333333332,1.4533333333333331,18.308276200328606,completed,The solver successfully reached the end of the integration interval.
H2_vs_N2_at_fixed_CO,N2,0.9777777777777777,H2,0.2,CO,0.32,0.32,0.2,0.9777777777777777,1.4977777777777779,17.90603717719346,completed,The solver successfully reached the end of the integration interval.
H2_vs_N2_at_fixed_CO,N2,1.0222222222222221,H2,0.2,CO,0.32,0.32,0.2,1.0222222222222221,1.5422222222222222,17.520560955773192,completed,The solver successfully reached the end of the integration interval.
H2_vs_N2_at_fixed_CO,N2,1.0666666666666667,H2,0.2,CO,0.32,0.32,0.2,1.0666666666666667,1.5866666666666667,17.151284228524695,completed,The solver successfully reached the end of the integration interval.
H2_vs_N2_at_fixed_CO,N2,1.1111111111111112,H2,0.2,CO,0.32,0.32,0.2,1.1111111111111112,1.6311111111111112,16.796726957032273,completed,The solver successfully reached the end of the integration interval.
H2_vs_N2_at_fixed_CO,N2,1.1555555555555554,H2,0.2,CO,0.32,0.32,0.2,1.1555555555555554,1.6755555555555555,16.45654978814711,completed,The solver successfully reached the end of the integration interval.
H2_vs_N2_at_fixed_CO,N2,1.2,H2,0.2,CO,0.32,0.32,0.2,1.2,1.72,16.129401785749163,completed,The solver successfully reached the end of the integration interval.
H2_vs_N2_at_fixed_CO,N2,0.4,H2,0.25555555555555554,CO,0.32,0.32,0.25555555555555554,0.4,0.9755555555555555,32.61689519295745,completed,The solver successfully reached the end of the integration interval.
H2_vs_N2_at_fixed_CO,N2,0.4444444444444445,H2,0.25555555555555554,CO,0.32,0.32,0.25555555555555554,0.4444444444444445,1.02,31.672462322213924,completed,The solver successfully reached the end of the integration interval.
H2_vs_N2_at_fixed_CO,N2,0.48888888888888893,H2,0.25555555555555554,CO,0.32,0.32,0.25555555555555554,0.48888888888888893,1.0644444444444445,30.785237789348507,completed,The solver successfully reached the end of the integration interval.
H2_vs_N2_at_fixed_CO,N2,0.5333333333333333,H2,0.25555555555555554,CO,0.32,0.32,0.25555555555555554,0.5333333333333333,1.1088888888888888,29.949583318875977,completed,The solver successfully reached the end of the integration interval.
H2_vs_N2_at_fixed_CO,N2,0.5777777777777777,H2,0.25555555555555554,CO,0.32,0.32,0.25555555555555554,0.5777777777777777,1.1533333333333333,29.160608374122667,completed,The solver successfully reached the end of the integration interval.
H2_vs_N2_at_fixed_CO,N2,0.6222222222222222,H2,0.25555555555555554,CO,0.32,0.32,0.25555555555555554,0.6222222222222222,1.1977777777777778,28.41410230443629,completed,The solver successfully reached the end of the integration interval.
H2_vs_N2_at_fixed_CO,N2,0.6666666666666666,H2,0.25555555555555554,CO,0.32,0.32,0.25555555555555554,0.6666666666666666,1.2422222222222221,27.706687005717395,completed,The solver successfully reached the end of the integration interval.
H2_vs_N2_at_fixed_CO,N2,0.711111111111111,H2,0.25555555555555554,CO,0.32,0.32,0.25555555555555554,0.711111111111111,1.2866666666666666,27.034651322585685,completed,The solver successfully reached the end of the integration interval.
H2_vs_N2_at_fixed_CO,N2,0.7555555555555555,H2,0.25555555555555554,CO,0.32,0.32,0.25555555555555554,0.7555555555555555,1.3311111111111111,26.39545158907204,completed,The solver successfully reached the end of the integration interval.
H2_vs_N2_at_fixed_CO,N2,0.799,H2,0.25555555555555554,CO,0.32,0.32,0.25555555555555554,0.799,1.3745555555555555,25.799701299649453,completed,The solver successfully reached the end of the integration interval.
H2_vs_N2_at_fixed_CO,N2,0.8,H2,0.25555555555555554,CO,0.32,0.32,0.25555555555555554,0.8,1.3755555555555556,25.78631085563024,completed,The solver successfully reached the end of the integration interval.
H2_vs_N2_at_fixed_CO,N2,0.8444444444444444,H2,0.25555555555555554,CO,0.32,0.32,0.25555555555555554,0.8444444444444444,1.42,25.2050953794707,completed,The solver successfully reached the end of the integration interval.
H2_vs_N2_at_fixed_CO,N2,0.8888888888888888,H2,0.25555555555555554,CO,0.32,0.32,0.25555555555555554,0.8888888888888888,1.4644444444444444,24.649663239226214,completed,The solver successfully reached the end of the integration interval.
H2_vs_N2_at_fixed_CO,N2,0.9333333333333332,H2,0.25555555555555554,CO,0.32,0.32,0.25555555555555554,0.9333333333333332,1.5088888888888887,24.118533960389186,completed,The solver successfully reached the end of the integration interval.
H2_vs_N2_at_fixed_CO,N2,0.9777777777777777,H2,0.25555555555555554,CO,0.32,0.32,0.25555555555555554,0.9777777777777777,1.5533333333333332,23.6097307593822,completed,The solver successfully reached the end of the integration interval.
H2_vs_N2_at_fixed_CO,N2,1.0222222222222221,H2,0.25555555555555554,CO,0.32,0.32,0.25555555555555554,1.0222222222222221,1.5977777777777777,23.121870163361173,completed,The solver successfully reached the end of the integration interval.
H2_vs_N2_at_fixed_CO,N2,1.0666666666666667,H2,0.25555555555555554,CO,0.32,0.32,0.25555555555555554,1.0666666666666667,1.6422222222222222,22.65354982085608,completed,The solver successfully reached the end of the integration interval.
H2_vs_N2_at_fixed_CO,N2,1.1111111111111112,H2,0.25555555555555554,CO,0.32,0.32,0.25555555555555554,1.1111111111111112,1.6866666666666668,22.203511585376464,completed,The solver successfully reached the end of the integration interval.
H2_vs_N2_at_fixed_CO,N2,1.1555555555555554,H2,0.25555555555555554,CO,0.32,0.32,0.25555555555555554,1.1555555555555554,1.731111111111111,21.770782271762336,completed,The solver successfully reached the end of the integration interval.
H2_vs_N2_at_fixed_CO,N2,1.2,H2,0.25555555555555554,CO,0.32,0.32,0.25555555555555554,1.2,1.7755555555555556,21.35456611656203,completed,The solver successfully reached the end of the integration interval.
H2_vs_N2_at_fixed_CO,N2,0.4,H2,0.3111111111111111,CO,0.32,0.32,0.3111111111111111,0.4,1.031111111111111,39.852079334833846,completed,The solver successfully reached the end of the integration interval.
H2_vs_N2_at_fixed_CO,N2,0.4444444444444445,H2,0.3111111111111111,CO,0.32,0.32,0.3111111111111111,0.4444444444444445,1.0755555555555556,38.74914318820594,completed,The solver successfully reached the end of the integration interval.
H2_vs_N2_at_fixed_CO,N2,0.48888888888888893,H2,0.3111111111111111,CO,0.32,0.32,0.3111111111111111,0.48888888888888893,1.12,37.7107855328001,completed,The solver successfully reached the end of the integration interval.
H2_vs_N2_at_fixed_CO,N2,0.5333333333333333,H2,0.3111111111111111,CO,0.32,0.32,0.3111111111111111,0.5333333333333333,1.1644444444444444,36.73069451652856,completed,The solver successfully reached the end of the integration interval.
H2_vs_N2_at_fixed_CO,N2,0.5777777777777777,H2,0.3111111111111111,CO,0.32,0.32,0.3111111111111111,0.5777777777777777,1.208888888888889,35.80352126452261,completed,The solver successfully reached the end of the integration interval.
H2_vs_N2_at_fixed_CO,N2,0.6222222222222222,H2,0.3111111111111111,CO,0.32,0.32,0.3111111111111111,0.6222222222222222,1.2533333333333334,34.92462255502253,completed,The solver successfully reached the end of the integration interval.
H2_vs_N2_at_fixed_CO,N2,0.6666666666666666,H2,0.3111111111111111,CO,0.32,0.32,0.3111111111111111,0.6666666666666666,1.2977777777777777,34.08989989849012,completed,The solver successfully reached the end of the integration interval.
H2_vs_N2_at_fixed_CO,N2,0.711111111111111,H2,0.3111111111111111,CO,0.32,0.32,0.3111111111111111,0.711111111111111,1.3422222222222222,33.29576605258493,completed,The solver successfully reached the end of the integration interval.
H2_vs_N2_at_fixed_CO,N2,0.7555555555555555,H2,0.3111111111111111,CO,0.32,0.32,0.3111111111111111,0.7555555555555555,1.3866666666666667,32.539036224332186,completed,The solver successfully reached the end of the integration interval.
H2_vs_N2_at_fixed_CO,N2,0.799,H2,0.3111111111111111,CO,0.32,0.32,0.3111111111111111,0.799,1.430111111111111,31.83278532966543,completed,The solver successfully reached the end of the integration interval.
H2_vs_N2_at_fixed_CO,N2,0.8,H2,0.3111111111111111,CO,0.32,0.32,0.3111111111111111,0.8,1.4311111111111112,31.816898571176676,completed,The solver successfully reached the end of the integration interval.
H2_vs_N2_at_fixed_CO,N2,0.8444444444444444,H2,0.3111111111111111,CO,0.32,0.32,0.3111111111111111,0.8444444444444444,1.4755555555555555,31.127078182916833,completed,The solver successfully reached the end of the integration interval.
H2_vs_N2_at_fixed_CO,N2,0.8888888888888888,H2,0.3111111111111111,CO,0.32,0.32,0.3111111111111111,0.8888888888888888,1.52,30.46653701445124,completed,The solver successfully reached the end of the integration interval.
H2_vs_N2_at_fixed_CO,N2,0.9333333333333332,H2,0.3111111111111111,CO,0.32,0.32,0.3111111111111111,0.9333333333333332,1.5644444444444443,29.834148585375342,completed,The solver successfully reached the end of the integration interval.
H2_vs_N2_at_fixed_CO,N2,0.9777777777777777,H2,0.3111111111111111,CO,0.32,0.32,0.3111111111111111,0.9777777777777777,1.6088888888888888,29.227508939887997,completed,The solver successfully reached the end of the integration interval.
H2_vs_N2_at_fixed_CO,N2,1.0222222222222221,H2,0.3111111111111111,CO,0.32,0.32,0.3111111111111111,1.0222222222222221,1.6533333333333333,28.645223067580538,completed,The solver successfully reached the end of the integration interval.
H2_vs_N2_at_fixed_CO,N2,1.0666666666666667,H2,0.3111111111111111,CO,0.32,0.32,0.3111111111111111,1.0666666666666667,1.6977777777777778,28.08554421646357,completed,The solver successfully reached the end of the integration interval.
H2_vs_N2_at_fixed_CO,N2,1.1111111111111112,H2,0.3111111111111111,CO,0.32,0.32,0.3111111111111111,1.1111111111111112,1.7422222222222223,27.547119421733935,completed,The solver successfully reached the end of the integration interval.
H2_vs_N2_at_fixed_CO,N2,1.1555555555555554,H2,0.3111111111111111,CO,0.32,0.32,0.3111111111111111,1.1555555555555554,1.7866666666666666,27.02874547890673,completed,The solver successfully reached the end of the integration interval.
H2_vs_N2_at_fixed_CO,N2,1.2,H2,0.3111111111111111,CO,0.32,0.32,0.3111111111111111,1.2,1.8311111111111111,26.529147005353693,completed,The solver successfully reached the end of the integration interval.
H2_vs_N2_at_fixed_CO,N2,0.4,H2,0.3666666666666667,CO,0.32,0.32,0.3666666666666667,0.4,1.0866666666666667,46.71744672937682,completed,The solver successfully reached the end of the integration interval.
H2_vs_N2_at_fixed_CO,N2,0.4444444444444445,H2,0.3666666666666667,CO,0.32,0.32,0.3666666666666667,0.4444444444444445,1.1311111111111112,45.4816459113758,completed,The solver successfully reached the end of the integration interval.
H2_vs_N2_at_fixed_CO,N2,0.48888888888888893,H2,0.3666666666666667,CO,0.32,0.32,0.3666666666666667,0.48888888888888893,1.1755555555555557,44.31520391648812,completed,The solver successfully reached the end of the integration interval.
H2_vs_N2_at_fixed_CO,N2,0.5333333333333333,H2,0.3666666666666667,CO,0.32,0.32,0.3666666666666667,0.5333333333333333,1.22,43.21151661718401,completed,The solver successfully reached the end of the integration interval.
H2_vs_N2_at_fixed_CO,N2,0.5777777777777777,H2,0.3666666666666667,CO,0.32,0.32,0.3666666666666667,0.5777777777777777,1.2644444444444445,42.165329122372356,completed,The solver successfully reached the end of the integration interval.
H2_vs_N2_at_fixed_CO,N2,0.6222222222222222,H2,0.3666666666666667,CO,0.32,0.32,0.3666666666666667,0.6222222222222222,1.308888888888889,41.171623817586,completed,The solver successfully reached the end of the integration interval.
H2_vs_N2_at_fixed_CO,N2,0.6666666666666666,H2,0.3666666666666667,CO,0.32,0.32,0.3666666666666667,0.6666666666666666,1.3533333333333333,40.226052602857045,completed,The solver successfully reached the end of the integration interval.
H2_vs_N2_at_fixed_CO,N2,0.711111111111111,H2,0.3666666666666667,CO,0.32,0.32,0.3666666666666667,0.711111111111111,1.3977777777777778,39.32483136830914,completed,The solver successfully reached the end of the integration interval.
H2_vs_N2_at_fixed_CO,N2,0.7555555555555555,H2,0.3666666666666667,CO,0.32,0.32,0.3666666666666667,0.7555555555555555,1.4422222222222223,38.464595153436534,completed,The solver successfully reached the end of the integration interval.
H2_vs_N2_at_fixed_CO,N2,0.799,H2,0.3666666666666667,CO,0.32,0.32,0.3666666666666667,0.799,1.4856666666666667,37.66046918239898,completed,The solver successfully reached the end of the integration interval.
H2_vs_N2_at_fixed_CO,N2,0.8,H2,0.3666666666666667,CO,0.32,0.32,0.3666666666666667,0.8,1.4866666666666668,37.64236647495128,completed,The solver successfully reached the end of the integration interval.
H2_vs_N2_at_fixed_CO,N2,0.8444444444444444,H2,0.3666666666666667,CO,0.32,0.32,0.3666666666666667,0.8444444444444444,1.531111111111111,36.85540767283765,completed,The solver successfully reached the end of the integration interval.
H2_vs_N2_at_fixed_CO,N2,0.8888888888888888,H2,0.3666666666666667,CO,0.32,0.32,0.3666666666666667,0.8888888888888888,1.5755555555555556,36.10129802096404,completed,The solver successfully reached the end of the integration interval.
H2_vs_N2_at_fixed_CO,N2,0.9333333333333332,H2,0.3666666666666667,CO,0.32,0.32,0.3666666666666667,0.9333333333333332,1.6199999999999999,35.37785349968276,completed,The solver successfully reached the end of the integration interval.
H2_vs_N2_at_fixed_CO,N2,0.9777777777777777,H2,0.3666666666666667,CO,0.32,0.32,0.3666666666666667,0.9777777777777777,1.6644444444444444,34.683076785264454,completed,The solver successfully reached the end of the integration interval.
H2_vs_N2_at_fixed_CO,N2,1.0222222222222221,H2,0.3666666666666667,CO,0.32,0.32,0.3666666666666667,1.0222222222222221,1.708888888888889,34.015192182232944,completed,The solver successfully reached the end of the integration interval.
H2_vs_N2_at_fixed_CO,N2,1.0666666666666667,H2,0.3666666666666667,CO,0.32,0.32,0.3666666666666667,1.0666666666666667,1.7533333333333334,33.37254255597338,completed,The solver successfully reached the end of the integration interval.
H2_vs_N2_at_fixed_CO,N2,1.1111111111111112,H2,0.3666666666666667,CO,0.32,0.32,0.3666666666666667,1.1111111111111112,1.797777777777778,32.75388114841099,completed,The solver successfully reached the end of the integration interval.
H2_vs_N2_at_fixed_CO,N2,1.1555555555555554,H2,0.3666666666666667,CO,0.32,0.32,0.3666666666666667,1.1555555555555554,1.8422222222222222,32.15700686292073,completed,The solver successfully reached the end of the integration interval.
H2_vs_N2_at_fixed_CO,N2,1.2,H2,0.3666666666666667,CO,0.32,0.32,0.3666666666666667,1.2,1.8866666666666667,31.581735775264463,completed,The solver successfully reached the end of the integration interval.
H2_vs_N2_at_fixed_CO,N2,0.4,H2,0.399,CO,0.32,0.32,0.399,0.4,1.119,50.51215152013191,completed,The solver successfully reached the end of the integration interval.
H2_vs_N2_at_fixed_CO,N2,0.4444444444444445,H2,0.399,CO,0.32,0.32,0.399,0.4444444444444445,1.1634444444444445,49.211738392905396,completed,The solver successfully reached the end of the integration interval.
H2_vs_N2_at_fixed_CO,N2,0.48888888888888893,H2,0.399,CO,0.32,0.32,0.399,0.48888888888888893,1.207888888888889,47.982269053742975,completed,The solver successfully reached the end of the integration interval.
H2_vs_N2_at_fixed_CO,N2,0.5333333333333333,H2,0.399,CO,0.32,0.32,0.399,0.5333333333333333,1.2523333333333333,46.81740113687625,completed,The solver successfully reached the end of the integration interval.
H2_vs_N2_at_fixed_CO,N2,0.5777777777777777,H2,0.399,CO,0.32,0.32,0.399,0.5777777777777777,1.2967777777777778,45.711484190370165,completed,The solver successfully reached the end of the integration interval.
H2_vs_N2_at_fixed_CO,N2,0.6222222222222222,H2,0.399,CO,0.32,0.32,0.399,0.6222222222222222,1.3412222222222223,44.65955631488686,completed,The solver successfully reached the end of the integration interval.
H2_vs_N2_at_fixed_CO,N2,0.6666666666666666,H2,0.399,CO,0.32,0.32,0.399,0.6666666666666666,1.3856666666666666,43.65752951187519,completed,The solver successfully reached the end of the integration interval.
H2_vs_N2_at_fixed_CO,N2,0.711111111111111,H2,0.399,CO,0.32,0.32,0.399,0.711111111111111,1.430111111111111,42.701433748131365,completed,The solver successfully reached the end of the integration interval.
H2_vs_N2_at_fixed_CO,N2,0.7555555555555555,H2,0.399,CO,0.32,0.32,0.399,0.7555555555555555,1.4745555555555556,41.787855750805704,completed,The solver successfully reached the end of the integration interval.
H2_vs_N2_at_fixed_CO,N2,0.799,H2,0.399,CO,0.32,0.32,0.399,0.799,1.518,40.933000038476315,completed,The solver successfully reached the end of the integration interval.
H2_vs_N2_at_fixed_CO,N2,0.8,H2,0.399,CO,0.32,0.32,0.399,0.8,1.5190000000000001,40.91374617743689,completed,The solver successfully reached the end of the integration interval.
H2_vs_N2_at_fixed_CO,N2,0.8444444444444444,H2,0.399,CO,0.32,0.32,0.399,0.8444444444444444,1.5634444444444444,40.07635672067923,completed,The solver successfully reached the end of the integration interval.
H2_vs_N2_at_fixed_CO,N2,0.8888888888888888,H2,0.399,CO,0.32,0.32,0.399,0.8888888888888888,1.607888888888889,39.273209248837865,completed,The solver successfully reached the end of the integration interval.
H2_vs_N2_at_fixed_CO,N2,0.9333333333333332,H2,0.399,CO,0.32,0.32,0.399,0.9333333333333332,1.6523333333333332,38.502069837726516,completed,The solver successfully reached the end of the integration interval.
H2_vs_N2_at_fixed_CO,N2,0.9777777777777777,H2,0.399,CO,0.32,0.32,0.399,0.9777777777777777,1.6967777777777777,37.76090360228936,completed,The solver successfully reached the end of the integration interval.
H2_vs_N2_at_fixed_CO,N2,1.0222222222222221,H2,0.399,CO,0.32,0.32,0.399,1.0222222222222221,1.7412222222222222,37.047856336185056,completed,The solver successfully reached the end of the integration interval.
H2_vs_N2_at_fixed_CO,N2,1.0666666666666667,H2,0.399,CO,0.32,0.32,0.399,1.0666666666666667,1.7856666666666667,36.361245926163036,completed,The solver successfully reached the end of the integration interval.
H2_vs_N2_at_fixed_CO,N2,1.1111111111111112,H2,0.399,CO,0.32,0.32,0.399,1.1111111111111112,1.8301111111111112,35.69950047855134,completed,The solver successfully reached the end of the integration interval.
H2_vs_N2_at_fixed_CO,N2,1.1555555555555554,H2,0.399,CO,0.32,0.32,0.399,1.1555555555555554,1.8745555555555555,35.061234038831934,completed,The solver successfully reached the end of the integration interval.
H2_vs_N2_at_fixed_CO,N2,1.2,H2,0.399,CO,0.32,0.32,0.399,1.2,1.919,34.44513367620997,completed,The solver successfully reached the end of the integration interval.
H2_vs_N2_at_fixed_CO,N2,0.4,H2,0.4222222222222222,CO,0.32,0.32,0.4222222222222222,0.4,1.1422222222222222,53.13763940222322,completed,The solver successfully reached the end of the integration interval.
H2_vs_N2_at_fixed_CO,N2,0.4444444444444445,H2,0.4222222222222222,CO,0.32,0.32,0.4222222222222222,0.4444444444444445,1.1866666666666668,51.796869937083045,completed,The solver successfully reached the end of the integration interval.
H2_vs_N2_at_fixed_CO,N2,0.48888888888888893,H2,0.4222222222222222,CO,0.32,0.32,0.4222222222222222,0.48888888888888893,1.2311111111111113,50.52766045802903,completed,The solver successfully reached the end of the integration interval.
H2_vs_N2_at_fixed_CO,N2,0.5333333333333333,H2,0.4222222222222222,CO,0.32,0.32,0.4222222222222222,0.5333333333333333,1.2755555555555556,49.3236919427354,completed,The solver successfully reached the end of the integration interval.
H2_vs_N2_at_fixed_CO,N2,0.5777777777777777,H2,0.4222222222222222,CO,0.32,0.32,0.4222222222222222,0.5777777777777777,1.3199999999999998,48.17949901342066,completed,The solver successfully reached the end of the integration interval.
H2_vs_N2_at_fixed_CO,N2,0.6222222222222222,H2,0.4222222222222222,CO,0.32,0.32,0.4222222222222222,0.6222222222222222,1.3644444444444446,47.09016824483416,completed,The solver successfully reached the end of the integration interval.
H2_vs_N2_at_fixed_CO,N2,0.6666666666666666,H2,0.4222222222222222,CO,0.32,0.32,0.4222222222222222,0.6666666666666666,1.4088888888888889,46.051301706194266,completed,The solver successfully reached the end of the integration interval.
H2_vs_N2_at_fixed_CO,N2,0.711111111111111,H2,0.4222222222222222,CO,0.32,0.32,0.4222222222222222,0.711111111111111,1.4533333333333331,45.059305143190144,completed,The solver successfully reached the end of the integration interval.
H2_vs_N2_at_fixed_CO,N2,0.7555555555555555,H2,0.4222222222222222,CO,0.32,0.32,0.4222222222222222,0.7555555555555555,1.4977777777777779,44.110703093071244,completed,The solver successfully reached the end of the integration interval.
H2_vs_N2_at_fixed_CO,N2,0.799,H2,0.4222222222222222,CO,0.32,0.32,0.4222222222222222,0.799,1.5412222222222223,43.22241307376706,completed,The solver successfully reached the end of the integration interval.
H2_vs_N2_at_fixed_CO,N2,0.8,H2,0.4222222222222222,CO,0.32,0.32,0.4222222222222222,0.8,1.5422222222222222,43.202398949276784,completed,The solver successfully reached the end of the integration interval.
H2_vs_N2_at_fixed_CO,N2,0.8444444444444444,H2,0.4222222222222222,CO,0.32,0.32,0.4222222222222222,0.8444444444444444,1.5866666666666667,42.33163641516228,completed,The solver successfully reached the end of the integration interval.
H2_vs_N2_at_fixed_CO,N2,0.8888888888888888,H2,0.4222222222222222,CO,0.32,0.32,0.4222222222222222,0.8888888888888888,1.6311111111111112,41.49592210934123,completed,The solver successfully reached the end of the integration interval.
H2_vs_N2_at_fixed_CO,N2,0.9333333333333332,H2,0.4222222222222222,CO,0.32,0.32,0.4222222222222222,0.9333333333333332,1.6755555555555555,40.693001978911305,completed,The solver successfully reached the end of the integration interval.
H2_vs_N2_at_fixed_CO,N2,0.9777777777777777,H2,0.4222222222222222,CO,0.32,0.32,0.4222222222222222,0.9777777777777777,1.72,39.92083474870613,completed,The solver successfully reached the end of the integration interval.
H2_vs_N2_at_fixed_CO,N2,1.0222222222222221,H2,0.4222222222222222,CO,0.32,0.32,0.4222222222222222,1.0222222222222221,1.7644444444444445,39.177536104003586,completed,The solver successfully reached the end of the integration interval.
H2_vs_N2_at_fixed_CO,N2,1.0666666666666667,H2,0.4222222222222222,CO,0.32,0.32,0.4222222222222222,1.0666666666666667,1.8088888888888888,38.46139486850765,completed,The solver successfully reached the end of the integration interval.
H2_vs_N2_at_fixed_CO,N2,1.1111111111111112,H2,0.4222222222222222,CO,0.32,0.32,0.4222222222222222,1.1111111111111112,1.8533333333333335,37.77085630643071,completed,The solver successfully reached the end of the integration interval.
H2_vs_N2_at_fixed_CO,N2,1.1555555555555554,H2,0.4222222222222222,CO,0.32,0.32,0.4222222222222222,1.1555555555555554,1.8977777777777778,37.10444638816801,completed,The solver successfully reached the end of the integration interval.
H2_vs_N2_at_fixed_CO,N2,1.2,H2,0.4222222222222222,CO,0.32,0.32,0.4222222222222222,1.2,1.942222222222222,36.46088138165242,completed,The solver successfully reached the end of the integration interval.
H2_vs_N2_at_fixed_CO,N2,0.4,H2,0.4777777777777778,CO,0.32,0.32,0.4777777777777778,0.4,1.1977777777777778,59.05628084308323,completed,The solver successfully reached the end of the integration interval.
H2_vs_N2_at_fixed_CO,N2,0.4444444444444445,H2,0.4777777777777778,CO,0.32,0.32,0.4777777777777778,0.4444444444444445,1.2422222222222223,57.64031703655321,completed,The solver successfully reached the end of the integration interval.
H2_vs_N2_at_fixed_CO,N2,0.48888888888888893,H2,0.4777777777777778,CO,0.32,0.32,0.4777777777777778,0.48888888888888893,1.2866666666666666,56.2952527158376,completed,The solver successfully reached the end of the integration interval.
H2_vs_N2_at_fixed_CO,N2,0.5333333333333333,H2,0.4777777777777778,CO,0.32,0.32,0.4777777777777778,0.5333333333333333,1.3311111111111111,55.01537686760265,completed,The solver successfully reached the end of the integration interval.
H2_vs_N2_at_fixed_CO,N2,0.5777777777777777,H2,0.4777777777777778,CO,0.32,0.32,0.4777777777777778,0.5777777777777777,1.3755555555555556,53.79550565847988,completed,The solver successfully reached the end of the integration interval.
H2_vs_N2_at_fixed_CO,N2,0.6222222222222222,H2,0.4777777777777778,CO,0.32,0.32,0.4777777777777778,0.6222222222222222,1.42,52.63110410102515,completed,The solver successfully reached the end of the integration interval.
H2_vs_N2_at_fixed_CO,N2,0.6666666666666666,H2,0.4777777777777778,CO,0.32,0.32,0.4777777777777778,0.6666666666666666,1.4644444444444444,51.51809090333235,completed,The solver successfully reached the end of the integration interval.
H2_vs_N2_at_fixed_CO,N2,0.711111111111111,H2,0.4777777777777778,CO,0.32,0.32,0.4777777777777778,0.711111111111111,1.508888888888889,50.45280879384016,completed,The solver successfully reached the end of the integration interval.
H2_vs_N2_at_fixed_CO,N2,0.7555555555555555,H2,0.4777777777777778,CO,0.32,0.32,0.4777777777777778,0.7555555555555555,1.5533333333333332,49.43197116583841,completed,The solver successfully reached the end of the integration interval.
H2_vs_N2_at_fixed_CO,N2,0.799,H2,0.4777777777777778,CO,0.32,0.32,0.4777777777777778,0.799,1.5967777777777779,48.47404645551537,completed,The solver successfully reached the end of the integration interval.
H2_vs_N2_at_fixed_CO,N2,0.8,H2,0.4777777777777778,CO,0.32,0.32,0.4777777777777778,0.8,1.597777777777778,48.45244651481048,completed,The solver successfully reached the end of the integration interval.
H2_vs_N2_at_fixed_CO,N2,0.8444444444444444,H2,0.4777777777777778,CO,0.32,0.32,0.4777777777777778,0.8444444444444444,1.6422222222222222,47.51183738146375,completed,The solver successfully reached the end of the integration interval.
H2_vs_N2_at_fixed_CO,N2,0.8888888888888888,H2,0.4777777777777778,CO,0.32,0.32,0.4777777777777778,0.8888888888888888,1.6866666666666665,46.60753754268752,completed,The solver successfully reached the end of the integration interval.
H2_vs_N2_at_fixed_CO,N2,0.9333333333333332,H2,0.4777777777777778,CO,0.32,0.32,0.4777777777777778,0.9333333333333332,1.731111111111111,45.737305275286325,completed,The solver successfully reached the end of the integration interval.
H2_vs_N2_at_fixed_CO,N2,0.9777777777777777,H2,0.4777777777777778,CO,0.32,0.32,0.4777777777777778,0.9777777777777777,1.7755555555555556,44.89912359210964,completed,The solver successfully reached the end of the integration interval.
H2_vs_N2_at_fixed_CO,N2,1.0222222222222221,H2,0.4777777777777778,CO,0.32,0.32,0.4777777777777778,1.0222222222222221,1.8199999999999998,44.091113244514304,completed,The solver successfully reached the end of the integration interval.
H2_vs_N2_at_fixed_CO,N2,1.0666666666666667,H2,0.4777777777777778,CO,0.32,0.32,0.4777777777777778,1.0666666666666667,1.8644444444444446,43.31157464281585,completed,The solver successfully reached the end of the integration interval.
H2_vs_N2_at_fixed_CO,N2,1.1111111111111112,H2,0.4777777777777778,CO,0.32,0.32,0.4777777777777778,1.1111111111111112,1.9088888888888889,42.55889949028917,completed,The solver successfully reached the end of the integration interval.
H2_vs_N2_at_fixed_CO,N2,1.1555555555555554,H2,0.4777777777777778,CO,0.32,0.32,0.4777777777777778,1.1555555555555554,1.9533333333333331,41.8316366017921,completed,The solver successfully reached the end of the integration interval.
H2_vs_N2_at_fixed_CO,N2,1.2,H2,0.4777777777777778,CO,0.32,0.32,0.4777777777777778,1.2,1.9977777777777779,41.12844725456431,completed,The solver successfully reached the end of the integration interval.
H2_vs_N2_at_fixed_CO,N2,0.4,H2,0.5333333333333333,CO,0.32,0.32,0.5333333333333333,0.4,1.2533333333333334,64.43408927325203,completed,The solver successfully reached the end of the integration interval.
H2_vs_N2_at_fixed_CO,N2,0.4444444444444445,H2,0.5333333333333333,CO,0.32,0.32,0.5333333333333333,0.4444444444444445,1.2977777777777777,62.97344431612251,completed,The solver successfully reached the end of the integration interval.
H2_vs_N2_at_fixed_CO,N2,0.48888888888888893,H2,0.5333333333333333,CO,0.32,0.32,0.5333333333333333,0.48888888888888893,1.3422222222222222,61.58027823355161,completed,The solver successfully reached the end of the integration interval.
H2_vs_N2_at_fixed_CO,N2,0.5333333333333333,H2,0.5333333333333333,CO,0.32,0.32,0.5333333333333333,0.5333333333333333,1.3866666666666667,60.249783458403364,completed,The solver successfully reached the end of the integration interval.
H2_vs_N2_at_fixed_CO,N2,0.5777777777777777,H2,0.5333333333333333,CO,0.32,0.32,0.5333333333333333,0.5777777777777777,1.431111111111111,58.97740267371493,completed,The solver successfully reached the end of the integration interval.
H2_vs_N2_at_fixed_CO,N2,0.6222222222222222,H2,0.5333333333333333,CO,0.32,0.32,0.5333333333333333,0.6222222222222222,1.4755555555555555,57.7591663389451,completed,The solver successfully reached the end of the integration interval.
H2_vs_N2_at_fixed_CO,N2,0.6666666666666666,H2,0.5333333333333333,CO,0.32,0.32,0.5333333333333333,0.6666666666666666,1.52,56.59145663204512,completed,The solver successfully reached the end of the integration interval.
H2_vs_N2_at_fixed_CO,N2,0.711111111111111,H2,0.5333333333333333,CO,0.32,0.32,0.5333333333333333,0.711111111111111,1.5644444444444443,55.47093817616319,completed,The solver successfully reached the end of the integration interval.
H2_vs_N2_at_fixed_CO,N2,0.7555555555555555,H2,0.5333333333333333,CO,0.32,0.32,0.5333333333333333,0.7555555555555555,1.6088888888888888,54.39461022369311,completed,The solver successfully reached the end of the integration interval.
H2_vs_N2_at_fixed_CO,N2,0.799,H2,0.5333333333333333,CO,0.32,0.32,0.5333333333333333,0.799,1.6523333333333334,53.382591223143685,completed,The solver successfully reached the end of the integration interval.
H2_vs_N2_at_fixed_CO,N2,0.8,H2,0.5333333333333333,CO,0.32,0.32,0.5333333333333333,0.8,1.6533333333333333,53.35974345983865,completed,The solver successfully reached the end of the integration interval.
H2_vs_N2_at_fixed_CO,N2,0.8444444444444444,H2,0.5333333333333333,CO,0.32,0.32,0.5333333333333333,0.8444444444444444,1.6977777777777778,52.36377995090147,completed,The solver successfully reached the end of the integration interval.
H2_vs_N2_at_fixed_CO,N2,0.8888888888888888,H2,0.5333333333333333,CO,0.32,0.32,0.5333333333333333,0.8888888888888888,1.7422222222222221,51.40431098610855,completed,The solver successfully reached the end of the integration interval.
H2_vs_N2_at_fixed_CO,N2,0.9333333333333332,H2,0.5333333333333333,CO,0.32,0.32,0.5333333333333333,0.9333333333333332,1.7866666666666666,50.47947065975327,completed,The solver successfully reached the end of the integration interval.
H2_vs_N2_at_fixed_CO,N2,0.9777777777777777,H2,0.5333333333333333,CO,0.32,0.32,0.5333333333333333,0.9777777777777777,1.8311111111111111,49.58715292542068,completed,The solver successfully reached the end of the integration interval.
H2_vs_N2_at_fixed_CO,N2,1.0222222222222221,H2,0.5333333333333333,CO,0.32,0.32,0.5333333333333333,1.0222222222222221,1.8755555555555554,48.72560100912343,completed,The solver successfully reached the end of the integration interval.
H2_vs_N2_at_fixed_CO,N2,1.0666666666666667,H2,0.5333333333333333,CO,0.32,0.32,0.5333333333333333,1.0666666666666667,1.92,47.89314369121115,completed,The solver successfully reached the end of the integration interval.
H2_vs_N2_at_fixed_CO,N2,1.1111111111111112,H2,0.5333333333333333,CO,0.32,0.32,0.5333333333333333,1.1111111111111112,1.9644444444444444,47.08823467494562,completed,The solver successfully reached the end of the integration interval.
H2_vs_N2_at_fixed_CO,N2,1.1555555555555554,H2,0.5333333333333333,CO,0.32,0.32,0.5333333333333333,1.1555555555555554,2.008888888888889,46.30945423743392,completed,The solver successfully reached the end of the integration interval.
H2_vs_N2_at_fixed_CO,N2,1.2,H2,0.5333333333333333,CO,0.32,0.32,0.5333333333333333,1.2,2.0533333333333332,45.55544592197806,completed,The solver successfully reached the end of the integration interval.
H2_vs_N2_at_fixed_CO,N2,0.4,H2,0.5888888888888888,CO,0.32,0.32,0.5888888888888888,0.4,1.3088888888888888,69.24858731165261,completed,The solver successfully reached the end of the integration interval.
H2_vs_N2_at_fixed_CO,N2,0.4444444444444445,H2,0.5888888888888888,CO,0.32,0.32,0.5888888888888888,0.4444444444444445,1.3533333333333333,67.77356286797077,completed,The solver successfully reached the end of the integration interval.
H2_vs_N2_at_fixed_CO,N2,0.48888888888888893,H2,0.5888888888888888,CO,0.32,0.32,0.5888888888888888,0.48888888888888893,1.3977777777777778,66.3599550167211,completed,The solver successfully reached the end of the integration interval.
H2_vs_N2_at_fixed_CO,N2,0.5333333333333333,H2,0.5888888888888888,CO,0.32,0.32,0.5888888888888888,0.5333333333333333,1.442222222222222,65.00391473649844,completed,The solver successfully reached the end of the integration interval.
H2_vs_N2_at_fixed_CO,N2,0.5777777777777777,H2,0.5888888888888888,CO,0.32,0.32,0.5888888888888888,0.5777777777777777,1.4866666666666666,63.70208710081631,completed,The solver successfully reached the end of the integration interval.
H2_vs_N2_at_fixed_CO,N2,0.6222222222222222,H2,0.5888888888888888,CO,0.32,0.32,0.5888888888888888,0.6222222222222222,1.531111111111111,62.45126657647094,completed,The solver successfully reached the end of the integration interval.
H2_vs_N2_at_fixed_CO,N2,0.6666666666666666,H2,0.5888888888888888,CO,0.32,0.32,0.5888888888888888,0.6666666666666666,1.5755555555555554,61.248532116578446,completed,The solver successfully reached the end of the integration interval.
H2_vs_N2_at_fixed_CO,N2,0.711111111111111,H2,0.5888888888888888,CO,0.32,0.32,0.5888888888888888,0.711111111111111,1.6199999999999999,60.0909693382948,completed,The solver successfully reached the end of the integration interval.
H2_vs_N2_at_fixed_CO,N2,0.7555555555555555,H2,0.5888888888888888,CO,0.32,0.32,0.5888888888888888,0.7555555555555555,1.6644444444444444,58.97608110553251,completed,The solver successfully reached the end of the integration interval.
H2_vs_N2_at_fixed_CO,N2,0.799,H2,0.5888888888888888,CO,0.32,0.32,0.5888888888888888,0.799,1.7078888888888888,57.92517255249584,completed,The solver successfully reached the end of the integration interval.
H2_vs_N2_at_fixed_CO,N2,0.8,H2,0.5888888888888888,CO,0.32,0.32,0.5888888888888888,0.8,1.708888888888889,57.901418753039955,completed,The solver successfully reached the end of the integration interval.
H2_vs_N2_at_fixed_CO,N2,0.8444444444444444,H2,0.5888888888888888,CO,0.32,0.32,0.5888888888888888,0.8444444444444444,1.7533333333333332,56.86478255810977,completed,The solver successfully reached the end of the integration interval.
H2_vs_N2_at_fixed_CO,N2,0.8888888888888888,H2,0.5888888888888888,CO,0.32,0.32,0.5888888888888888,0.8888888888888888,1.7977777777777777,55.864124405534454,completed,The solver successfully reached the end of the integration interval.
H2_vs_N2_at_fixed_CO,N2,0.9333333333333332,H2,0.5888888888888888,CO,0.32,0.32,0.5888888888888888,0.9333333333333332,1.842222222222222,54.89750565296831,completed,The solver successfully reached the end of the integration interval.
H2_vs_N2_at_fixed_CO,N2,0.9777777777777777,H2,0.5888888888888888,CO,0.32,0.32,0.5888888888888888,0.9777777777777777,1.8866666666666665,53.96300112002999,completed,The solver successfully reached the end of the integration interval.
H2_vs_N2_at_fixed_CO,N2,1.0222222222222221,H2,0.5888888888888888,CO,0.32,0.32,0.5888888888888888,1.0222222222222221,1.931111111111111,53.059264211133176,completed,The solver successfully reached the end of the integration interval.
H2_vs_N2_at_fixed_CO,N2,1.0666666666666667,H2,0.5888888888888888,CO,0.32,0.32,0.5888888888888888,1.0666666666666667,1.9755555555555555,52.184593848982075,completed,The solver successfully reached the end of the integration interval.
H2_vs_N2_at_fixed_CO,N2,1.1111111111111112,H2,0.5888888888888888,CO,0.32,0.32,0.5888888888888888,1.1111111111111112,2.02,51.337555298108086,completed,The solver successfully reached the end of the integration interval.
H2_vs_N2_at_fixed_CO,N2,1.1555555555555554,H2,0.5888888888888888,CO,0.32,0.32,0.5888888888888888,1.1555555555555554,2.0644444444444443,50.51680457054039,completed,The solver successfully reached the end of the integration interval.
H2_vs_N2_at_fixed_CO,N2,1.2,H2,0.5888888888888888,CO,0.32,0.32,0.5888888888888888,1.2,2.1088888888888886,49.721089354891625,completed,The solver successfully reached the end of the integration interval.
H2_vs_N2_at_fixed_CO,N2,0.4,H2,0.6444444444444444,CO,0.32,0.32,0.6444444444444444,0.4,1.3644444444444443,73.49505426012354,completed,The solver successfully reached the end of the integration interval.
H2_vs_N2_at_fixed_CO,N2,0.4444444444444445,H2,0.6444444444444444,CO,0.32,0.32,0.6444444444444444,0.4444444444444445,1.4088888888888889,72.03381130450168,completed,The solver successfully reached the end of the integration interval.
H2_vs_N2_at_fixed_CO,N2,0.48888888888888893,H2,0.6444444444444444,CO,0.32,0.32,0.6444444444444444,0.48888888888888893,1.4533333333333334,70.62549544223067,completed,The solver successfully reached the end of the integration interval.
H2_vs_N2_at_fixed_CO,N2,0.5333333333333333,H2,0.6444444444444444,CO,0.32,0.32,0.6444444444444444,0.5333333333333333,1.4977777777777777,69.26804522137351,completed,The solver successfully reached the end of the integration interval.
H2_vs_N2_at_fixed_CO,N2,0.5777777777777777,H2,0.6444444444444444,CO,0.32,0.32,0.6444444444444444,0.5777777777777777,1.5422222222222222,67.95898312284677,completed,The solver successfully reached the end of the integration interval.
H2_vs_N2_at_fixed_CO,N2,0.6222222222222222,H2,0.6444444444444444,CO,0.32,0.32,0.6444444444444444,0.6222222222222222,1.5866666666666667,66.69609404476505,completed,The solver successfully reached the end of the integration interval.
H2_vs_N2_at_fixed_CO,N2,0.6666666666666666,H2,0.6444444444444444,CO,0.32,0.32,0.6444444444444444,0.6666666666666666,1.631111111111111,65.47724022858009,completed,The solver successfully reached the end of the integration interval.
H2_vs_N2_at_fixed_CO,N2,0.711111111111111,H2,0.6444444444444444,CO,0.32,0.32,0.6444444444444444,0.711111111111111,1.6755555555555555,64.3004019290814,completed,The solver successfully reached the end of the integration interval.
H2_vs_N2_at_fixed_CO,N2,0.7555555555555555,H2,0.6444444444444444,CO,0.32,0.32,0.6444444444444444,0.7555555555555555,1.72,63.1634199716691,completed,The solver successfully reached the end of the integration interval.
H2_vs_N2_at_fixed_CO,N2,0.799,H2,0.6444444444444444,CO,0.32,0.32,0.6444444444444444,0.799,1.7634444444444444,62.08872896246264,completed,The solver successfully reached the end of the integration interval.
H2_vs_N2_at_fixed_CO,N2,0.8,H2,0.6444444444444444,CO,0.32,0.32,0.6444444444444444,0.8,1.7644444444444445,62.064405282273405,completed,The solver successfully reached the end of the integration interval.
H2_vs_N2_at_fixed_CO,N2,0.8444444444444444,H2,0.6444444444444444,CO,0.32,0.32,0.6444444444444444,0.8444444444444444,1.8088888888888888,61.00154006440094,completed,The solver successfully reached the end of the integration interval.
H2_vs_N2_at_fixed_CO,N2,0.8888888888888888,H2,0.6444444444444444,CO,0.32,0.32,0.6444444444444444,0.8888888888888888,1.8533333333333333,59.97308796711071,completed,The solver successfully reached the end of the integration interval.
H2_vs_N2_at_fixed_CO,N2,0.9333333333333332,H2,0.6444444444444444,CO,0.32,0.32,0.6444444444444444,0.9333333333333332,1.8977777777777776,58.97741626892004,completed,The solver successfully reached the end of the integration interval.
H2_vs_N2_at_fixed_CO,N2,0.9777777777777777,H2,0.6444444444444444,CO,0.32,0.32,0.6444444444444444,0.9777777777777777,1.942222222222222,58.012988726792734,completed,The solver successfully reached the end of the integration interval.
H2_vs_N2_at_fixed_CO,N2,1.0222222222222221,H2,0.6444444444444444,CO,0.32,0.32,0.6444444444444444,1.0222222222222221,1.9866666666666666,57.07834674974441,completed,The solver successfully reached the end of the integration interval.
H2_vs_N2_at_fixed_CO,N2,1.0666666666666667,H2,0.6444444444444444,CO,0.32,0.32,0.6444444444444444,1.0666666666666667,2.031111111111111,56.172120252113636,completed,The solver successfully reached the end of the integration interval.
H2_vs_N2_at_fixed_CO,N2,1.1111111111111112,H2,0.6444444444444444,CO,0.32,0.32,0.6444444444444444,1.1111111111111112,2.0755555555555554,55.29302137343532,completed,The solver successfully reached the end of the integration interval.
H2_vs_N2_at_fixed_CO,N2,1.1555555555555554,H2,0.6444444444444444,CO,0.32,0.32,0.6444444444444444,1.1555555555555554,2.1199999999999997,54.43970963916884,completed,The solver successfully reached the end of the integration interval.
H2_vs_N2_at_fixed_CO,N2,1.2,H2,0.6444444444444444,CO,0.32,0.32,0.6444444444444444,1.2,2.1644444444444444,53.61130004972925,completed,The solver successfully reached the end of the integration interval.
H2_vs_N2_at_fixed_CO,N2,0.4,H2,0.7,CO,0.32,0.32,0.7,0.4,1.42,77.18557717172699,completed,The solver successfully reached the end of the integration interval.
H2_vs_N2_at_fixed_CO,N2,0.4444444444444445,H2,0.7,CO,0.32,0.32,0.7,0.4444444444444445,1.4644444444444444,75.76281927745168,completed,The solver successfully reached the end of the integration interval.
H2_vs_N2_at_fixed_CO,N2,0.48888888888888893,H2,0.7,CO,0.32,0.32,0.7,0.48888888888888893,1.508888888888889,74.38302465001907,completed,The solver successfully reached the end of the integration interval.
H2_vs_N2_at_fixed_CO,N2,0.5333333333333333,H2,0.7,CO,0.32,0.32,0.7,0.5333333333333333,1.5533333333333332,73.04548024071285,completed,The solver successfully reached the end of the integration interval.
H2_vs_N2_at_fixed_CO,N2,0.5777777777777777,H2,0.7,CO,0.32,0.32,0.7,0.5777777777777777,1.5977777777777777,71.74927689576364,completed,The solver successfully reached the end of the integration interval.
H2_vs_N2_at_fixed_CO,N2,0.6222222222222222,H2,0.7,CO,0.32,0.32,0.7,0.6222222222222222,1.6422222222222222,70.49334920053485,completed,The solver successfully reached the end of the integration interval.
H2_vs_N2_at_fixed_CO,N2,0.6666666666666666,H2,0.7,CO,0.32,0.32,0.7,0.6666666666666666,1.6866666666666665,69.27616666234596,completed,The solver successfully reached the end of the integration interval.
H2_vs_N2_at_fixed_CO,N2,0.711111111111111,H2,0.7,CO,0.32,0.32,0.7,0.711111111111111,1.731111111111111,68.09650633633838,completed,The solver successfully reached the end of the integration interval.
H2_vs_N2_at_fixed_CO,N2,0.7555555555555555,H2,0.7,CO,0.32,0.32,0.7,0.7555555555555555,1.7755555555555556,66.9529935776762,completed,The solver successfully reached the end of the integration interval.
H2_vs_N2_at_fixed_CO,N2,0.799,H2,0.7,CO,0.32,0.32,0.7,0.799,1.819,65.86879862714088,completed,The solver successfully reached the end of the integration interval.
H2_vs_N2_at_fixed_CO,N2,0.8,H2,0.7,CO,0.32,0.32,0.7,0.8,1.82,65.84422425872589,completed,The solver successfully reached the end of the integration interval.
H2_vs_N2_at_fixed_CO,N2,0.8444444444444444,H2,0.7,CO,0.32,0.32,0.7,0.8444444444444444,1.8644444444444443,64.7689447340715,completed,The solver successfully reached the end of the integration interval.
H2_vs_N2_at_fixed_CO,N2,0.8888888888888888,H2,0.7,CO,0.32,0.32,0.7,0.8888888888888888,1.9088888888888889,63.72567198567396,completed,The solver successfully reached the end of the integration interval.
H2_vs_N2_at_fixed_CO,N2,0.9333333333333332,H2,0.7,CO,0.32,0.32,0.7,0.9333333333333332,1.9533333333333331,62.71317695824327,completed,The solver successfully reached the end of the integration interval.
H2_vs_N2_at_fixed_CO,N2,0.9777777777777777,H2,0.7,CO,0.32,0.32,0.7,0.9777777777777777,1.9977777777777777,61.7302105143676,completed,The solver successfully reached the end of the integration interval.
H2_vs_N2_at_fixed_CO,N2,1.0222222222222221,H2,0.7,CO,0.32,0.32,0.7,1.0222222222222221,2.042222222222222,60.77558723995396,completed,The solver successfully reached the end of the integration interval.
H2_vs_N2_at_fixed_CO,N2,1.0666666666666667,H2,0.7,CO,0.32,0.32,0.7,1.0666666666666667,2.0866666666666664,59.848146810241055,completed,The solver successfully reached the end of the integration interval.
H2_vs_N2_at_fixed_CO,N2,1.1111111111111112,H2,0.7,CO,0.32,0.32,0.7,1.1111111111111112,2.131111111111111,58.94678832453597,completed,The solver successfully reached the end of the integration interval.
H2_vs_N2_at_fixed_CO,N2,1.1555555555555554,H2,0.7,CO,0.32,0.32,0.7,1.1555555555555554,2.1755555555555555,58.07046466234408,completed,The solver successfully reached the end of the integration interval.
H2_vs_N2_at_fixed_CO,N2,1.2,H2,0.7,CO,0.32,0.32,0.7,1.2,2.2199999999999998,57.21817633214255,completed,The solver successfully reached the end of the integration interval.
H2_vs_N2_at_fixed_CO,N2,0.4,H2,0.7555555555555555,CO,0.32,0.32,0.7555555555555555,0.4,1.4755555555555555,80.34742533309239,completed,The solver successfully reached the end of the integration interval.
H2_vs_N2_at_fixed_CO,N2,0.4444444444444445,H2,0.7555555555555555,CO,0.32,0.32,0.7555555555555555,0.4444444444444445,1.52,78.98317551348609,completed,The solver successfully reached the end of the integration interval.
H2_vs_N2_at_fixed_CO,N2,0.48888888888888893,H2,0.7555555555555555,CO,0.32,0.32,0.7555555555555555,0.48888888888888893,1.5644444444444445,77.65105876911007,completed,The solver successfully reached the end of the integration interval.
H2_vs_N2_at_fixed_CO,N2,0.5333333333333333,H2,0.7555555555555555,CO,0.32,0.32,0.7555555555555555,0.5333333333333333,1.6088888888888888,76.35189031144225,completed,The solver successfully reached the end of the integration interval.
H2_vs_N2_at_fixed_CO,N2,0.5777777777777777,H2,0.7555555555555555,CO,0.32,0.32,0.7555555555555555,0.5777777777777777,1.6533333333333333,75.08599315527042,completed,The solver successfully reached the end of the integration interval.
H2_vs_N2_at_fixed_CO,N2,0.6222222222222222,H2,0.7555555555555555,CO,0.32,0.32,0.7555555555555555,0.6222222222222222,1.6977777777777778,73.85328403311803,completed,The solver successfully reached the end of the integration interval.
H2_vs_N2_at_fixed_CO,N2,0.6666666666666666,H2,0.7555555555555555,CO,0.32,0.32,0.7555555555555555,0.6666666666666666,1.7422222222222221,72.6535450392955,completed,The solver successfully reached the end of the integration interval.
H2_vs_N2_at_fixed_CO,N2,0.711111111111111,H2,0.7555555555555555,CO,0.32,0.32,0.7555555555555555,0.711111111111111,1.7866666666666666,71.48597260950186,completed,The solver successfully reached the end of the integration interval.
H2_vs_N2_at_fixed_CO,N2,0.7555555555555555,H2,0.7555555555555555,CO,0.32,0.32,0.7555555555555555,0.7555555555555555,1.8311111111111111,70.3500057155899,completed,The solver successfully reached the end of the integration interval.
H2_vs_N2_at_fixed_CO,N2,0.799,H2,0.7555555555555555,CO,0.32,0.32,0.7555555555555555,0.799,1.8745555555555555,69.26937190904812,completed,The solver successfully reached the end of the integration interval.
H2_vs_N2_at_fixed_CO,N2,0.8,H2,0.7555555555555555,CO,0.32,0.32,0.7555555555555555,0.8,1.8755555555555556,69.24483836853493,completed,The solver successfully reached the end of the integration interval.
H2_vs_N2_at_fixed_CO,N2,0.8444444444444444,H2,0.7555555555555555,CO,0.32,0.32,0.7555555555555555,0.8444444444444444,1.92,68.16964983017209,completed,The solver successfully reached the end of the integration interval.
H2_vs_N2_at_fixed_CO,N2,0.8888888888888888,H2,0.7555555555555555,CO,0.32,0.32,0.7555555555555555,0.8888888888888888,1.9644444444444444,67.12352089835049,completed,The solver successfully reached the end of the integration interval.
H2_vs_N2_at_fixed_CO,N2,0.9333333333333332,H2,0.7555555555555555,CO,0.32,0.32,0.7555555555555555,0.9333333333333332,2.008888888888889,66.1055500047341,completed,The solver successfully reached the end of the integration interval.
H2_vs_N2_at_fixed_CO,N2,0.9777777777777777,H2,0.7555555555555555,CO,0.32,0.32,0.7555555555555555,0.9777777777777777,2.0533333333333332,65.11484371701957,completed,The solver successfully reached the end of the integration interval.
H2_vs_N2_at_fixed_CO,N2,1.0222222222222221,H2,0.7555555555555555,CO,0.32,0.32,0.7555555555555555,1.0222222222222221,2.0977777777777775,64.15054223848958,completed,The solver successfully reached the end of the integration interval.
H2_vs_N2_at_fixed_CO,N2,1.0666666666666667,H2,0.7555555555555555,CO,0.32,0.32,0.7555555555555555,1.0666666666666667,2.1422222222222222,63.21161884548743,completed,The solver successfully reached the end of the integration interval.
H2_vs_N2_at_fixed_CO,N2,1.1111111111111112,H2,0.7555555555555555,CO,0.32,0.32,0.7555555555555555,1.1111111111111112,2.1866666666666665,62.29727573876925,completed,The solver successfully reached the end of the integration interval.
H2_vs_N2_at_fixed_CO,N2,1.1555555555555554,H2,0.7555555555555555,CO,0.32,0.32,0.7555555555555555,1.1555555555555554,2.231111111111111,61.40665136547382,completed,The solver successfully reached the end of the integration interval.
H2_vs_N2_at_fixed_CO,N2,1.2,H2,0.7555555555555555,CO,0.32,0.32,0.7555555555555555,1.2,2.2755555555555556,60.538880228717076,completed,The solver successfully reached the end of the integration interval.
H2_vs_N2_at_fixed_CO,N2,0.4,H2,0.8111111111111111,CO,0.32,0.32,0.8111111111111111,0.4,1.531111111111111,83.0205425425121,completed,The solver successfully reached the end of the integration interval.
H2_vs_N2_at_fixed_CO,N2,0.4444444444444445,H2,0.8111111111111111,CO,0.32,0.32,0.8111111111111111,0.4444444444444445,1.5755555555555556,81.72934381301673,completed,The solver successfully reached the end of the integration interval.
H2_vs_N2_at_fixed_CO,N2,0.48888888888888893,H2,0.8111111111111111,CO,0.32,0.32,0.8111111111111111,0.48888888888888893,1.62,80.45945610035561,completed,The solver successfully reached the end of the integration interval.
H2_vs_N2_at_fixed_CO,N2,0.5333333333333333,H2,0.8111111111111111,CO,0.32,0.32,0.8111111111111111,0.5333333333333333,1.6644444444444444,79.21299396393206,completed,The solver successfully reached the end of the integration interval.
H2_vs_N2_at_fixed_CO,N2,0.5777777777777777,H2,0.8111111111111111,CO,0.32,0.32,0.8111111111111111,0.5777777777777777,1.708888888888889,77.991412536211,completed,The solver successfully reached the end of the integration interval.
H2_vs_N2_at_fixed_CO,N2,0.6222222222222222,H2,0.8111111111111111,CO,0.32,0.32,0.8111111111111111,0.6222222222222222,1.7533333333333334,76.7956264995176,completed,The solver successfully reached the end of the integration interval.
H2_vs_N2_at_fixed_CO,N2,0.6666666666666666,H2,0.8111111111111111,CO,0.32,0.32,0.8111111111111111,0.6666666666666666,1.7977777777777777,75.6262049255684,completed,The solver successfully reached the end of the integration interval.
H2_vs_N2_at_fixed_CO,N2,0.711111111111111,H2,0.8111111111111111,CO,0.32,0.32,0.8111111111111111,0.711111111111111,1.8422222222222222,74.48334269288421,completed,The solver successfully reached the end of the integration interval.
H2_vs_N2_at_fixed_CO,N2,0.7555555555555555,H2,0.8111111111111111,CO,0.32,0.32,0.8111111111111111,0.7555555555555555,1.8866666666666667,73.3671707870913,completed,The solver successfully reached the end of the integration interval.
H2_vs_N2_at_fixed_CO,N2,0.799,H2,0.8111111111111111,CO,0.32,0.32,0.8111111111111111,0.799,1.930111111111111,72.30144283076153,completed,The solver successfully reached the end of the integration interval.
H2_vs_N2_at_fixed_CO,N2,0.8,H2,0.8111111111111111,CO,0.32,0.32,0.8111111111111111,0.8,1.9311111111111112,72.277206256944,completed,The solver successfully reached the end of the integration interval.
H2_vs_N2_at_fixed_CO,N2,0.8444444444444444,H2,0.8111111111111111,CO,0.32,0.32,0.8111111111111111,0.8444444444444444,1.9755555555555555,71.21328071819099,completed,The solver successfully reached the end of the integration interval.
H2_vs_N2_at_fixed_CO,N2,0.8888888888888888,H2,0.8111111111111111,CO,0.32,0.32,0.8111111111111111,0.8888888888888888,2.02,70.1749370439109,completed,The solver successfully reached the end of the integration interval.
H2_vs_N2_at_fixed_CO,N2,0.9333333333333332,H2,0.8111111111111111,CO,0.32,0.32,0.8111111111111111,0.9333333333333332,2.0644444444444443,69.16167651409587,completed,The solver successfully reached the end of the integration interval.
H2_vs_N2_at_fixed_CO,N2,0.9777777777777777,H2,0.8111111111111111,CO,0.32,0.32,0.8111111111111111,0.9777777777777777,2.108888888888889,68.17294339489786,completed,The solver successfully reached the end of the integration interval.
H2_vs_N2_at_fixed_CO,N2,1.0222222222222221,H2,0.8111111111111111,CO,0.32,0.32,0.8111111111111111,1.0222222222222221,2.1533333333333333,67.20813685072093,completed,The solver successfully reached the end of the integration interval.
H2_vs_N2_at_fixed_CO,N2,1.0666666666666667,H2,0.8111111111111111,CO,0.32,0.32,0.8111111111111111,1.0666666666666667,2.1977777777777776,66.2666438703427,completed,The solver successfully reached the end of the integration interval.
H2_vs_N2_at_fixed_CO,N2,1.1111111111111112,H2,0.8111111111111111,CO,0.32,0.32,0.8111111111111111,1.1111111111111112,2.2422222222222223,65.34782551849693,completed,The solver successfully reached the end of the integration interval.
H2_vs_N2_at_fixed_CO,N2,1.1555555555555554,H2,0.8111111111111111,CO,0.32,0.32,0.8111111111111111,1.1555555555555554,2.2866666666666666,64.45112878916433,completed,The solver successfully reached the end of the integration interval.
H2_vs_N2_at_fixed_CO,N2,1.2,H2,0.8111111111111111,CO,0.32,0.32,0.8111111111111111,1.2,2.331111111111111,63.57574808204769,completed,The solver successfully reached the end of the integration interval.
H2_vs_N2_at_fixed_CO,N2,0.4,H2,0.8666666666666667,CO,0.32,0.32,0.8666666666666667,0.4,1.5866666666666667,85.25359082278294,completed,The solver successfully reached the end of the integration interval.
H2_vs_N2_at_fixed_CO,N2,0.4444444444444445,H2,0.8666666666666667,CO,0.32,0.32,0.8666666666666667,0.4444444444444445,1.6311111111111112,84.04441142795561,completed,The solver successfully reached the end of the integration interval.
H2_vs_N2_at_fixed_CO,N2,0.48888888888888893,H2,0.8666666666666667,CO,0.32,0.32,0.8666666666666667,0.48888888888888893,1.6755555555555557,82.84640746816437,completed,The solver successfully reached the end of the integration interval.
H2_vs_N2_at_fixed_CO,N2,0.5333333333333333,H2,0.8666666666666667,CO,0.32,0.32,0.8666666666666667,0.5333333333333333,1.72,81.66272404927345,completed,The solver successfully reached the end of the integration interval.
H2_vs_N2_at_fixed_CO,N2,0.5777777777777777,H2,0.8666666666666667,CO,0.32,0.32,0.8666666666666667,0.5777777777777777,1.7644444444444445,80.49582001871246,completed,The solver successfully reached the end of the integration interval.
H2_vs_N2_at_fixed_CO,N2,0.6222222222222222,H2,0.8666666666666667,CO,0.32,0.32,0.8666666666666667,0.6222222222222222,1.808888888888889,79.34729270373676,completed,The solver successfully reached the end of the integration interval.
H2_vs_N2_at_fixed_CO,N2,0.6666666666666666,H2,0.8666666666666667,CO,0.32,0.32,0.8666666666666667,0.6666666666666666,1.8533333333333333,78.21861687536772,completed,The solver successfully reached the end of the integration interval.
H2_vs_N2_at_fixed_CO,N2,0.711111111111111,H2,0.8666666666666667,CO,0.32,0.32,0.8666666666666667,0.711111111111111,1.8977777777777778,77.11053585970245,completed,The solver successfully reached the end of the integration interval.
H2_vs_N2_at_fixed_CO,N2,0.7555555555555555,H2,0.8666666666666667,CO,0.32,0.32,0.8666666666666667,0.7555555555555555,1.9422222222222223,76.02374823258941,completed,The solver successfully reached the end of the integration interval.
H2_vs_N2_at_fixed_CO,N2,0.799,H2,0.8666666666666667,CO,0.32,0.32,0.8666666666666667,0.799,1.9856666666666667,74.98233536919774,completed,The solver successfully reached the end of the integration interval.
H2_vs_N2_at_fixed_CO,N2,0.8,H2,0.8666666666666667,CO,0.32,0.32,0.8666666666666667,0.8,1.9866666666666668,74.95860930377317,completed,The solver successfully reached the end of the integration interval.
H2_vs_N2_at_fixed_CO,N2,0.8444444444444444,H2,0.8666666666666667,CO,0.32,0.32,0.8666666666666667,0.8444444444444444,2.031111111111111,73.91528551172749,completed,The solver successfully reached the end of the integration interval.
H2_vs_N2_at_fixed_CO,N2,0.8888888888888888,H2,0.8666666666666667,CO,0.32,0.32,0.8666666666666667,0.8888888888888888,2.0755555555555554,72.89378775114082,completed,The solver successfully reached the end of the integration interval.
H2_vs_N2_at_fixed_CO,N2,0.9333333333333332,H2,0.8666666666666667,CO,0.32,0.32,0.8666666666666667,0.9333333333333332,2.12,71.89397214614124,completed,The solver successfully reached the end of the integration interval.
H2_vs_N2_at_fixed_CO,N2,0.9777777777777777,H2,0.8666666666666667,CO,0.32,0.32,0.8666666666666667,0.9777777777777777,2.1644444444444444,70.91570974949558,completed,The solver successfully reached the end of the integration interval.
H2_vs_N2_at_fixed_CO,N2,1.0222222222222221,H2,0.8666666666666667,CO,0.32,0.32,0.8666666666666667,1.0222222222222221,2.2088888888888887,69.95864048957806,completed,The solver successfully reached the end of the integration interval.
H2_vs_N2_at_fixed_CO,N2,1.0666666666666667,H2,0.8666666666666667,CO,0.32,0.32,0.8666666666666667,1.0666666666666667,2.2533333333333334,69.02245406333266,completed,The solver successfully reached the end of the integration interval.
H2_vs_N2_at_fixed_CO,N2,1.1111111111111112,H2,0.8666666666666667,CO,0.32,0.32,0.8666666666666667,1.1111111111111112,2.2977777777777777,68.10675568560525,completed,The solver successfully reached the end of the integration interval.
H2_vs_N2_at_fixed_CO,N2,1.1555555555555554,H2,0.8666666666666667,CO,0.32,0.32,0.8666666666666667,1.1555555555555554,2.342222222222222,67.21113449525701,completed,The solver successfully reached the end of the integration interval.
H2_vs_N2_at_fixed_CO,N2,1.2,H2,0.8666666666666667,CO,0.32,0.32,0.8666666666666667,1.2,2.3866666666666667,66.3351748305663,completed,The solver successfully reached the end of the integration interval.
H2_vs_N2_at_fixed_CO,N2,0.4,H2,0.9222222222222223,CO,0.32,0.32,0.9222222222222223,0.4,1.6422222222222222,87.09999159294156,completed,The solver successfully reached the end of the integration interval.
H2_vs_N2_at_fixed_CO,N2,0.4444444444444445,H2,0.9222222222222223,CO,0.32,0.32,0.9222222222222223,0.4444444444444445,1.6866666666666668,85.97659410540889,completed,The solver successfully reached the end of the integration interval.
H2_vs_N2_at_fixed_CO,N2,0.48888888888888893,H2,0.9222222222222223,CO,0.32,0.32,0.9222222222222223,0.48888888888888893,1.7311111111111113,84.85552921897722,completed,The solver successfully reached the end of the integration interval.
H2_vs_N2_at_fixed_CO,N2,0.5333333333333333,H2,0.9222222222222223,CO,0.32,0.32,0.9222222222222223,0.5333333333333333,1.7755555555555556,83.74052217318311,completed,The solver successfully reached the end of the integration interval.
H2_vs_N2_at_fixed_CO,N2,0.5777777777777777,H2,0.9222222222222223,CO,0.32,0.32,0.9222222222222223,0.5777777777777777,1.82,82.63466089663308,completed,The solver successfully reached the end of the integration interval.
H2_vs_N2_at_fixed_CO,N2,0.6222222222222222,H2,0.9222222222222223,CO,0.32,0.32,0.9222222222222223,0.6222222222222222,1.8644444444444446,81.54043255746605,completed,The solver successfully reached the end of the integration interval.
H2_vs_N2_at_fixed_CO,N2,0.6666666666666666,H2,0.9222222222222223,CO,0.32,0.32,0.9222222222222223,0.6666666666666666,1.9088888888888889,80.45959522038613,completed,The solver successfully reached the end of the integration interval.
H2_vs_N2_at_fixed_CO,N2,0.711111111111111,H2,0.9222222222222223,CO,0.32,0.32,0.9222222222222223,0.711111111111111,1.9533333333333334,79.39372591780277,completed,The solver successfully reached the end of the integration interval.
H2_vs_N2_at_fixed_CO,N2,0.7555555555555555,H2,0.9222222222222223,CO,0.32,0.32,0.9222222222222223,0.7555555555555555,1.9977777777777779,78.34394589187015,completed,The solver successfully reached the end of the integration interval.
H2_vs_N2_at_fixed_CO,N2,0.799,H2,0.9222222222222223,CO,0.32,0.32,0.9222222222222223,0.799,2.0412222222222223,77.33416446538571,completed,The solver successfully reached the end of the integration interval.
H2_vs_N2_at_fixed_CO,N2,0.8,H2,0.9222222222222223,CO,0.32,0.32,0.9222222222222223,0.8,2.042222222222222,77.31111686825368,completed,The solver successfully reached the end of the integration interval.
H2_vs_N2_at_fixed_CO,N2,0.8444444444444444,H2,0.9222222222222223,CO,0.32,0.32,0.9222222222222223,0.8444444444444444,2.086666666666667,76.29586290928752,completed,The solver successfully reached the end of the integration interval.
H2_vs_N2_at_fixed_CO,N2,0.8888888888888888,H2,0.9222222222222223,CO,0.32,0.32,0.9222222222222223,0.8888888888888888,2.131111111111111,75.29853990270983,completed,The solver successfully reached the end of the integration interval.
H2_vs_N2_at_fixed_CO,N2,0.9333333333333332,H2,0.9222222222222223,CO,0.32,0.32,0.9222222222222223,0.9333333333333332,2.1755555555555555,74.31941771638093,completed,The solver successfully reached the end of the integration interval.
H2_vs_N2_at_fixed_CO,N2,0.9777777777777777,H2,0.9222222222222223,CO,0.32,0.32,0.9222222222222223,0.9777777777777777,2.22,73.35862655034244,completed,The solver successfully reached the end of the integration interval.
H2_vs_N2_at_fixed_CO,N2,1.0222222222222221,H2,0.9222222222222223,CO,0.32,0.32,0.9222222222222223,1.0222222222222221,2.2644444444444445,72.41618443762688,completed,The solver successfully reached the end of the integration interval.
H2_vs_N2_at_fixed_CO,N2,1.0666666666666667,H2,0.9222222222222223,CO,0.32,0.32,0.9222222222222223,1.0666666666666667,2.3088888888888888,71.49200247215072,completed,The solver successfully reached the end of the integration interval.
H2_vs_N2_at_fixed_CO,N2,1.1111111111111112,H2,0.9222222222222223,CO,0.32,0.32,0.9222222222222223,1.1111111111111112,2.3533333333333335,70.58594887286088,completed,The solver successfully reached the end of the integration interval.
H2_vs_N2_at_fixed_CO,N2,1.1555555555555554,H2,0.9222222222222223,CO,0.32,0.32,0.9222222222222223,1.1555555555555554,2.397777777777778,69.69784690913686,completed,The solver successfully reached the end of the integration interval.
H2_vs_N2_at_fixed_CO,N2,1.2,H2,0.9222222222222223,CO,0.32,0.32,0.9222222222222223,1.2,2.442222222222222,68.8274327939519,completed,The solver successfully reached the end of the integration interval.
H2_vs_N2_at_fixed_CO,N2,0.4,H2,0.959,CO,0.32,0.32,0.959,0.4,1.679,88.13605382182276,completed,The solver successfully reached the end of the integration interval.
H2_vs_N2_at_fixed_CO,N2,0.4444444444444445,H2,0.959,CO,0.32,0.32,0.959,0.4444444444444445,1.7234444444444446,87.06939241038741,completed,The solver successfully reached the end of the integration interval.
H2_vs_N2_at_fixed_CO,N2,0.48888888888888893,H2,0.959,CO,0.32,0.32,0.959,0.48888888888888893,1.7678888888888888,85.99998150862379,completed,The solver successfully reached the end of the integration interval.
H2_vs_N2_at_fixed_CO,N2,0.5333333333333333,H2,0.959,CO,0.32,0.32,0.959,0.5333333333333333,1.8123333333333334,84.93188139458996,completed,The solver successfully reached the end of the integration interval.
H2_vs_N2_at_fixed_CO,N2,0.5777777777777777,H2,0.959,CO,0.32,0.32,0.959,0.5777777777777777,1.8567777777777776,83.86839225549699,completed,The solver successfully reached the end of the integration interval.
H2_vs_N2_at_fixed_CO,N2,0.6222222222222222,H2,0.959,CO,0.32,0.32,0.959,0.6222222222222222,1.9012222222222221,82.81233868218987,completed,The solver successfully reached the end of the integration interval.
H2_vs_N2_at_fixed_CO,N2,0.6666666666666666,H2,0.959,CO,0.32,0.32,0.959,0.6666666666666666,1.9456666666666667,81.7658254998714,completed,The solver successfully reached the end of the integration interval.
H2_vs_N2_at_fixed_CO,N2,0.711111111111111,H2,0.959,CO,0.32,0.32,0.959,0.711111111111111,1.990111111111111,80.73070912168629,completed,The solver successfully reached the end of the integration interval.
H2_vs_N2_at_fixed_CO,N2,0.7555555555555555,H2,0.959,CO,0.32,0.32,0.959,0.7555555555555555,2.0345555555555555,79.70839799489612,completed,The solver successfully reached the end of the integration interval.
H2_vs_N2_at_fixed_CO,N2,0.799,H2,0.959,CO,0.32,0.32,0.959,0.799,2.078,78.72253717049591,completed,The solver successfully reached the end of the integration interval.
H2_vs_N2_at_fixed_CO,N2,0.8,H2,0.959,CO,0.32,0.32,0.959,0.8,2.079,78.70000823612715,completed,The solver successfully reached the end of the integration interval.
H2_vs_N2_at_fixed_CO,N2,0.8444444444444444,H2,0.959,CO,0.32,0.32,0.959,0.8444444444444444,2.1234444444444445,77.70642219785698,completed,The solver successfully reached the end of the integration interval.
H2_vs_N2_at_fixed_CO,N2,0.8888888888888888,H2,0.959,CO,0.32,0.32,0.959,0.8888888888888888,2.1678888888888888,76.72828610200557,completed,The solver successfully reached the end of the integration interval.
H2_vs_N2_at_fixed_CO,N2,0.9333333333333332,H2,0.959,CO,0.32,0.32,0.959,0.9333333333333332,2.212333333333333,75.76601760605762,completed,The solver successfully reached the end of the integration interval.
H2_vs_N2_at_fixed_CO,N2,0.9777777777777777,H2,0.959,CO,0.32,0.32,0.959,0.9777777777777777,2.2567777777777778,74.81995416374528,completed,The solver successfully reached the end of the integration interval.
H2_vs_N2_at_fixed_CO,N2,1.0222222222222221,H2,0.959,CO,0.32,0.32,0.959,1.0222222222222221,2.301222222222222,73.8903016419855,completed,The solver successfully reached the end of the integration interval.
H2_vs_N2_at_fixed_CO,N2,1.0666666666666667,H2,0.959,CO,0.32,0.32,0.959,1.0666666666666667,2.345666666666667,72.97717599296554,completed,The solver successfully reached the end of the integration interval.
H2_vs_N2_at_fixed_CO,N2,1.1111111111111112,H2,0.959,CO,0.32,0.32,0.959,1.1111111111111112,2.390111111111111,72.08055158328983,completed,The solver successfully reached the end of the integration interval.
H2_vs_N2_at_fixed_CO,N2,1.1555555555555554,H2,0.959,CO,0.32,0.32,0.959,1.1555555555555554,2.4345555555555554,71.20038179751182,completed,The solver successfully reached the end of the integration interval.
H2_vs_N2_at_fixed_CO,N2,1.2,H2,0.959,CO,0.32,0.32,0.959,1.2,2.479,70.33655225923181,completed,The solver successfully reached the end of the integration interval.
H2_vs_N2_at_fixed_CO,N2,0.4,H2,0.9777777777777776,CO,0.32,0.32,0.9777777777777776,0.4,1.6977777777777776,88.61375309115644,completed,The solver successfully reached the end of the integration interval.
H2_vs_N2_at_fixed_CO,N2,0.4444444444444445,H2,0.9777777777777776,CO,0.32,0.32,0.9777777777777776,0.4444444444444445,1.7422222222222221,87.57563183405412,completed,The solver successfully reached the end of the integration interval.
H2_vs_N2_at_fixed_CO,N2,0.48888888888888893,H2,0.9777777777777776,CO,0.32,0.32,0.9777777777777776,0.48888888888888893,1.7866666666666666,86.53247338095052,completed,The solver successfully reached the end of the integration interval.
H2_vs_N2_at_fixed_CO,N2,0.5333333333333333,H2,0.9777777777777776,CO,0.32,0.32,0.9777777777777776,0.5333333333333333,1.831111111111111,85.48834785284248,completed,The solver successfully reached the end of the integration interval.
H2_vs_N2_at_fixed_CO,N2,0.5777777777777777,H2,0.9777777777777776,CO,0.32,0.32,0.9777777777777776,0.5777777777777777,1.8755555555555554,84.44675424164281,completed,The solver successfully reached the end of the integration interval.
H2_vs_N2_at_fixed_CO,N2,0.6222222222222222,H2,0.9777777777777776,CO,0.32,0.32,0.9777777777777776,0.6222222222222222,1.92,83.41057531022027,completed,The solver successfully reached the end of the integration interval.
H2_vs_N2_at_fixed_CO,N2,0.6666666666666666,H2,0.9777777777777776,CO,0.32,0.32,0.9777777777777776,0.6666666666666666,1.9644444444444442,82.38209619892874,completed,The solver successfully reached the end of the integration interval.
H2_vs_N2_at_fixed_CO,N2,0.711111111111111,H2,0.9777777777777776,CO,0.32,0.32,0.9777777777777776,0.711111111111111,2.0088888888888885,81.36326394587651,completed,The solver successfully reached the end of the integration interval.
H2_vs_N2_at_fixed_CO,N2,0.7555555555555555,H2,0.9777777777777776,CO,0.32,0.32,0.9777777777777776,0.7555555555555555,2.0533333333333332,80.35563322050317,completed,The solver successfully reached the end of the integration interval.
H2_vs_N2_at_fixed_CO,N2,0.799,H2,0.9777777777777776,CO,0.32,0.32,0.9777777777777776,0.799,2.0967777777777776,79.382699485317,completed,The solver successfully reached the end of the integration interval.
H2_vs_N2_at_fixed_CO,N2,0.8,H2,0.9777777777777776,CO,0.32,0.32,0.9777777777777776,0.8,2.0977777777777775,79.36045201269572,completed,The solver successfully reached the end of the integration interval.
H2_vs_N2_at_fixed_CO,N2,0.8444444444444444,H2,0.9777777777777776,CO,0.32,0.32,0.9777777777777776,0.8444444444444444,2.1422222222222222,78.37866855142124,completed,The solver successfully reached the end of the integration interval.
H2_vs_N2_at_fixed_CO,N2,0.8888888888888888,H2,0.9777777777777776,CO,0.32,0.32,0.9777777777777776,0.8888888888888888,2.1866666666666665,77.41109739976869,completed,The solver successfully reached the end of the integration interval.
H2_vs_N2_at_fixed_CO,N2,0.9333333333333332,H2,0.9777777777777776,CO,0.32,0.32,0.9777777777777776,0.9333333333333332,2.231111111111111,76.45821133444336,completed,The solver successfully reached the end of the integration interval.
H2_vs_N2_at_fixed_CO,N2,0.9777777777777777,H2,0.9777777777777776,CO,0.32,0.32,0.9777777777777776,0.9777777777777777,2.2755555555555556,75.52047957794191,completed,The solver successfully reached the end of the integration interval.
H2_vs_N2_at_fixed_CO,N2,1.0222222222222221,H2,0.9777777777777776,CO,0.32,0.32,0.9777777777777776,1.0222222222222221,2.32,74.5981846581082,completed,The solver successfully reached the end of the integration interval.
H2_vs_N2_at_fixed_CO,N2,1.0666666666666667,H2,0.9777777777777776,CO,0.32,0.32,0.9777777777777776,1.0666666666666667,2.364444444444444,73.69147914205526,completed,The solver successfully reached the end of the integration interval.
H2_vs_N2_at_fixed_CO,N2,1.1111111111111112,H2,0.9777777777777776,CO,0.32,0.32,0.9777777777777776,1.1111111111111112,2.408888888888889,72.80045826522593,completed,The solver successfully reached the end of the integration interval.
H2_vs_N2_at_fixed_CO,N2,1.1555555555555554,H2,0.9777777777777776,CO,0.32,0.32,0.9777777777777776,1.1555555555555554,2.453333333333333,71.92515292459845,completed,The solver successfully reached the end of the integration interval.
H2_vs_N2_at_fixed_CO,N2,1.2,H2,0.9777777777777776,CO,0.32,0.32,0.9777777777777776,1.2,2.4977777777777774,71.06550188795738,completed,The solver successfully reached the end of the integration interval.
H2_vs_N2_at_fixed_CO,N2,0.4,H2,1.0333333333333332,CO,0.32,0.32,1.0333333333333332,0.4,1.7533333333333332,89.84633572945678,completed,The solver successfully reached the end of the integration interval.
H2_vs_N2_at_fixed_CO,N2,0.4444444444444445,H2,1.0333333333333332,CO,0.32,0.32,1.0333333333333332,0.4444444444444445,1.7977777777777777,88.88975294474034,completed,The solver successfully reached the end of the integration interval.
H2_vs_N2_at_fixed_CO,N2,0.48888888888888893,H2,1.0333333333333332,CO,0.32,0.32,1.0333333333333332,0.48888888888888893,1.8422222222222222,87.92233540003849,completed,The solver successfully reached the end of the integration interval.
H2_vs_N2_at_fixed_CO,N2,0.5333333333333333,H2,1.0333333333333332,CO,0.32,0.32,1.0333333333333332,0.5333333333333333,1.8866666666666665,86.9482747684448,completed,The solver successfully reached the end of the integration interval.
H2_vs_N2_at_fixed_CO,N2,0.5777777777777777,H2,1.0333333333333332,CO,0.32,0.32,1.0333333333333332,0.5777777777777777,1.931111111111111,85.97122395284266,completed,The solver successfully reached the end of the integration interval.
H2_vs_N2_at_fixed_CO,N2,0.6222222222222222,H2,1.0333333333333332,CO,0.32,0.32,1.0333333333333332,0.6222222222222222,1.9755555555555555,84.99432150230601,completed,The solver successfully reached the end of the integration interval.
H2_vs_N2_at_fixed_CO,N2,0.6666666666666666,H2,1.0333333333333332,CO,0.32,0.32,1.0333333333333332,0.6666666666666666,2.02,84.02009957300318,completed,The solver successfully reached the end of the integration interval.
H2_vs_N2_at_fixed_CO,N2,0.711111111111111,H2,1.0333333333333332,CO,0.32,0.32,1.0333333333333332,0.711111111111111,2.0644444444444443,83.05081249128548,completed,The solver successfully reached the end of the integration interval.
H2_vs_N2_at_fixed_CO,N2,0.7555555555555555,H2,1.0333333333333332,CO,0.32,0.32,1.0333333333333332,0.7555555555555555,2.1088888888888886,82.08830999255834,completed,The solver successfully reached the end of the integration interval.
H2_vs_N2_at_fixed_CO,N2,0.799,H2,1.0333333333333332,CO,0.32,0.32,1.0333333333333332,0.799,2.1523333333333334,81.15548451362626,completed,The solver successfully reached the end of the integration interval.
H2_vs_N2_at_fixed_CO,N2,0.8,H2,1.0333333333333332,CO,0.32,0.32,1.0333333333333332,0.8,2.1533333333333333,81.13411575479262,completed,The solver successfully reached the end of the integration interval.
H2_vs_N2_at_fixed_CO,N2,0.8444444444444444,H2,1.0333333333333332,CO,0.32,0.32,1.0333333333333332,0.8444444444444444,2.1977777777777776,80.18946414811843,completed,The solver successfully reached the end of the integration interval.
H2_vs_N2_at_fixed_CO,N2,0.8888888888888888,H2,1.0333333333333332,CO,0.32,0.32,1.0333333333333332,0.8888888888888888,2.242222222222222,79.25544381938148,completed,The solver successfully reached the end of the integration interval.
H2_vs_N2_at_fixed_CO,N2,0.9333333333333332,H2,1.0333333333333332,CO,0.32,0.32,1.0333333333333332,0.9333333333333332,2.2866666666666666,78.3327908319673,completed,The solver successfully reached the end of the integration interval.
H2_vs_N2_at_fixed_CO,N2,0.9777777777777777,H2,1.0333333333333332,CO,0.32,0.32,1.0333333333333332,0.9777777777777777,2.331111111111111,77.42219592482273,completed,The solver successfully reached the end of the integration interval.
H2_vs_N2_at_fixed_CO,N2,1.0222222222222221,H2,1.0333333333333332,CO,0.32,0.32,1.0333333333333332,1.0222222222222221,2.375555555555555,76.52422624273252,completed,The solver successfully reached the end of the integration interval.
H2_vs_N2_at_fixed_CO,N2,1.0666666666666667,H2,1.0333333333333332,CO,0.32,0.32,1.0333333333333332,1.0666666666666667,2.42,75.63922454346248,completed,The solver successfully reached the end of the integration interval.
H2_vs_N2_at_fixed_CO,N2,1.1111111111111112,H2,1.0333333333333332,CO,0.32,0.32,1.0333333333333332,1.1111111111111112,2.464444444444444,74.76747160531367,completed,The solver successfully reached the end of the integration interval.
H2_vs_N2_at_fixed_CO,N2,1.1555555555555554,H2,1.0333333333333332,CO,0.32,0.32,1.0333333333333332,1.1555555555555554,2.5088888888888885,73.90917612939076,completed,The solver successfully reached the end of the integration interval.
H2_vs_N2_at_fixed_CO,N2,1.2,H2,1.0333333333333332,CO,0.32,0.32,1.0333333333333332,1.2,2.5533333333333332,73.06449074299431,completed,The solver successfully reached the end of the integration interval.
H2_vs_N2_at_fixed_CO,N2,0.4,H2,1.0888888888888888,CO,0.32,0.32,1.0888888888888888,0.4,1.8088888888888888,90.84455957073261,completed,The solver successfully reached the end of the integration interval.
H2_vs_N2_at_fixed_CO,N2,0.4444444444444445,H2,1.0888888888888888,CO,0.32,0.32,1.0888888888888888,0.4444444444444445,1.8533333333333333,89.96360405777473,completed,The solver successfully reached the end of the integration interval.
H2_vs_N2_at_fixed_CO,N2,0.48888888888888893,H2,1.0888888888888888,CO,0.32,0.32,1.0888888888888888,0.48888888888888893,1.8977777777777778,89.06754602662453,completed,The solver successfully reached the end of the integration interval.
H2_vs_N2_at_fixed_CO,N2,0.5333333333333333,H2,1.0888888888888888,CO,0.32,0.32,1.0888888888888888,0.5333333333333333,1.942222222222222,88.1604877245863,completed,The solver successfully reached the end of the integration interval.
H2_vs_N2_at_fixed_CO,N2,0.5777777777777777,H2,1.0888888888888888,CO,0.32,0.32,1.0888888888888888,0.5777777777777777,1.9866666666666666,87.24610573799222,completed,The solver successfully reached the end of the integration interval.
H2_vs_N2_at_fixed_CO,N2,0.6222222222222222,H2,1.0888888888888888,CO,0.32,0.32,1.0888888888888888,0.6222222222222222,2.031111111111111,86.3274792434924,completed,The solver successfully reached the end of the integration interval.
H2_vs_N2_at_fixed_CO,N2,0.6666666666666666,H2,1.0888888888888888,CO,0.32,0.32,1.0888888888888888,0.6666666666666666,2.0755555555555554,85.40737987315413,completed,The solver successfully reached the end of the integration interval.
H2_vs_N2_at_fixed_CO,N2,0.711111111111111,H2,1.0888888888888888,CO,0.32,0.32,1.0888888888888888,0.711111111111111,2.1199999999999997,84.4882040095238,completed,The solver successfully reached the end of the integration interval.
H2_vs_N2_at_fixed_CO,N2,0.7555555555555555,H2,1.0888888888888888,CO,0.32,0.32,1.0888888888888888,0.7555555555555555,2.1644444444444444,83.57192315555041,completed,The solver successfully reached the end of the integration interval.
H2_vs_N2_at_fixed_CO,N2,0.799,H2,1.0888888888888888,CO,0.32,0.32,1.0888888888888888,0.799,2.207888888888889,82.68072257120775,completed,The solver successfully reached the end of the integration interval.
H2_vs_N2_at_fixed_CO,N2,0.8,H2,1.0888888888888888,CO,0.32,0.32,1.0888888888888888,0.8,2.2088888888888887,82.66027242851023,completed,The solver successfully reached the end of the integration interval.
H2_vs_N2_at_fixed_CO,N2,0.8444444444444444,H2,1.0888888888888888,CO,0.32,0.32,1.0888888888888888,0.8444444444444444,2.2533333333333334,81.75473689025611,completed,The solver successfully reached the end of the integration interval.
H2_vs_N2_at_fixed_CO,N2,0.8888888888888888,H2,1.0888888888888888,CO,0.32,0.32,1.0888888888888888,0.8888888888888888,2.2977777777777777,80.85650845195894,completed,The solver successfully reached the end of the integration interval.
H2_vs_N2_at_fixed_CO,N2,0.9333333333333332,H2,1.0888888888888888,CO,0.32,0.32,1.0888888888888888,0.9333333333333332,2.342222222222222,79.9666520642748,completed,The solver successfully reached the end of the integration interval.
H2_vs_N2_at_fixed_CO,N2,0.9777777777777777,H2,1.0888888888888888,CO,0.32,0.32,1.0888888888888888,0.9777777777777777,2.3866666666666667,79.08601266321688,completed,The solver successfully reached the end of the integration interval.
H2_vs_N2_at_fixed_CO,N2,1.0222222222222221,H2,1.0888888888888888,CO,0.32,0.32,1.0888888888888888,1.0222222222222221,2.431111111111111,78.21526756998229,completed,The solver successfully reached the end of the integration interval.
H2_vs_N2_at_fixed_CO,N2,1.0666666666666667,H2,1.0888888888888888,CO,0.32,0.32,1.0888888888888888,1.0666666666666667,2.4755555555555553,77.35498619734106,completed,The solver successfully reached the end of the integration interval.
H2_vs_N2_at_fixed_CO,N2,1.1111111111111112,H2,1.0888888888888888,CO,0.32,0.32,1.0888888888888888,1.1111111111111112,2.52,76.50562883398412,completed,The solver successfully reached the end of the integration interval.
H2_vs_N2_at_fixed_CO,N2,1.1555555555555554,H2,1.0888888888888888,CO,0.32,0.32,1.0888888888888888,1.1555555555555554,2.5644444444444443,75.66755593438509,completed,The solver successfully reached the end of the integration interval.
H2_vs_N2_at_fixed_CO,N2,1.2,H2,1.0888888888888888,CO,0.32,0.32,1.0888888888888888,1.2,2.6088888888888886,74.84102920697751,completed,The solver successfully reached the end of the integration interval.
H2_vs_N2_at_fixed_CO,N2,0.4,H2,1.1444444444444444,CO,0.32,0.32,1.1444444444444444,0.4,1.8644444444444443,91.64934978867043,completed,The solver successfully reached the end of the integration interval.
H2_vs_N2_at_fixed_CO,N2,0.4444444444444445,H2,1.1444444444444444,CO,0.32,0.32,1.1444444444444444,0.4444444444444445,1.9088888888888889,90.83695629075818,completed,The solver successfully reached the end of the integration interval.
H2_vs_N2_at_fixed_CO,N2,0.48888888888888893,H2,1.1444444444444444,CO,0.32,0.32,1.1444444444444444,0.48888888888888893,1.9533333333333334,90.00652491748703,completed,The solver successfully reached the end of the integration interval.
H2_vs_N2_at_fixed_CO,N2,0.5333333333333333,H2,1.1444444444444444,CO,0.32,0.32,1.1444444444444444,0.5333333333333333,1.9977777777777777,89.16192205718345,completed,The solver successfully reached the end of the integration interval.
H2_vs_N2_at_fixed_CO,N2,0.5777777777777777,H2,1.1444444444444444,CO,0.32,0.32,1.1444444444444444,0.5777777777777777,2.042222222222222,88.30669886797295,completed,The solver successfully reached the end of the integration interval.
H2_vs_N2_at_fixed_CO,N2,0.6222222222222222,H2,1.1444444444444444,CO,0.32,0.32,1.1444444444444444,0.6222222222222222,2.0866666666666664,87.44384566198178,completed,The solver successfully reached the end of the integration interval.
H2_vs_N2_at_fixed_CO,N2,0.6666666666666666,H2,1.1444444444444444,CO,0.32,0.32,1.1444444444444444,0.6666666666666666,2.131111111111111,86.57614117880756,completed,The solver successfully reached the end of the integration interval.
H2_vs_N2_at_fixed_CO,N2,0.711111111111111,H2,1.1444444444444444,CO,0.32,0.32,1.1444444444444444,0.711111111111111,2.1755555555555555,85.7060346909697,completed,The solver successfully reached the end of the integration interval.
H2_vs_N2_at_fixed_CO,N2,0.7555555555555555,H2,1.1444444444444444,CO,0.32,0.32,1.1444444444444444,0.7555555555555555,2.2199999999999998,84.83558661907166,completed,The solver successfully reached the end of the integration interval.
H2_vs_N2_at_fixed_CO,N2,0.799,H2,1.1444444444444444,CO,0.32,0.32,1.1444444444444444,0.799,2.2634444444444446,83.98615065832662,completed,The solver successfully reached the end of the integration interval.
H2_vs_N2_at_fixed_CO,N2,0.8,H2,1.1444444444444444,CO,0.32,0.32,1.1444444444444444,0.8,2.2644444444444445,83.96662744076336,completed,The solver successfully reached the end of the integration interval.
H2_vs_N2_at_fixed_CO,N2,0.8444444444444444,H2,1.1444444444444444,CO,0.32,0.32,1.1444444444444444,0.8444444444444444,2.3088888888888888,83.10075750329293,completed,The solver successfully reached the end of the integration interval.
H2_vs_N2_at_fixed_CO,N2,0.8888888888888888,H2,1.1444444444444444,CO,0.32,0.32,1.1444444444444444,0.8888888888888888,2.353333333333333,82.23934839033338,completed,The solver successfully reached the end of the integration interval.
H2_vs_N2_at_fixed_CO,N2,0.9333333333333332,H2,1.1444444444444444,CO,0.32,0.32,1.1444444444444444,0.9333333333333332,2.397777777777778,81.38354103380823,completed,The solver successfully reached the end of the integration interval.
H2_vs_N2_at_fixed_CO,N2,0.9777777777777777,H2,1.1444444444444444,CO,0.32,0.32,1.1444444444444444,0.9777777777777777,2.442222222222222,80.53433769835446,completed,The solver successfully reached the end of the integration interval.
H2_vs_N2_at_fixed_CO,N2,1.0222222222222221,H2,1.1444444444444444,CO,0.32,0.32,1.1444444444444444,1.0222222222222221,2.4866666666666664,79.69258550027277,completed,The solver successfully reached the end of the integration interval.
H2_vs_N2_at_fixed_CO,N2,1.0666666666666667,H2,1.1444444444444444,CO,0.32,0.32,1.1444444444444444,1.0666666666666667,2.531111111111111,78.85901225202274,completed,The solver successfully reached the end of the integration interval.
H2_vs_N2_at_fixed_CO,N2,1.1111111111111112,H2,1.1444444444444444,CO,0.32,0.32,1.1444444444444444,1.1111111111111112,2.5755555555555554,78.0341689680878,completed,The solver successfully reached the end of the integration interval.
H2_vs_N2_at_fixed_CO,N2,1.1555555555555554,H2,1.1444444444444444,CO,0.32,0.32,1.1444444444444444,1.1555555555555554,2.6199999999999997,77.21856171611448,completed,The solver successfully reached the end of the integration interval.
H2_vs_N2_at_fixed_CO,N2,1.2,H2,1.1444444444444444,CO,0.32,0.32,1.1444444444444444,1.2,2.6644444444444444,76.41259342862233,completed,The solver successfully reached the end of the integration interval.
H2_vs_N2_at_fixed_CO,N2,0.4,H2,1.2,CO,0.32,0.32,1.2,0.4,1.92,92.29554150832688,completed,The solver successfully reached the end of the integration interval.
H2_vs_N2_at_fixed_CO,N2,0.4444444444444445,H2,1.2,CO,0.32,0.32,1.2,0.4444444444444445,1.9644444444444444,91.54420024888286,completed,The solver successfully reached the end of the integration interval.
H2_vs_N2_at_fixed_CO,N2,0.48888888888888893,H2,1.2,CO,0.32,0.32,1.2,0.48888888888888893,2.008888888888889,90.7729985032838,completed,The solver successfully reached the end of the integration interval.
H2_vs_N2_at_fixed_CO,N2,0.5333333333333333,H2,1.2,CO,0.32,0.32,1.2,0.5333333333333333,2.0533333333333332,89.98548290146678,completed,The solver successfully reached the end of the integration interval.
H2_vs_N2_at_fixed_CO,N2,0.5777777777777777,H2,1.2,CO,0.32,0.32,1.2,0.5777777777777777,2.0977777777777775,89.18489387547326,completed,The solver successfully reached the end of the integration interval.
H2_vs_N2_at_fixed_CO,N2,0.6222222222222222,H2,1.2,CO,0.32,0.32,1.2,0.6222222222222222,2.1422222222222222,88.37422803303984,completed,The solver successfully reached the end of the integration interval.
H2_vs_N2_at_fixed_CO,N2,0.6666666666666666,H2,1.2,CO,0.32,0.32,1.2,0.6666666666666666,2.1866666666666665,87.55609064879151,completed,The solver successfully reached the end of the integration interval.
H2_vs_N2_at_fixed_CO,N2,0.711111111111111,H2,1.2,CO,0.32,0.32,1.2,0.711111111111111,2.231111111111111,86.73288694173958,completed,The solver successfully reached the end of the integration interval.
H2_vs_N2_at_fixed_CO,N2,0.7555555555555555,H2,1.2,CO,0.32,0.32,1.2,0.7555555555555555,2.2755555555555556,85.90673047731893,completed,The solver successfully reached the end of the integration interval.
H2_vs_N2_at_fixed_CO,N2,0.799,H2,1.2,CO,0.32,0.32,1.2,0.799,2.319,85.09807505833777,completed,The solver successfully reached the end of the integration interval.
H2_vs_N2_at_fixed_CO,N2,0.8,H2,1.2,CO,0.32,0.32,1.2,0.8,2.32,85.07946163579976,completed,The solver successfully reached the end of the integration interval.
H2_vs_N2_at_fixed_CO,N2,0.8444444444444444,H2,1.2,CO,0.32,0.32,1.2,0.8444444444444444,2.3644444444444446,84.2527298746376,completed,The solver successfully reached the end of the integration interval.
H2_vs_N2_at_fixed_CO,N2,0.8888888888888888,H2,1.2,CO,0.32,0.32,1.2,0.8888888888888888,2.408888888888889,83.42798121152852,completed,The solver successfully reached the end of the integration interval.
H2_vs_N2_at_fixed_CO,N2,0.9333333333333332,H2,1.2,CO,0.32,0.32,1.2,0.9333333333333332,2.453333333333333,82.60646604898282,completed,The solver successfully reached the end of the integration interval.
H2_vs_N2_at_fixed_CO,N2,0.9777777777777777,H2,1.2,CO,0.32,0.32,1.2,0.9777777777777777,2.497777777777778,81.7892683760666,completed,The solver successfully reached the end of the integration interval.
H2_vs_N2_at_fixed_CO,N2,1.0222222222222221,H2,1.2,CO,0.32,0.32,1.2,1.0222222222222221,2.542222222222222,80.97733320556968,completed,The solver successfully reached the end of the integration interval.
H2_vs_N2_at_fixed_CO,N2,1.0666666666666667,H2,1.2,CO,0.32,0.32,1.2,1.0666666666666667,2.5866666666666664,80.17147823351135,completed,The solver successfully reached the end of the integration interval.
H2_vs_N2_at_fixed_CO,N2,1.1111111111111112,H2,1.2,CO,0.32,0.32,1.2,1.1111111111111112,2.631111111111111,79.37238199815042,completed,The solver successfully reached the end of the integration interval.
H2_vs_N2_at_fixed_CO,N2,1.1555555555555554,H2,1.2,CO,0.32,0.32,1.2,1.1555555555555554,2.6755555555555555,78.5806369673418,completed,The solver successfully reached the end of the integration interval.
H2_vs_N2_at_fixed_CO,N2,1.2,H2,1.2,CO,0.32,0.32,1.2,1.2,2.7199999999999998,77.79674491527436,completed,The solver successfully reached the end of the integration interval.
