catalyst_mass_kg,bed_length_m,temperature_k,pressure_bar,co_conversion,methane_yield,flow_CO_mol_s,flow_H2_mol_s,flow_CH4_mol_s,flow_H2O_mol_s,flow_CO2_mol_s,flow_N2_mol_s,concentration_CO_mol_m3,concentration_H2_mol_m3,concentration_CH4_mol_m3,concentration_H2O_mol_m3,concentration_CO2_mol_m3,concentration_N2_mol_m3
0.0,0.0,623.15,5.0,0.0,0.0,0.0016666666666666668,0.006666666666666667,0.0,0.0,0.0,0.041666666666666664,3.216784483209663,12.867137932838652,0.0,0.0,0.0,80.41961208024156
0.007239583107605501,0.0007620000000000002,783.2968443142189,4.99999901392494,0.8227748526277566,0.6608447059704564,0.0002953752456204056,0.0036323267145771743,0.001101407843284094,0.0008315242655219263,0.0002698835777608315,0.041666666666666664,0.4744398271577354,5.83434287130176,1.7691115100059014,1.335617099473117,0.433494410530638,66.9261436924105
0.014479166215211002,0.0015240000000000004,817.7121460738429,4.999997913863622,0.9293909565513632,0.8198041876872542,0.0001176817390810615,0.0027502903430045326,0.0013663403128120904,0.001183695698038575,0.00018264461477217922,0.041666666666666664,0.18309787070380124,4.279103194374843,2.125852353017444,1.841680481309198,0.28417187170616726,64.82805238573727
0.0217187493228165,0.0022860000000000007,820.7448877431463,4.999996800869369,0.9349404675110234,0.8367074028827611,0.00010843255414829411,0.0026468514266339196,0.0013945123381379353,0.0012307905637574978,0.00016372177437910148,0.041666666666666664,0.1682844820355779,4.107844040518039,2.1642465988103536,1.9101546960974718,0.2540919027108086,64.66557458897033
0.028958332430422003,0.003048000000000001,820.7296678690446,4.999995687121345,0.9356936725804866,0.8386244540538544,0.00010717721236585546,0.0026353264272757364,0.0013977074234230908,0.00123592539254537,0.00016178203087638475,0.041666666666666664,0.1663617896816815,4.090586153150353,2.1695386853158634,1.9184186234945029,0.2511200618192865,64.67551342047261
0.0361979155380275,0.003810000000000001,820.4602612685912,4.9999945737136064,0.9361002672247805,0.8392760796014096,0.00010649955462536591,0.0026316599146991916,0.0013987934660023495,0.0012374198199633975,0.0001613736460376157,0.041666666666666664,0.16537177484672444,4.086423388508038,2.172036859032217,1.9214569730146247,0.25057988601551767,64.69971299741333
0.043437498645633,0.004572000000000001,820.1698465472767,4.999993460736269,0.9364767027395048,0.8398205650700781,0.00010587216210082525,0.002628657404099276,0.0013997009417834635,0.0012386073790010847,0.00016109356278104237,0.041666666666666664,0.16446206277060477,4.083362523414645,2.1742986974086955,1.9240555824241812,0.25024311498243823,64.72509687909532
0.050677081753238505,0.005334000000000001,819.8778578337908,4.999992348196471,0.9368488283377072,0.8403545733506415,0.00010525195277048792,0.0026257175582258575,0.0014005909555844026,0.0012397671972726254,0.00016082375831044077,0.041666666666666664,0.16356298793034435,4.080401341541763,2.1765376844184807,1.9266153433382918,0.24992234107811223,64.75057533572532
0.05791666486084401,0.006096000000000002,819.585964430626,4.999991236094393,0.9372188619548797,0.8408864101289857,0.00010463523007520038,0.0026227887023988496,0.0014014773502149763,0.0012409232638384855,0.00016055408637515446,0.041666666666666664,0.1626685772054423,4.077453704866928,2.178772162887004,1.929170716255565,0.2496014466293613,64.77605466809709
0.0651562479684495,0.006858000000000001,819.2943127049899,4.999990124429607,0.937587003233349,0.8414168048269492,0.00010402166127775164,0.002619866306543208,0.0014023613413782488,0.0012420776773675818,0.0001602836640093307,0.041666666666666664,0.16177829887546138,4.074512069385201,2.1810037393183515,1.9317247124055428,0.24927902691073042,64.80152662766551
0.072395831076055,0.007620000000000002,819.0029161445771,4.9999890132016365,0.937953276339146,0.841945825691556,0.00010341120610142326,0.0026169499559554918,0.00140324304281926,0.001243230625073276,0.0001600124177446479,0.041666666666666664,0.16089209443262523,4.071575753851017,2.1832325593008766,1.9342775959371412,0.2489549633616567,64.8269904274309
0.0796354141836605,0.008382000000000002,818.7117758175292,4.999987902409995,0.9383176889070773,0.8424734792042583,0.00010280385182153782,0.0026140396201506954,0.0014041224653404305,0.0012443821158357315,0.00015974034950336287,0.041666666666666664,0.16000994991945883,4.068644718039292,2.185458631938529,1.9368293746541363,0.24862925728231328,64.85244597855949
0.086874997291266,0.009144000000000003,818.420891881525,4.999986792054198,0.938680247429279,0.8429997673085589,0.00010219958761786821,0.0026111352969923614,0.0014049996121809315,0.0012455321453130636,0.00015946746686653157,0.041666666666666664,0.1591318544397086,4.065718969013986,2.187681956305008,1.9393800373151713,0.2483019189877557,64.87789324336379
0.09411458039887151,0.009906000000000002,818.1302645506594,4.999985682133764,0.9390409584783648,0.8435246922280287,0.00010159840253605874,0.002608236982611038,0.0014058744870467147,0.0012466807099628205,0.0001591937770825578,0.041666666666666664,0.15825779685235047,4.062798510934715,2.189902532099127,1.941929573814082,0.24797295828296323,64.90333218091303
0.10135416350647701,0.010668000000000002,817.8398940342078,4.999984572648209,0.9393998286278489,0.8440482561766495,0.00010100028562025182,0.002605344673202706,0.0014067470936277493,0.001247827806209083,0.00015891928741733008,0.041666666666666664,0.15738776598660834,4.059883348075048,2.1921203590124425,1.9444779739894003,0.2476423850209597,64.92876275055228
0.10859374661408251,0.011430000000000003,817.549780411884,4.999983463597059,0.939756864353928,0.8445704608749701,0.0001004052260767866,0.002602458368090701,0.0014076174347916169,0.0012489734289933528,0.0001586440057969277,0.041666666666666664,0.15652175091564677,4.056973490076224,2.194335435731996,1.9470252255958602,0.24731021013405247,64.95418491959443
0.11583332972168801,0.012192000000000003,817.2599238725545,4.999982354979815,0.940112072068389,0.8450913081605367,9.981321321935161e-05,0.002599578065711025,0.0014084855136008946,0.0012501175737544732,0.00015836793984508497,0.041666666666666664,0.1556597408322822,4.054068944685681,2.196547760979529,1.9495713169043172,0.24697644407312788,64.97959864717554
0.12307291282929352,0.012954000000000004,816.9703245616729,4.999981246795992,0.9404654582728843,0.8456107999361788,9.92242362118595e-05,0.002596703764214236,0.0014093513332269648,0.0012512602359991219,0.00015809109722650675,0.041666666666666664,0.15480172467700998,4.051169719435973,2.198757333778311,1.9521162363885791,0.2466410973876468,65.00500389612627
0.130312495936899,0.013716000000000002,816.6809826246925,4.99998013904511,0.9408170294690662,0.8461289381047261,9.863828421822293e-05,0.002593835461750891,0.0014102148968412104,0.0012524014112339761,0.00015781348560589797,0.041666666666666664,0.1539476913621773,4.048275821855034,2.2009641531573534,1.954659972507752,0.24630418064751586,65.03040062922825
0.1375520790445045,0.014478000000000003,816.3918982070671,4.999979031726685,0.9411667921585872,0.8466457245690078,9.805534640235456e-05,0.002590973156471548,0.0014110762076150131,0.0012535410949657134,0.00015753511264796346,0.041666666666666664,0.15309762977198196,4.0453872594661435,2.2031682181514185,1.9572025137062523,0.2459657044430801,65.05578880921415
0.14479166215211,0.015240000000000004,816.1030714542501,4.999977924840234,0.9415147528430998,0.8471611612318535,9.747541192816706e-05,0.002588116846526764,0.0014119352687197559,0.0012546792827010116,0.00015725598601740816,0.041666666666666664,0.15225152876247092,4.042504039787902,2.2053695278010337,1.95974384841383,0.2456256793851167,65.08116839876769
0.1520312452597155,0.016002000000000002,815.8145025116949,4.999976818385276,0.9418609180242562,0.8476752499960926,9.68984699595731e-05,0.0025852665300670975,0.001412792083326821,0.0012558159699465477,0.00015697611337893696,0.041666666666666664,0.1514093771615394,4.039626170334196,2.2075680811524974,1.962283965045582,0.24528411610482723,65.10653936052377
0.159270828367321,0.016764000000000005,815.5261915248551,4.999975712361328,0.9422052942037088,0.8481879927645545,9.632450966048533e-05,0.0025824222052431055,0.001413646654607591,0.001256951152209,0.00015669550239725476,0.041666666666666664,0.15057116376892948,4.036753658614165,2.209763877257887,1.9648228520019686,0.24494102525383002,65.13190165706835
0.1665104114749265,0.017526000000000003,815.2381386391843,4.999974606767907,0.9425478878831102,0.848699391440069,9.575352019481642e-05,0.002579583870205345,0.0014144989857334484,0.0012580848249950456,0.00015641416073706644,0.041666666666666664,0.14973687735622954,4.033886512132174,2.2119569151750755,1.9673604976688326,0.24459641750415329,65.15725525093866
0.173749994582532,0.018288000000000006,814.9503440001358,4.999973501604531,0.9428887055641126,0.849209447925465,9.518549072647906e-05,0.002576751523104375,0.0014153490798757753,0.001259216983811362,0.0001561320960630769,0.041666666666666664,0.1489065066668734,4.0310247383877815,2.214147193967733,1.9698968904174154,0.24425030354822727,65.18260010462308
0.18098957769013752,0.019050000000000004,814.6628077531633,4.999972396870717,0.9432277537483684,0.8497181641235725,9.462041041938587e-05,0.002573925162090752,0.0014161969402059543,0.0012603476241646269,0.00015584931603999103,0.041666666666666664,0.14808004041613967,4.028168344875705,2.216334712705341,1.9724320186043731,0.24390269409887627,65.20793618056118
0.18822916079774302,0.019812000000000003,814.3755300437202,4.9999712925659825,0.9435650389375303,0.8502255419372206,9.405826843744953e-05,0.0025711047853150338,0.0014170425698953677,0.0012614767415615178,0.00015556582833251375,0.041666666666666664,0.14725746729115144,4.0253173390857935,2.2185194704632027,1.9749658705717996,0.24355359988931136,65.23326344114392
0.19546874390534852,0.020574000000000005,814.0885110172602,4.999970188689845,0.9439005676332504,0.850731583269239,9.349905394458272e-05,0.0025682903909277784,0.0014178859721153984,0.0012626043315087123,0.00015528164060534994,0.041666666666666664,0.1464387759508759,4.022471728502994,2.2207014663224496,1.9774984346472353,0.24320303167312177,65.25858184871348
0.20270832701295402,0.021336000000000004,813.8017508192366,4.999969085241823,0.9442343463371812,0.851236290022457,9.294275610469809e-05,0.002565481977079543,0.0014187271500374285,0.0012637303895128877,0.00015499676052320452,0.041666666666666664,0.1456239550261241,4.019631520607325,2.2228806993700543,1.9800296991436932,0.24285100022426734,65.28389136556346
0.20994791012055952,0.022098000000000007,813.5152495951031,4.999967982221432,0.9445663815509749,0.8517396640997043,9.23893640817083e-05,0.0025626795419208845,0.0014195661068328405,0.0012648549110807219,0.0001547111957507823,0.041666666666666664,0.14481299311955095,4.0167967228738295,2.2250571686988367,1.9825596523596722,0.2424975163370697,65.30919195393876
0.21718749322816502,0.022860000000000005,813.229007490313,4.99996687962819,0.9448966797762844,0.85224170740381,9.183886703952603e-05,0.002559883083602362,0.0014204028456730167,0.0012659778917188922,0.0001544249539527883,0.041666666666666664,0.14400587880565555,4.013967342772569,2.227230873407477,1.985088282579177,0.24214259082620473,65.33448357603578
0.22442707633577053,0.023622000000000008,812.94302465032,4.999965777461616,0.9452252475147616,0.8527424218376038,9.129125414206394e-05,0.0025570926002745314,0.00142123736972934,0.0012670993269340762,0.00015413804279392732,0.041666666666666664,0.14320260063078113,4.011143387768565,2.229401812600525,1.9876155780717353,0.24178623452669326,65.35976619400235
0.23166665944337603,0.024384000000000006,812.6573012205774,4.999964675721227,0.9455520912680592,0.8532418093039154,9.074651455323467e-05,0.0025543080900879513,0.0014220696821731923,0.0012682192122329516,0.00015385046993890428,0.041666666666666664,0.1424031471131156,4.008324865321787,2.2315699853884063,1.990141527092416,0.24142845829389287,65.38503976993775
0.23890624255098153,0.02514600000000001,812.371837346539,4.999963574406539,0.9458772175378295,0.8537398717055736,9.020463743695091e-05,0.0025515295511931795,0.0014228997861759562,0.0012693375431221958,0.0001535622430524241,0.041666666666666664,0.1416075067426922,4.00551178288711,2.233735390887436,1.9926661178818492,0.2410692730034892,65.41030426589285
0.24614582565858703,0.025908000000000007,812.0866331736581,4.999962473517071,0.9462006328257248,0.8542366109454084,8.966561195712533e-05,0.002548756981740773,0.0014237276849090141,0.0012704543151084863,0.00015327336979919167,0.041666666666666664,0.14081566798138997,4.002704147914286,2.235898028219828,1.9951893386662423,0.24070868955148697,65.43555964387005
0.25338540876619253,0.026670000000000006,811.8016888473884,4.99996137305234,0.9465223436333977,0.8547320289262491,8.912942727767057e-05,0.0025459903798812893,0.0014245533815437487,0.0012715695236985005,0.00015298385784391185,0.041666666666666664,0.14002761926293475,3.999901967847911,2.238057896513701,1.9977111776574008,0.2403467188542008,65.46080586582337
0.260624991873798,0.027432000000000005,811.5170041849829,4.999960273011967,0.9468423553817055,0.8552261275977515,8.859607436382413e-05,0.0025432297416517866,0.001425376879329586,0.0012726831663563288,0.00015269371297192097,0.041666666666666664,0.13924335188075726,3.9971052484355436,2.2402149959392217,2.0002316269447573,0.2399833689923642,65.48604292036104
0.26786457498140354,0.028194000000000007,811.232579698549,4.9999591733953626,0.947160675986828,0.8557189088733549,8.806554002195333e-05,0.0025404750674896353,0.0014261981814555915,0.001273795236266469,0.0001524029451877863,0.041666666666666664,0.13846285044547677,3.9943139988989036,2.2423693246560346,2.0027506701640365,0.23961865448989714,65.5112707398377
0.275104158089009,0.028956000000000006,810.9484155775218,4.999958074202027,0.9474773120716535,0.8562103746470532,8.753781321391096e-05,0.002537726355806356,0.001427017291078422,0.0012749057287040877,0.00015211156237299813,0.041666666666666664,0.1376861029800839,3.9915282268588927,2.2445208816635205,2.0052682950087077,0.23925258665271115,65.53648928246041
0.28234374119661454,0.02971800000000001,810.6645119514563,4.999956975431482,0.9477922700446892,0.8567005268163829,8.701288325885137e-05,0.0025349836046325504,0.0014278342113606382,0.0012760146393134605,0.00015181957204584153,0.041666666666666664,0.1369130980514463,3.9887479396283454,2.2466696661421395,2.00778448988625,0.23888517625378716,65.56169851123686
0.28958332430422,0.030480000000000007,810.3808689499077,4.99995587708325,0.9481055563144427,0.8571893672788803,8.649073947592888e-05,0.0025322468119988234,0.0014286489454648007,0.0012771219637388626,0.00015152698172460165,0.041666666666666664,0.13614382419860385,3.9859731445143876,2.2488156772785155,2.0102992431904183,0.23851643408599355,65.58689838913037
0.29682290741182554,0.03124200000000001,810.0974867024311,4.999954779156851,0.9484171772894213,0.8576768979320818,8.59713711842978e-05,0.002529515975935778,0.0014294614965534697,0.00127822769762457,0.00015123379892756358,0.041666666666666664,0.13537826993277083,3.9832038488183965,2.250958914265441,2.0128125433012607,0.2381463709620757,65.61208887905975
0.304062490519431,0.032004000000000005,809.8143653385815,4.999953681651804,0.9487271393781326,0.8581631206735237,8.545476770311246e-05,0.0025267910944740176,0.0014302718677892063,0.0012793318366148576,0.00015094003117301246,0.041666666666666664,0.13461642373733806,3.9804400598359773,2.2530993763018916,2.01532437858514,0.23777499771464702,65.63726994389951
0.31130207362703655,0.03276600000000001,809.5315049879141,4.999952584567632,0.9490354489890838,0.8586480374007424,8.49409183515272e-05,0.002524072165644145,0.0014310800623345706,0.001280434376354001,0.00015064568597923333,0.041666666666666664,0.13385827406787515,3.9776817848569257,2.2552370625930322,2.017834737394748,0.23740232519617807,65.66244154647974
0.318541656734642,0.03352800000000001,809.248905779984,4.999951487903856,0.9493421125307822,0.859131650011274,8.442981244869636e-05,0.0025213591874767645,0.0014318860833521234,0.0012815353124862759,0.00015035077086451132,0.041666666666666664,0.13310380935213312,3.9749290311652046,2.2573719723502292,2.020343608069135,0.23702836427898716,65.68760364958636
0.32578123984224755,0.03429000000000001,808.9665678443465,4.999950391659997,0.9496471364117355,0.8596139604026553,8.392143931377423e-05,0.0025186521580024793,0.0014326899340044255,0.0012826346406559575,0.00015005529334713156,0.041666666666666664,0.13235301799004656,3.972181806038901,2.2595041047910556,2.0228509789337186,0.23665312585522952,65.71275621596094
0.333020822949853,0.03505200000000001,808.6844913105565,4.999949295835574,0.9499505270404509,0.8600949704724221,8.341578826591516e-05,0.002515951075251892,0.001433491617454037,0.0012837323565073214,0.00014975926094537914,0.041666666666666664,0.13160588835373682,3.9694401167502043,2.261633459139305,2.0253568383003095,0.23627662083688725,65.7378992083009
0.34026040605745855,0.03581400000000001,808.4026763081691,4.999948200430111,0.9502522908254358,0.8605746821181112,8.291284862427348e-05,0.002513255937255607,0.0014342911368635186,0.001284828455684643,0.00014946268117753915,0.041666666666666664,0.13086240878751454,3.9667039705653715,2.2637600346250006,2.0278611744671324,0.23589886015575878,65.76303258925952
0.347499989165064,0.03657600000000001,808.1211229667394,4.999947105443125,0.9505524341751979,0.8610530972372585,8.241260970800351e-05,0.002510566742044228,0.001435088495395431,0.0012859229338321979,0.00014916556156189671,0.041666666666666664,0.13012256760788282,3.963973374744695,2.2658838304843996,2.030363975718841,0.23551985476344797,65.78815632144597
0.35473957227266956,0.03733800000000001,807.8398314158228,4.999946010874141,0.9508509634982443,0.8615302177274008,8.191506083625958e-05,0.002507883487648357,0.0014358836962123347,0.0012870157865942614,0.00014886790961673692,0.041666666666666664,0.12938635310354019,3.9612483365424658,2.2680048459600077,2.0328652303265433,0.23513961563135366,65.81327036742526
0.36197915538027503,0.03810000000000001,807.5588017849741,4.9999449167226775,0.9511478852030825,0.8620060454860742,8.1420191328196e-05,0.002505206172098598,0.0014366767424767903,0.001288107009615109,0.0001485697328603449,0.041666666666666664,0.12865375353538425,3.958528863206954,2.2701230803005896,2.0353649265478193,0.23475815375065873,65.83837468971856
0.36921873848788056,0.038862000000000015,807.2780342037486,4.999943822988255,0.9514432056982197,0.8624805824108149,8.092799050296713e-05,0.0025025347934255547,0.0014374676373513583,0.0012891965985390161,0.00014827103881100574,0.041666666666666664,0.1279247571365147,3.955814961980362,2.272238532761172,2.0378630526267405,0.23437548013231874,65.86346925080291
0.37645832159548603,0.039624000000000006,806.9975288017012,4.999942729670397,0.9517369313921636,0.8629538303991595,8.043844767972728e-05,0.0024998693496598302,0.0014382563839985994,0.0012902845490102585,0.00014797183498700453,0.041666666666666664,0.12719935211223735,3.9531066400988086,2.2743512026030603,2.0403595967938957,0.23399160580705136,65.88855401311152
0.38369790470309156,0.04038600000000001,806.7172857083872,4.9999416367686225,0.9520290686934215,0.8634257913486443,7.995155217763076e-05,0.0024972098388320284,0.001439042985581074,0.0012913708566731112,0.00014767212890662643,0.041666666666666664,0.12647752664006745,3.9504039047922817,2.2764610890938424,2.0428545472664035,0.23360654182532456,65.91362893903367
0.39093748781069704,0.04114800000000001,806.4373050533617,4.9999405442824525,0.9523196240105009,0.8638964671568057,7.946729331583191e-05,0.002494556258972752,0.0014398274452613428,0.00129245551717185,0.00014737192808815647,0.041666666666666664,0.12575926886973393,3.9477067632846152,2.278568191507402,2.045347892247941,0.2332202992573454,65.93869399091486
0.39817707091830257,0.04191000000000002,806.1575869661798,4.999939452211408,0.9526086037519089,0.8643658597211797,7.898566041348508e-05,0.0024919086081126047,0.0014406097662019663,0.00129353852615075,0.00014707124004987982,0.041666666666666664,0.12504456692318328,3.9450152227934554,2.2806725091239235,2.0478396199287587,0.23283288919304876,65.96374913105674
0.40541665402590804,0.04267200000000001,805.8781315763966,4.999938360555011,0.9528960143261533,0.864833970939303,7.850664278974456e-05,0.0024892668842821904,0.0014413899515655052,0.0012946198792540872,0.00014677007231008154,0.041666666666666664,0.12433340889458365,3.942329290530229,2.282774041229909,2.050329718485707,0.23244432274208512,65.98879432171731
0.41265623713351357,0.043434000000000014,805.5989390135672,4.999937269312781,0.9531818621417412,0.8653008027087118,7.80302297637647e-05,0.0024866310855121113,0.0014421680045145198,0.0012956995721261366,0.00014646843238704676,0.041666666666666664,0.12362578285032945,3.939648973700108,2.2848727871181795,2.0528181760822526,0.2320546110338095,66.01382952511085
0.41989582024111904,0.04419600000000001,805.3200094072467,4.99993617848424,0.9534661536071801,0.8657663569269424,7.755641065469983e-05,0.002484001209832972,0.0014429439282115707,0.0012967776004111737,0.00014616632779906058,0.041666666666666664,0.12292167682904559,3.936974279501984,2.286968746087889,2.055304980868502,0.23166376521726884,66.03885470340799
0.4271354033487246,0.04495800000000001,805.0413428869904,4.9999350880689075,0.9537488951309775,0.8662306354915311,7.708517478170426e-05,0.0024813772552753754,0.0014437177258192187,0.0012978539597534742,0.00014586376606440813,0.041666666666666664,0.1222210788415922,3.934305215128426,2.289061917444533,2.057790120981224,0.23127179646119028,66.06386981873582
0.43437498645633005,0.04572000000000001,804.762939582353,4.999933998066306,0.9540300931216407,0.8666936403000146,7.661651146393232e-05,0.0024787592198699253,0.0014444894005000244,0.0012989286457973136,0.00014556075470137446,0.041666666666666664,0.12152397687106943,3.931641787765658,2.2911523004999577,2.0602735845438693,0.230878715953969,66.08887483317785
0.4416145695639356,0.046482000000000016,804.4847996228901,4.999932908475955,0.9543097539876769,0.8671553732499289,7.615041002053835e-05,0.002476147101647224,0.0014452589554165482,0.001300001654186967,0.0001452573012282447,0.041666666666666664,0.12083035887282247,3.92898400459352,2.293239894572369,2.062755359666592,0.23048453490365592,66.11386970877416
0.44885415267154105,0.047244000000000015,804.2069231381565,4.999931819297378,0.954587884137594,0.8676158362388102,7.568685977067666e-05,0.002473540898637876,0.0014460263937313505,0.0013010729805667102,0.000144953413163304,0.041666666666666664,0.12014021277444643,3.92633187278544,2.2953246989863425,2.065235434446276,0.23008926453794523,66.13885440752135
0.4560937357791466,0.048006000000000014,803.9293102577075,4.999930730530092,0.954864489979899,0.8680750311641953,7.52258500335016e-05,0.0024709406088724846,0.0014467917186069923,0.0013021426205808186,0.00014464909802483738,0.041666666666666664,0.11945352647579185,3.9236853995083987,2.2974067130728333,2.067713796966549,0.22969291610416162,66.16382889137266
0.46333331888675205,0.04876800000000001,803.651961111098,4.999929642173622,0.9551395779230996,0.8685329599236201,7.476737012816748e-05,0.0024683462303816527,0.0014475549332060337,0.0013032105698735673,0.00014434436333113,0.041666666666666664,0.11877028784896987,3.921044591922896,2.2994859361691824,2.0701904352978118,0.22929550086924783,66.18879312223804
0.47057290199435753,0.04953000000000001,803.3748758278832,4.999928554227486,0.9554131543757028,0.8689896244146214,7.431140937382862e-05,0.002465757761195984,0.0014483160406910357,0.0013042768240892322,0.00014403921660046697,0.041666666666666664,0.11809048473835784,3.918409457182923,2.301562367619133,2.072665337497257,0.22889703011975196,66.21374706198412
0.47781248510196306,0.05029200000000002,803.0980545376184,4.999927466691207,0.9556852257462164,0.869445026534735,7.385795708963936e-05,0.002463175199346082,0.0014490750442245584,0.0013053413788720887,0.00014373366535113337,0.041666666666666664,0.11741410496060517,3.9157800024359246,2.3036360067728308,2.0751384916088917,0.22849751516181394,66.23869067243432
0.48505206820956853,0.05105400000000001,802.8214973698584,4.999926379564304,0.9559557984431476,0.8698991681814976,7.340700259475403e-05,0.0024605985428625497,0.0014498319469691628,0.001306404229866412,0.0001434277171014143,0.041666666666666664,0.116741136304639,3.913156234822771,2.305706852986841,2.0776098856635627,0.22809696732115314,66.26362391536892
0.49229165131717406,0.051816000000000015,802.5452044541587,4.9999252928462985,0.9562248788750038,0.8703520512524455,7.295853520832695e-05,0.002458027789775991,0.0014505867520874093,0.0013074653727164782,0.00014312137936959492,0.041666666666666664,0.11607156653167026,3.9105381614777195,2.307774905624153,2.080079507678973,0.2276953979430545,66.28854675252506
0.49953123442477954,0.052578000000000014,802.2691759200741,4.999924206536712,0.9564924734502925,0.8708036776451151,7.251254424951244e-05,0.002455462938117009,0.0014513394627418586,0.001308524803066562,0.00014281465967396026,0.041666666666666664,0.11540538337519989,3.9079257895283877,2.3098401640541937,2.082547345659711,0.2272928183923556,66.31345914559685
0.5067708175323851,0.05334000000000001,801.9934118971597,4.999923120635065,0.956758588577521,0.8712540492570424,7.206901903746485e-05,0.0024529039859162065,0.0014520900820950708,0.001309582516560939,0.00014250756553279548,0.041666666666666664,0.11474257454102506,3.9053191260957174,2.311902627652831,2.0850133875972703,0.22688924005343306,66.33836105623539
0.5140104006399906,0.05410200000000002,801.7179125149709,4.99992203514088,0.9570232306651969,0.8717031679857642,7.162794889133847e-05,0.0024503509312041884,0.001452838613309607,0.001310638508843885,0.00014220010446438564,0.041666666666666664,0.11408312770724581,3.9027181782939437,2.31396229580239,2.087477621470073,0.22648467433018882,66.3632524460488
0.521249983747596,0.05486400000000001,801.4426779030625,4.999920950053676,0.9572864061218274,0.8721510357288165,7.118932313028768e-05,0.002447803772011557,0.0014535850595480276,0.0013116927755596754,0.0001418922839870159,0.041666666666666664,0.11342703052427158,3.900122953230557,2.316019167891658,2.089940035243493,0.22607913264603657,66.38813327660235
0.5284895668552015,0.055626000000000016,801.1677081909899,4.9999198653729735,0.9575481213559199,0.8725976543837358,7.075313107346676e-05,0.0024452625063689157,0.0014543294239728931,0.0013127453123525853,0.00014158411161897133,0.041666666666666664,0.11277427061482782,3.8975334580062766,2.318073243315895,2.092400616869877,0.22567262644388733,66.41300350941846
0.5357291499628071,0.056388000000000014,800.8930035083079,4.9999187810982955,0.957808382775982,0.8730430258480584,7.031936204003004e-05,0.0024427271323068686,0.001455071709746764,0.0013137961148668906,0.00014127559487853703,0.041666666666666664,0.1121248355739633,3.8949496997150166,2.320124521476843,2.094859354288576,0.22526516718613637,66.43786310597682
0.5429687330704126,0.05715000000000002,800.6185639845719,4.9999176972291615,0.9580671967905209,0.8734871520193207,6.988800534913187e-05,0.0024401976478560187,0.0014558119200322012,0.0013148451787468667,0.00014096674128399812,0.041666666666666664,0.11147871296905694,3.8923716854438464,2.3221730017827356,2.0973162354259562,0.22485676635464805,66.46271202771426
0.550208316178018,0.05791200000000001,800.3443897493369,4.999916613765093,0.958324569808044,0.8739300347950588,6.945905031992657e-05,0.002437674051046969,0.0014565500579917649,0.001315892499636789,0.00014065755835363972,0.041666666666666664,0.11083589033982519,3.889799422272967,2.3242186836483074,2.099771248195433,0.22444743545074228,66.48755023602516
0.5574478992856235,0.05867400000000001,800.0704808190856,4.999915530705613,0.9585805070002787,0.8743716758159662,6.903248833286876e-05,0.0024351563395613113,0.0014572861263599437,0.0013169380743860886,0.0001403480519725187,0.041666666666666664,0.11019635850234723,3.88723291719724,2.326261566097943,2.102224382680158,0.22403718341565138,66.51237770045182
0.5646874823932291,0.05943600000000002,799.7968368833436,4.999914448050259,0.9588350099836849,0.874812075992408,6.860831669385857e-05,0.0024326445100240424,0.0014580201266540134,0.001317981903335218,0.0001400382233174592,0.041666666666666664,0.1095601177510973,3.884672176903182,2.3283016470506497,2.1046756352812186,0.22362601176729746,66.53719441427943
0.5719270655008346,0.06019800000000002,799.5234584678935,4.9999133657985375,0.9590880895523882,0.8752512381439043,6.818651741268636e-05,0.0024301385616285727,0.0014587520635731739,0.0013190239778923668,0.00013972808567947083,0.041666666666666664,0.10892714383623184,3.882117208632203,2.3303389273943416,2.1071249862159522,0.2232139411762548,66.56200031022404
0.57916664860844,0.060960000000000014,799.2503456721842,4.999912283949975,0.9593397518369012,0.8756891641182056,6.776708027183126e-05,0.0024276384922740854,0.0014594819401970095,0.001320064293999183,0.00013941764619649036,0.041666666666666664,0.1082974249356019,3.8795680193575213,2.332373406517446,2.10957242389811,0.2228009826172007,66.58679535180957
0.5864062317160456,0.06172200000000001,798.9774985956644,4.999911202504095,0.9595900029677366,0.8761258557630626,6.734999505377238e-05,0.002425144299859765,0.0014602097596051044,0.0013211028475973137,0.00013910691200645436,0.041666666666666664,0.1076709492004555,3.8770246160448583,2.3344050838151365,2.112017936729754,0.22238714708324617,66.61157950252434
0.5936458148236511,0.06248400000000002,798.7049173377834,4.999910121460423,0.9598388490754066,0.8765613149262256,6.693525154098885e-05,0.002422655982284795,0.0014609355248770427,0.001322139634628407,0.0001387958902472995,0.041666666666666664,0.10704770475544545,3.874487005652404,2.336433958689341,2.1144615131012827,0.2219724455859217,66.6363527258211
0.6008853979312566,0.06324600000000002,798.4326019979897,4.999909040818481,0.9600862962904241,0.8769955434554452,6.652283951595981e-05,0.0024201735374483595,0.0014616592390924088,0.0013231746510341102,0.00013848458805696247,0.041666666666666664,0.10642767969863756,3.871955195130794,2.3384600305487533,2.1169031413914534,0.2215568891551625,66.66111498511725
0.608124981038862,0.06400800000000001,798.1605526757324,4.999907960577796,0.9603323507433015,0.877428543198472,6.611274876116439e-05,0.002417696963249643,0.0014623809053307868,0.0013242078927560707,0.00013817301257337987,0.041666666666666664,0.1058108621015187,3.8694291914230643,2.340483298808838,2.1193428099674056,0.2211404888392938,66.6858662437947
0.6153645641464676,0.06477000000000002,797.8887694704604,4.999906880737892,0.960577018564551,0.8778603160030566,6.57049690590817e-05,0.002415226257587829,0.001463100526671761,0.0013252393557359363,0.00013786117093448838,0.041666666666666664,0.10519724000900514,3.866909001464632,2.3425037628918446,2.1217805071846887,0.22072325570501608,66.7106064652001
0.6226041472540731,0.06553200000000002,797.6172524816226,4.999905801298293,0.9608203058846855,0.8782908637169493,6.529949019219087e-05,0.0024127614183621013,0.0014638181061949157,0.0013262690359153546,0.00013754907027822467,0.041666666666666664,0.10458680143945108,3.864394632183254,2.34452142222681,2.1242162213872793,0.22030520083738994,66.73533561264475
0.6298437303616786,0.06629400000000002,797.3460018086678,4.999904722258522,0.9610622188342174,0.8787201881879008,6.489630194297103e-05,0.0024103024434716444,0.0014645336469798348,0.0013272969292359733,0.00013723671774252532,0.041666666666666664,0.10397953438465721,3.8618860904990018,2.346536276249573,2.126649940907611,0.21988633533982105,66.76005364940477
0.637083313469284,0.06705600000000002,797.075017551045,4.999903643618106,0.9613027635436592,0.8791482912636616,6.449539409390131e-05,0.0024078493308156423,0.0014652471521061027,0.0013283230316394395,0.00013692412046532705,0.041666666666666664,0.1033754268098796,3.8593833833242237,2.348548324402781,2.1290816540665944,0.21946667033404504,66.78476053872116
0.6443228965768896,0.06781800000000002,796.804299808203,4.999902565376569,0.9615419461435235,0.8795751747919822,6.409675642746082e-05,0.0024054020782932786,0.0014659586246533038,0.0013293473390674011,0.00013661128558456646,0.041666666666666664,0.10277446665383855,3.85688651756352,2.350557566135901,2.131511349173647,0.2190462169601121,66.80945624379983
0.6515624796844951,0.06858000000000002,796.5338486795908,4.999901487533434,0.9617797727643228,0.8800008406206133,6.370037872612871e-05,0.002402960683803737,0.0014666680677010223,0.0013303698474615056,0.00013629822023818023,0.041666666666666664,0.10217664182872765,3.8543955001136996,2.352564000905225,2.13393901452671,0.2186249863763713,66.83414072781164
0.6588020627921006,0.06934200000000003,796.2636642646573,4.999900410088228,0.9620162495365695,0.8804252905973051,6.33062507723841e-05,0.0024005251452462024,0.001467375484328842,0.0013313905527634008,0.000135984931564105,0.041666666666666664,0.10158194022022303,3.85191033786376,2.3545676281738794,2.1363646384122803,0.21820298975945526,66.85881395389252
0.666041645899706,0.07010400000000001,795.9937466628514,4.999899333040472,0.9622513825907764,0.8808485265698085,6.291436234870611e-05,0.002398095460519858,0.0014680808776163475,0.0013324094509147338,0.00013567142670027746,0.041666666666666664,0.10099034968749278,3.849431037694849,2.356568447411839,2.1387882091054298,0.21778023830426452,66.88347588514351
0.6732812290073116,0.07086600000000001,795.7240959736221,4.999898256389693,0.9624851780574557,0.8812705503858738,6.252470323757386e-05,0.0023956716275238886,0.0014687842506431231,0.0013334265378571527,0.0001353577127846342,0.041666666666666664,0.10040185806320628,3.8469576064802307,2.3585664580959294,2.1412097148698326,0.21735674322395113,66.90812648463077
0.6805208121149171,0.07162800000000002,795.454712296418,4.999897180135415,0.9627176420671202,0.8816913638932515,6.213726322146648e-05,0.002393253644157477,0.0014694856064887526,0.0013344418095323045,0.0001350437969551119,0.041666666666666664,0.09981645315354425,3.8444900510852587,2.36056165970984,2.1436291439577904,0.21693251574990335,66.93276571538583
0.6877603952225226,0.07239000000000002,795.1855957306883,4.999896104277162,0.9629487807502822,0.8821109689396924,6.175203208286311e-05,0.0023908415083198084,0.0014701849482328209,0.0013354552618818373,0.0001347296863496472,0.041666666666666664,0.09923412273820813,3.84202837836734,2.362554051744133,2.146046484610256,0.21650756713172908,66.95739354040539
0.694999978330128,0.07315200000000002,794.9167463758816,4.999895028814459,0.9631786002374543,0.8825293673729468,6.136899960424287e-05,0.002388435217910066,0.0014708822789549114,0.0013364668908473984,0.00013441538810617676,0.041666666666666664,0.09865485457043044,3.8395725951759045,2.364543633696249,2.1484617250568605,0.21608190863724014,66.98200992265164
0.7022395614377336,0.07391400000000002,794.6481643314472,4.999893953746829,0.963407106659149,0.8829465610407653,6.098815556808489e-05,0.0023860347708274336,0.001471577601734609,0.0013374766923706354,0.00013410090936263723,0.041666666666666664,0.09807863637698452,3.837122708352368,2.366530405070517,2.1508748535159334,0.21565555155243502,67.00661482505211
0.7094791445453391,0.07467600000000002,794.3798495418839,4.9998928790738155,0.9636343045445253,0.8833625514660686,6.060949242579111e-05,0.0023836401644677053,0.0014722709191101143,0.0013384846639793526,0.00013378625512942548,0.041666666666666664,0.09750546016859793,3.8346787245800367,2.3685143649147227,2.153285861116737,0.21522850379583605,67.03120822203263
0.7167187276529445,0.07543800000000002,794.111802194756,4.999891804794924,0.9638602008671191,0.8837773406611155,6.02329985548015e-05,0.0023812513970383822,0.0014729622344351926,0.0013394908007585194,0.00013347143367533696,0.041666666666666664,0.0969353113527946,3.8322406507984184,2.370495512953364,2.155694734466788,0.21480077848442589,67.05579006981834
0.7239583107605501,0.07620000000000002,793.8440223934,4.999890730909677,0.9640848017900049,0.8841909304858214,5.98586636833252e-05,0.002378868466411819,0.0014736515508097024,0.001340495098636063,0.00013315645217230334,0.041666666666666664,0.09636817749139281,3.829808493765504,2.372473848734719,2.1581014617218752,0.2143723870106927,67.08036033097385
0.7311978938681556,0.07696200000000002,793.576510211742,4.999889657417607,0.9643081131784143,0.8846033227406451,5.9486478035976315e-05,0.0023764913703603436,0.0014743388712344086,0.001341497553838126,0.00013284131739494618,0.041666666666666664,0.09580404692228965,3.8273822601957326,2.374449371732394,2.160506031577757,0.2139433401524848,67.104918970233
0.7384374769757611,0.07772400000000003,793.3092657237074,4.999888584318237,0.9645301408975786,0.8850145192260449,5.911643183736896e-05,0.0023741201066562853,0.001475024198710075,0.0013424981625908517,0.00013252603611788708,0.041666666666666664,0.09524290795795655,3.8249619567949593,2.3764220814270773,2.1629084327200654,0.21351364870485912,67.12946595230112
0.7456770600833665,0.07848600000000001,793.0422890032224,4.999887511611096,0.9647508908127297,0.8854245217424795,5.874851531211723e-05,0.0023717546730719725,0.001475707536237466,0.0013434969211203822,0.00013221061511574765,0.041666666666666664,0.09468474888544959,3.8225475902604233,2.378391977306539,2.165308653824321,0.21308332348006442,67.15400124185514
0.7529166431909721,0.07924800000000001,792.7755801242128,4.999886439295712,0.9649703687890989,0.8858333320904077,5.838271868483522e-05,0.0023693950673797336,0.0014763888868173463,0.0013444938256528607,0.00013189506116314948,0.041666666666666664,0.09412955796642028,3.82013916728072,2.3803590588656456,2.167706683555967,0.21265237530752493,67.17852480354361
0.7601562262985776,0.08001000000000003,792.5091391606041,4.999885367371611,0.9651885806919177,0.8862409520702879,5.801903218013704e-05,0.0023670412873518978,0.0014770682534504798,0.0013454888724144295,0.00013157938103471414,0.041666666666666664,0.0935773234371263,3.8177366945357614,2.3823233256063654,2.1701025105703864,0.21222081503382367,67.20303660198672
0.7673958094061831,0.08077200000000002,792.2429661863225,4.999884295838323,0.9654055323864179,0.8866473834825785,5.7657446022636787e-05,0.0023646933307607935,0.001477745639137631,0.0013464820576312316,0.00013126358150506324,0.041666666666666664,0.09302803350844252,3.8153401786967565,2.384284777037779,2.172496123512937,0.21178865352268608,67.22753660177656
0.7746353925137885,0.08153400000000002,791.9770612752936,4.999883224695373,0.9656212297378309,0.8870526281277383,5.729795043694857e-05,0.002362351195378749,0.001478421046879564,0.0013474733775294095,0.0001309476693488184,0.041666666666666664,0.09248167636587196,3.8129496264261697,2.3862434126760874,2.1748875110189676,0.21135590165496276,67.25202476747694
0.7818749756213941,0.08229600000000002,791.7114245014433,4.9998821539422895,0.9658356786113881,0.887456687806226,5.694053564768648e-05,0.002360014878978094,0.0014790944796770433,0.0013484628283351062,0.00013063165134060114,0.041666666666666664,0.0919382401695571,3.810565044377696,2.3881992320446193,2.177276661713849,0.21092257032861278,67.27650106362363
0.7891145587289996,0.08305800000000002,791.4460559386974,4.9998810835786,0.9660488848723212,0.8878595643184999,5.6585191879464616e-05,0.0023576843793311564,0.0014797659405308332,0.001349450406274464,0.0001303155342550331,0.041666666666666664,0.0913977130542912,3.8081864391962283,2.390152234673841,2.1796635642129965,0.21048867045868655,67.3009654547244
0.7963541418366051,0.08382000000000003,791.1809556609818,4.999880013603832,0.9662608543858617,0.8882612594650188,5.6231909356897086e-05,0.002355359694210265,0.0014804354324416981,0.001350436107573626,0.00012999932486673592,0.041666666666666664,0.09086008312952985,3.8058138175178224,2.3921024201013656,2.182048207121898,0.21005421297730872,67.32541790525904
0.8035937249442106,0.08458200000000002,790.9161237422221,4.999878944017512,0.9664715930172413,0.888661775046241,5.5880678304597996e-05,0.0023530408213877484,0.0014811029584104018,0.0013514199284587346,0.0001296830299503311,0.041666666666666664,0.09032533847940255,3.803447185969673,2.3940497878719595,2.1844305790361385,0.209619208833661,67.34985837967955
0.8108333080518161,0.08534400000000002,790.6515602563444,4.999877874819169,0.966681106631691,0.8890611128626255,5.553148894718144e-05,0.0023507277586359357,0.0014817685214377093,0.0013524018651559328,0.0001293666562804403,0.041666666666666664,0.08979346716272454,3.8010865511700733,2.3959943375375508,2.186810668541426,0.20918366899396423,67.37428684240999
0.8180728911594216,0.08610600000000003,790.3872652772743,4.99987680600833,0.9668894010944431,0.8894592747146306,5.518433150926152e-05,0.002348420503727155,0.0014824321245243844,0.001353381913891363,0.00012905021063168507,0.041666666666666664,0.08926445721300873,3.798731919728392,2.3979360686572417,2.189188464213619,0.20874760444146173,67.39870325784682
0.8253124742670271,0.08686800000000003,790.1232388789377,4.999875737584522,0.9670964822707285,0.8898562624027149,5.483919621545234e-05,0.002346119054433735,0.0014830937706711916,0.0013543600708911684,0.00012873369977868705,0.041666666666666664,0.08873829663847775,3.796383298245037,2.399874980797312,2.191563954618749,0.20831102617640077,67.42310759035878
0.8325520573746326,0.08763000000000001,789.8594811352606,4.999874669547271,0.9673023560257793,0.890252077727337,5.4496073290368005e-05,0.0023438234085280053,0.0014837534628788951,0.0013553363323814912,0.00012841713049606778,0.041666666666666664,0.08821497342207624,3.794040693311426,2.4018110735312286,2.1939371283130504,0.20787394521601532,67.44749980428706
0.8397916404822381,0.08839200000000003,789.5959921201685,4.999873601896108,0.9675070282248264,0.8906467224889556,5.41549529586226e-05,0.0023415335637822932,0.0014844112041482594,0.0013563106945884743,0.0001281005095584489,0.041666666666666664,0.08769447552148307,3.7917041115099517,2.4037443464396584,2.1963079738429867,0.20743637259450826,67.47187986394532
0.8470312235898436,0.08915400000000002,789.3327719075875,4.9998725346305575,0.9677105047331018,0.8910401984880292,5.3815825444830244e-05,0.0023392495179689284,0.0014850669974800488,0.0013572831537382605,0.00012778384374045198,0.041666666666666664,0.08717679086912407,3.7893735594139573,2.405674799110472,2.1986764797452745,0.2069983193630331,67.49624773361982
0.8542708066974491,0.08991600000000002,789.0698202846554,4.999871467750238,0.9679127882959846,0.8914325070782569,5.3478686173359105e-05,0.002336971266638882,0.0014857208451304284,0.0013582537097675486,0.00012746713536154362,0.041666666666666664,0.0866619158271119,3.7870490412445523,2.407602430730982,2.201042641290158,0.2065597894386588,67.52060339997293
0.8615103898050546,0.09067800000000002,788.807137595629,4.999870401254578,0.9681138877334384,0.891823650437417,5.314352044426938e-05,0.002334698809973572,0.0014863727507290283,0.0013592223552356588,0.00012715039549203336,0.041666666666666664,0.08614983027572766,3.7847305662614494,2.4095272411630444,2.2034064403641462,0.20612080079673234,67.54494680594175
0.8687499729126601,0.09144000000000002,788.5447239213714,4.999869335143095,0.9683138089641181,0.8922136303660133,5.28103183931365e-05,0.0023324321458340616,0.001487022717276689,0.0013601890862798473,0.00012683363099550552,0.041666666666666664,0.08564052192702742,3.78241814112157,2.4114492299950454,2.205767865311563,0.2056813646813156,67.56927791513885
0.8759895560202656,0.09220200000000003,788.2825793018671,4.999868269415323,0.9685125574601707,0.8926024486032763,5.247907089971537e-05,0.0023301712717457295,0.0014876707476721273,0.0013611538995773028,0.00012651684809348833,0.041666666666666664,0.08513397967896194,3.7801117721079507,2.4133683967715203,2.208126905447604,0.20524149132174843,67.59359669435993
0.8832291391278712,0.09296400000000003,788.0207037771005,4.999867204070794,0.9687101386937436,0.8929901068884359,5.2149768843760926e-05,0.002327916185233953,0.00148831684481406,0.0013621167918052139,0.00012620005300751,0.041666666666666664,0.08463019240574884,3.777811465493702,2.4152847410444482,2.210483550079397,0.20480119096288274,67.61790311038118
0.8904687222354766,0.09372600000000002,787.7590973870557,4.99986613910904,0.9689065581369831,0.8933766069607224,5.182240310502809e-05,0.002325666883824109,0.0014889610116012042,0.0013630777596407694,0.00012588325195909871,0.041666666666666664,0.0841291489578848,3.775517227541974,2.41719826237326,2.212837788506026,0.2043604738650651,67.64219712995946
0.8977083053430821,0.09448800000000003,787.4977601717171,4.999865074529593,0.9691018212620369,0.8937619505593659,5.1496964563271773e-05,0.0023234233650415758,0.0014896032509322766,0.0013640367997611578,0.00012556645116978263,0.041666666666666664,0.08363083816215812,3.773229064505927,2.419108960324846,2.215189610018557,0.203919350304119,67.6664787198323
0.9049478884506876,0.09525000000000003,787.2366921710692,4.999864010331987,0.9692959335410518,0.8941461394235964,5.1173444098246905e-05,0.0023211856264117306,0.0014902435657059942,0.001364993908843568,0.00012524965686108995,0.041666666666666664,0.08313524882166128,3.770946982628705,2.421016834473563,2.217539003900064,0.20347783057132796,67.69074784671804
0.9121874715582932,0.09601200000000003,786.9758934250963,4.999862946515753,0.969488900446175,0.8945291752926441,5.0851832589708404e-05,0.002318953665459951,0.0014908819588210736,0.0013659490835651886,0.0001249328752545489,0.041666666666666664,0.08264236971580363,3.768670988143403,2.42292188440124,2.219885959425652,0.20303592497341713,67.71500447731579
0.9194270546658986,0.09677400000000003,786.7153639737827,4.999861883080424,0.9696807274495534,0.8949110599057393,5.0532120917411205e-05,0.002316727479711614,0.0014915184331762321,0.0013669023206032084,0.0001246161125716876,0.041666666666666664,0.0821521896003244,3.7664010872730382,2.4248241096971945,2.222230465862486,0.20259364383253606,67.73924857830566
0.9266666377735041,0.09753600000000003,786.4551038571127,4.999860820025532,0.9698714200233338,0.8952917950021119,5.0214299961110215e-05,0.002314507066692098,0.0014921529916701866,0.0013678536166348162,0.0001242993750340343,0.041666666666666664,0.08166469720730554,3.764137286230528,2.4267235099582316,2.2245725124698184,0.20215099748624063,67.76348011634875
0.9339062208811096,0.09829800000000002,786.1951131150706,4.9998597573506105,0.9700609836396639,0.8956713823209921,4.989836060056036e-05,0.0023122924239267796,0.0014927856372016536,0.0013688029683372003,0.00012398266886311712,0.041666666666666664,0.08117988124518483,3.7618795912186456,2.428620084788655,2.2269120884990063,0.20170799628747513,67.7876990580872
0.9411458039887151,0.09906000000000002,785.935391787641,4.999858695055191,0.97024942377069,0.89604982360161,4.958429371551657e-05,0.0023100835489410373,0.00149341637266935,0.0013697503723875495,0.00012366600028046435,0.041666666666666664,0.08069773039876928,3.7596280084300044,2.430513833800277,2.229249183193548,0.20126465060455426,67.81190537014434
0.9483853870963206,0.09982200000000002,785.675939914808,4.999857633138806,0.9704367458885597,0.8964271205831958,4.927209018573376e-05,0.0023078804392602475,0.0014940452009719932,0.0013706958254630528,0.00012334937550760407,0.041666666666666664,0.0802182333292483,3.7573825440470223,2.4324047566124225,2.231583785789102,0.20082097082114472,67.83609901912473
0.9556249702039261,0.10058400000000003,785.4167575365561,4.999856571600988,0.97062295546542,0.8968032750049797,4.8961740890966844e-05,0.002305683092409789,0.0014946721250082996,0.001371639324240899,0.00012303280076606457,0.041666666666666664,0.07974137867420743,3.755143204241894,2.4342928528519394,2.2339158855135155,0.2003769673362474,67.86027997161423
0.9628645533115316,0.10134600000000003,785.1578446928695,4.99985551044127,0.9708080579734175,0.8971782886061918,4.865323671097076e-05,0.002303491505915038,0.0014952971476769863,0.0013725808653982762,0.00012271628227737396,0.041666666666666664,0.07926715504764183,3.75290999517656,2.436178122153208,2.2362454715868525,0.1999326505641786,67.88444819418011
0.9701041364191371,0.10210800000000002,784.8992014237326,4.999854449659183,0.9709920588846997,0.8975521631260621,4.8346568525500434e-05,0.0023013056773013734,0.0014959202718767702,0.0013735204456123734,0.00012239982626306045,0.041666666666666664,0.07879555103997007,3.7506829230026786,2.4380605641581434,2.238572533221414,0.19948803093455156,67.90860365337106
0.9773437195267426,0.10287000000000003,784.6408277691298,4.999853389254261,0.9711749636714136,0.8979249003038208,4.8041727214310766e-05,0.0022991256040941713,0.001496541500506368,0.0013744580615603797,0.00012208343894465224,0.041666666666666664,0.07832655521804802,3.748461993861593,2.43994017851621,2.2408970596217728,0.19904311889225823,67.93274631571734
0.9845833026343481,0.10363200000000003,784.3827237690455,4.9998523292260355,0.971356777805706,0.898296501878698,4.7738703657156694e-05,0.0022969512838188102,0.0014971608364644968,0.0013753937099194832,0.00012176712654367753,0.041666666666666664,0.07786015612518299,3.7462472138843115,2.4418169648844237,2.243219039984794,0.1985979248974504,67.95687614773087
0.9918228857419537,0.10439400000000003,784.1248894634639,4.99985126957404,0.9715375067597241,0.8986669695899241,4.743748873379314e-05,0.0022947827140006676,0.0014977782826498735,0.0013763273873668726,0.00012145089528166449,0.041666666666666664,0.07739634228114779,3.7440385891914665,2.4436909229273627,2.245538463499661,0.1981524594255207,67.98099311590525
0.9990624688495591,0.10515600000000003,783.8673248923693,4.999850210297805,0.9717171560056149,0.8990363051767287,4.713807332397502e-05,0.0022926198921651205,0.0014983938419612147,0.001377259090579737,0.0001211347513801413,0.041666666666666664,0.076935102182195,3.741836125893288,2.4455620523171744,2.2478553193479094,0.19770673296708408,68.00509718671583
1.0063020519571646,0.10591800000000003,783.6100300957463,4.999849151396865,0.9718957310155257,0.8994045103783425,4.6840448307457264e-05,0.0022904628158375464,0.0014990075172972375,0.0013781888162352652,0.00012081870106063617,0.041666666666666664,0.07647642430107153,3.73963983008958,2.4474303527335843,2.250169596703444,0.1972607560279586,68.02918832661989
1.0135416350647701,0.10668000000000002,783.353005113579,4.999848092870751,0.9720732372616032,0.8997715869339953,4.6544604563994786e-05,0.0022883114825433238,0.001499619311556659,0.0013791165610106454,0.00012050275054467729,0.041666666666666664,0.07602029708703305,3.7374497078696884,2.4492958238639027,2.252481284732574,0.19681453912914648,68.05326650205659
1.0207812181723757,0.10744200000000004,783.0962499858518,4.9998470347189965,0.9722496802159944,0.9001375365829174,4.625053297334251e-05,0.002286165889807829,0.0015002292276381957,0.0013800423215830668,0.00012018690605379283,0.041666666666666664,0.07556670896585868,3.735265765312464,2.4511584654030303,2.254790372594033,0.19636809280681464,68.07733167944714
1.0280208012799812,0.10820400000000004,782.8397647525492,4.999845976941133,0.9724250653508468,0.9005023610643388,4.5958224415255364e-05,0.00228402603515644,0.0015008372684405648,0.0013809660946297174,0.00011987117380951099,0.041666666666666664,0.07511564833986595,3.733088008486243,2.4530182770534705,2.2570968494390105,0.19592142761227574,68.10138382519487
1.0352603843875867,0.10896600000000004,782.5835494536553,4.9998449195366925,0.9725993981383071,0.9008660621174897,4.5667669769488265e-05,0.002281891916114535,0.001501443436862483,0.0013818878768277866,0.00011955556003335995,0.041666666666666664,0.07466710358792562,3.7309164434488142,2.4548752585253344,2.2594007044111803,0.19547455411196868,68.1254229056853
1.042499967495192,0.10972800000000002,782.3276041291547,4.99984386250521,0.9727726840505223,0.9012286414816001,4.537885991579614e-05,0.00227976353020749,0.001502047735802667,0.001382807664854463,0.00011924007094686792,0.041666666666666664,0.07422106306547685,3.728751076247387,2.4567294095363468,2.261701926646723,0.19502748288743887,68.14944888728617
1.0497395506027976,0.11049000000000002,782.0719288190314,4.999842805846215,0.9729449285596397,0.9015901008959004,4.50917857339339e-05,0.0022776408749606842,0.001502650168159834,0.0013837254553869347,0.00011892471277156307,0.041666666666666664,0.07377751510454231,3.7265919129185656,2.4585807298118594,2.2640005052743537,0.19458022453531895,68.17346173634765
1.056979133710403,0.11125200000000003,781.8165235632702,4.999841749559241,0.9731161371378061,0.9019504420996205,4.480643810365648e-05,0.002275523947899494,0.001503250736832701,0.0013846412451023911,0.00011860949172897358,0.041666666666666664,0.07333644801374363,3.7244389594883143,2.4604292190848502,2.2662964294153545,0.19413278966730863,68.1974614192022
1.0642187168180086,0.11201400000000003,781.5613884018551,4.99984069364382,0.9732863152571687,0.9023096668319907,4.4522807904718804e-05,0.002273412746549297,0.0015038494447199846,0.0013855550306780208,0.00011829441404062767,0.041666666666666664,0.07289785007831695,3.722292221971936,2.46227487709594,2.2685896881835967,0.19368518891015554,68.22144790216498
1.0714582999256141,0.11277600000000003,781.3065233747706,4.999839638099487,0.9734554683898745,0.902667776832241,4.4240886016875776e-05,0.0022713072684354715,0.0015044462947204017,0.001386466808791012,0.00011797948592805351,0.041666666666666664,0.07246170956012837,3.720151706374036,2.464117703593394,2.270880270685571,0.1932374329056347,68.24542115153362
1.0786978830332197,0.11353800000000004,781.0519285220009,4.999838582925771,0.9736236020080706,0.9030247738396016,4.396066331988234e-05,0.0022692075110833944,0.0015050412897326694,0.001387376576118554,0.00011766471361277928,0.041666666666666664,0.07202801469768981,3.7180174186884924,2.4659576983331304,2.2731681660204126,0.19278953231052867,68.26938113358842
1.0859374661408252,0.11430000000000004,780.7976038835305,4.999837528122206,0.973790721583904,0.9033806595933026,4.36821306934934e-05,0.002267113472018443,0.0015056344326555044,0.001388284329337835,0.00011735010331633317,0.041666666666666664,0.0715967537061749,3.7158893648984317,2.4677948610787306,2.2754533632799334,0.19234149779660756,68.29332781459256
1.0931770492484307,0.11506200000000004,780.543548872097,4.999836473688359,0.9739568248762324,0.9037354344764534,4.340529187294598e-05,0.0022650251449513182,0.0015062257241274224,0.0013891900734611237,0.00011703565066496259,0.041666666666666664,0.0711679359058114,3.713767547348735,2.469629189642615,2.2777358668262426,0.19189332281418145,68.31726120911993
1.100416632356036,0.11582400000000002,780.2897639805022,4.99983541962373,0.9741219228727387,0.9040891012267734,4.313012854543558e-05,0.002262942529943362,0.0015068151687112892,0.0013900937993013465,0.00011672136940860635,0.041666666666666664,0.07074153437286372,3.711651974261159,2.4714606852759515,2.2800156549774035,0.19144503029635615,68.34118124868405
1.1076562154636416,0.11658600000000002,780.0362492195663,4.999834365927854,0.9742860206439118,0.9044416615386693,4.285663226014707e-05,0.0022608656241493454,0.0015074027692311156,0.0013909955040557107,0.0001164072651740685,0.041666666666666664,0.07031753835942806,3.70954265110257,2.4732893477279805,2.282292717740807,0.19099662998498024,68.3650879018645
1.114895798571247,0.11734800000000002,779.7830045954456,4.999833312600271,0.9744491232029906,0.9047931170964331,4.258479466168231e-05,0.0022587944246960515,0.0015079885284940552,0.0013918951849831254,0.00011609334350959359,0.041666666666666664,0.06989593725278291,3.7074395833015874,2.4751151767411863,2.2845670452315354,0.1905481315074578,68.38898113759046
1.1221353816788526,0.11811000000000003,779.5300301142962,4.9998322596405185,0.9746112355632142,0.9051434695843571,4.231460739464319e-05,0.002256728928710264,0.0015085724493072619,0.0013927928393424995,0.00011577960996342609,0.041666666666666664,0.06947672041863544,3.705342776274901,2.4769381720659704,2.2868386275592956,0.1900995445044809,68.412860924782
1.1293749647864582,0.11887200000000003,779.2773257822746,4.999831207048134,0.9747723627378211,0.9054927206867334,4.204606210363158e-05,0.002254669133318767,0.001509154534477889,0.0013936884643927423,0.00011546607008381051,0.041666666666666664,0.06905987720113625,3.703252235427243,2.4787583334606533,2.2891074548284474,0.18965087863001118,68.43672723234985
1.1366145478940637,0.11963400000000003,779.0248916055369,4.999830154822655,0.9749325097400503,0.9058408720878541,4.177915043324937e-05,0.0022526150356483436,0.0015097347868130904,0.0013945820573927627,0.00011515272941899138,0.041666666666666664,0.06864539692289476,3.7011679661513597,2.4805756606914846,2.2913735171380285,0.18920214355126072,68.46058002919587
1.1438541310016692,0.12039600000000004,778.7727275902395,4.999829102963621,0.975091681583141,0.9061879254720117,4.151386402809842e-05,0.002250566632825778,0.0015103132091200196,0.0013954736156014701,0.00011483959351721316,0.041666666666666664,0.06823326888499417,3.6990899738279897,2.482390153532649,2.293636804581779,0.18875334894867335,68.48441928421278
1.1510937141092747,0.12115800000000004,778.5208337425386,4.999828051470569,0.9752498832803317,0.906533882523498,4.1250194532780604e-05,0.0022485239219778535,0.00151088980420583,0.0013963631362777734,0.0001145266679267204,0.041666666666666664,0.06782348236700697,3.69701826382583,2.4842018117662716,2.2958973072481688,0.18830450451590594,68.50824496628451
1.15833329721688,0.12192000000000003,778.2692100685904,4.999827000343037,0.9754071198448613,0.9068787449266054,4.098813359189782e-05,0.002246486900231354,0.0015114645748776758,0.0013972506166805819,0.00011421395819575757,0.041666666666666664,0.06741602662701031,3.6949528415015216,2.48601063518243,2.2981550152204235,0.18785561995980893,68.53205704428613
1.1655728803244856,0.12268200000000003,778.0178565745513,4.999825949580563,0.9755633962899689,0.9072225143656258,4.072767285005192e-05,0.0022444555647130626,0.00151203752394271,0.0013981360540688045,0.00011390146987256919,0.041666666666666664,0.06701089090160145,3.6928937121996057,2.4878166235791537,2.300409918576548,0.18740670500040735,68.555855487084
1.1728124634320911,0.12344400000000003,777.7667732665775,4.999824899182685,0.9757187176288931,0.9075651925248518,4.0468803951844787e-05,0.0022424299125497634,0.0015126086542080865,0.0013990194457013504,0.00011358920850539975,0.041666666666666664,0.0666080644059137,3.690840881252515,2.4896197767624377,2.3026620073893564,0.18695776937088177,68.57964026353578
1.1800520465396966,0.12420600000000004,777.5159601508252,4.999823849148941,0.975873088874873,0.9079067810885753,4.021151854187829e-05,0.00224040994086824,0.001513177968480959,0.001399900788837129,0.00011327717964249377,0.041666666666666664,0.06620753633363197,3.688794353980536,2.491420094546245,2.3049112717264966,0.186508822817549,68.60341134249062
1.1872916296473022,0.12496800000000004,777.2654172334509,4.999822799478868,0.9760265150411475,0.9082472817410886,3.995580826475432e-05,0.002238395646795276,0.001513745469568481,0.001400780080735049,0.00011296538883209574,0.041666666666666664,0.06580929585700884,3.6867541356917846,2.493217576752517,2.3071577016504734,0.18605987509984218,68.62716869278918
1.1945312127549077,0.12573000000000004,777.0151445206105,4.999821750172004,0.9761790011409552,0.9085866961666836,3.9701664765074745e-05,0.002236387027457655,0.0015143111602778062,0.0014016573186540198,0.00011265384162245016,0.041666666666666664,0.0654133321268805,3.684720231682184,2.495012223211175,2.309401287218681,0.18561093599029221,68.65091228326371
1.2017707958625132,0.12649200000000005,776.7651420184607,4.999820701227889,0.9763305521875351,0.9089250260496529,3.9449079687441434e-05,0.0022343840799821605,0.0015148750434160882,0.0014025324998529502,0.00011234254356180156,0.041666666666666664,0.06501963427268292,3.682692647235432,2.4968040337601343,2.3116420184834237,0.18516201527450735,68.67464208273813
1.2090103789701185,0.12725400000000003,776.5154097331574,4.9998196526460585,0.9764811731941262,0.9092622730742882,3.919804467645628e-05,0.0022323868014955768,0.0015154371217904804,0.0014034056215907497,0.00011203150019839441,0.041666666666666664,0.06462819140246821,3.68067138762298,2.4985930082453027,2.313879885491946,0.184713122751154,68.69835806002818
1.216249962077724,0.12801600000000002,776.2659476708571,4.999818604426052,0.9766308691739672,0.9095984389248819,3.8948551376721143e-05,0.0022303951891246864,0.0015159973982081367,0.001404276681126327,0.00011172071708047323,0.041666666666666664,0.06423899260292075,3.6786564581040024,2.500379146520596,2.316114878286455,0.18426426823193695,68.72206018394142
1.2234895451853296,0.12877800000000003,776.016755837716,4.999817556567407,0.9767796451402972,0.9099335252857262,3.87005914328379e-05,0.002228409239996274,0.0015165558754762106,0.0014051456757185918,0.00011141019975628251,0.041666666666666664,0.06385202693937403,3.676647863925374,2.5021624484479372,2.3183469869041535,0.18381546154157943,68.74574842327738
1.2307291282929351,0.12954000000000004,775.7678342398904,4.99981650906966,0.9769275061063549,0.9102675338411135,3.845415648940842e-05,0.0022264289512371224,0.001517112556401856,0.0014060126026264527,0.00011109995377406678,0.041666666666666664,0.06346728345582699,3.67464561032164,2.503942913897269,2.32057620137726,0.18336671251780323,68.76942274682759
1.2379687114005407,0.13030200000000003,775.5191828835365,4.999815461932352,0.9770744570853792,0.9106004662753355,3.8209238191034604e-05,0.002224454319974016,0.001517667443792226,0.001406877459108819,0.00011078998468207051,0.041666666666666664,0.06308475117496092,3.6726497025149913,2.505720542746553,2.322802511733038,0.18291803101130874,68.7930831233757
1.2452082945081462,0.13106400000000004,775.2708016509622,4.999814415155058,0.9772205011096183,0.9109323241078789,3.796583148396948e-05,0.0022224853411307918,0.0015182205401797983,0.0014077402451768987,0.0001104802950015633,0.041666666666666664,0.06270442456045223,3.6706601426203256,2.507495334799388,2.325025912883766,0.18246942191341478,68.81672953188652
1.2524478776157517,0.13182600000000005,775.0226905306391,4.999813368737295,0.9773656432102656,0.9112631089295034,3.7723927982890446e-05,0.0022205220124877074,0.001518771848215839,0.0014086009577479013,0.00011017089046660151,0.041666666666666664,0.062326292549424754,3.66867693696997,2.5092672897335437,2.3272463943260027,0.18202089540533353,68.84036194226273
1.2596874607233572,0.13258800000000004,774.7748495999889,4.999812322678572,0.9775098896057831,0.9115928225062291,3.74835173236948e-05,0.0022185643326353985,0.0015193213708437152,0.001409459592344458,0.00010986177849792096,0.041666666666666664,0.06195034078089811,3.6667000928492643,2.511036407460378,2.3294639430075232,0.18157246445064604,68.86398031735324
1.2669270438309626,0.13335000000000002,774.5272788400313,4.999811276978433,0.9776532448796409,0.9119214664978098,3.7244591867265035e-05,0.002216612298147956,0.0015198691108296832,0.0014103161468599643,0.00010955296396838273,0.041666666666666664,0.061576559380631196,3.664729614629226,2.5128026878997067,2.3316785500585118,0.18112413783898548,68.88758462803828
1.274166626938568,0.13411200000000004,774.279978231786,4.99981023163642,0.9777957136153099,0.9122490425639996,3.70071439744836e-05,0.0022146659055994724,0.0015204150709399995,0.0014111706191878156,0.00010924445175084784,0.041666666666666664,0.06120493845472783,3.6627655066670473,2.514566130979629,2.3338902066061324,0.18067592437128693,68.91117484519633
1.2814062100461736,0.13487400000000002,774.0329477562726,4.999809186652078,0.9779373003962603,0.9125755523645523,3.677116600623297e-05,0.0022127251515640383,0.0015209592539409207,0.0014120230072214072,0.00010893624671817737,0.041666666666666664,0.060835468089652546,3.660807773306072,2.5163267366365387,2.3360989037745585,0.18022783285976957,68.93475093970424
1.2886457931537791,0.13563600000000003,773.7861873945109,4.999808142024951,0.9780780098059626,0.9129009975592218,3.653665032339562e-05,0.0022107900326157463,0.001521501662598703,0.0014128733088541344,0.00010862835374323236,0.041666666666666664,0.06046813835224617,3.6588564188757755,2.518084504815122,2.338304632684993,0.1797798721279178,68.95831288243741
1.2958853762613847,0.13639800000000005,773.5396971275204,4.999807097754582,0.9782178464278876,0.9132253798077619,3.630358928685403e-05,0.0022088605453286876,0.001522042299679603,0.001413721521979393,0.00010832077769887385,0.041666666666666664,0.060102939289741523,3.6569114476917335,2.5198394354683686,2.340507384455693,0.17933205101046296,68.9818606442696
1.3031249593689902,0.13716000000000003,773.2934769363209,4.999806053840515,0.9783568148455056,0.9135487007699263,3.607197525749066e-05,0.0022069366862769537,0.0015225811679498774,0.0014145676444905783,0.00010801352345796291,0.041666666666666664,0.05973986092977955,3.6549728640556105,2.521591528557578,2.342707150202,0.17888437835336515,69.00539419607337
1.3103645424765957,0.13792200000000004,773.047526801932,4.9998050102822935,0.9784949196422872,0.9138709621054694,3.584180059618798e-05,0.0022050184520346363,0.0015231182701757823,0.0014154116742810857,0.0001077065958933606,0.041666666666666664,0.05937889328042505,3.6530406722551256,2.523340784052362,2.344903921036354,0.1784368630137943,69.02891350871985
1.3176041255842013,0.13868400000000006,772.8018467053736,4.999803967079462,0.978632165401703,0.9141921654741446,3.5613057663828464e-05,0.0022031058391758273,0.0015236536091235745,0.0014162536092443103,0.00010739999987792796,0.041666666666666664,0.05902002633018295,3.65111487656404,2.525087201930654,2.3470976880683274,0.1779895138601117,69.05241855307905
1.3248437086918066,0.13944600000000004,772.556436627665,4.999802924231564,0.9787685567072233,0.9145123125357062,3.538573882129459e-05,0.0022011988442746182,0.0015241871875595104,0.0014170934472736482,0.00010709374028452606,0.041666666666666664,0.058663250048014474,3.6491954812421286,2.526830782178714,2.3492884424046476,0.17754233977185133,69.07590930001984
1.332083291799412,0.14020800000000003,772.3112965498262,4.9998018817381435,0.9789040981423187,0.9148314049499077,3.515983642946882e-05,0.0021992974639051003,0.0015247190082498462,0.001417931186262494,0.00010678782198601593,0.041666666666666664,0.058308554383353375,3.647282490535155,2.5285715247911327,2.351476175149216,0.1770953496397008,69.09938572041004
1.3393228749070176,0.14097000000000004,772.0664264528767,4.999800839598744,0.9790387942904598,0.9151494443765033,3.4935342849233626e-05,0.0021974016946413656,0.0015252490739608388,0.001418766824104244,0.00010648224985525864,0.041666666666666664,0.05795592926612245,3.6453759086748536,2.5303094297708406,2.353660877403141,0.17664855236548294,69.12284778511653
1.3465624580146232,0.14173200000000002,771.8218263178363,4.999799797812909,0.9791726497351171,0.9154664324752465,3.471225044147148e-05,0.0021955115330575055,0.0015257773874587442,0.001419600358692293,0.00010617702876511523,0.041666666666666664,0.057605364606749976,3.6434757398789075,2.5320444971291103,2.355842540264757,0.1762019568621367,69.14629546500534
1.3538020411222287,0.14249400000000004,771.5774961257246,4.999798756380184,0.979305669059761,0.9157823709058915,3.449055156706485e-05,0.0021936269757276117,0.0015263039515098194,0.0014204317879200365,0.00010587216358844676,0.041666666666666664,0.057256850296186344,3.6415819883509166,2.533776726885565,2.358021154829649,0.17575557205369782,69.16972873094166
1.3610416242298342,0.14325600000000005,771.3334358575613,4.999797715300111,0.9794378568478623,0.9160972613281922,3.427023858689622e-05,0.002191748019225776,0.0015268287688803206,0.00142126110968087,0.0001055676591981143,0.041666666666666664,0.056910376205920814,3.6396946582803893,2.5355061190681836,2.3601967121906844,0.17530940687528032,69.19314755379007
1.3682812073374397,0.14401800000000003,771.089645494366,4.9997966745722335,0.9795692176828912,0.9164111054019024,3.405130386184805e-05,0.0021898746601260897,0.001527351842336504,0.001422088321868189,0.00010526352046697887,0.041666666666666664,0.056565932187998276,3.6378137538427078,2.5372326737133055,2.3623692034380284,0.17486347027305693,69.21655190441447
1.3755207904450453,0.14478000000000005,770.8461250171584,4.999795634196097,0.9796997561483183,0.9167239047867759,3.38337397528028e-05,0.0021880068950026446,0.0015278731746446266,0.0014229134223753888,0.00010495975226790155,0.041666666666666664,0.05622350807503626,3.6359392791991123,2.538956390865637,2.3645386196591764,0.17441777120424026,69.23994175367834
1.3827603735526506,0.14554200000000003,770.6028744069583,4.999794594171244,0.9798294768276142,0.9170356611425667,3.3617538620642974e-05,0.0021861447204295325,0.0015283927685709447,0.0014237364090958651,0.0001046563594737434,0.041666666666666664,0.055883093680241885,3.6340712384966736,2.540677270578258,2.366704951938974,0.17397231863706306,69.26331707244456
1.389999956660256,0.14630400000000005,770.3598936447853,4.999793554497218,0.9799583843042493,0.9173463761290287,3.340269282625101e-05,0.0021842881329808446,0.0015289106268817146,0.0014245572799230128,0.00010435334695736543,0.041666666666666664,0.055544678797429047,3.6322096358682745,2.542395312912625,2.3688681913596437,0.17352712155075922,69.28667783157586
1.3972395397678616,0.14706600000000003,770.117182711659,4.999792515173565,0.9800864831616943,0.9176560514059157,3.31891947305094e-05,0.002182437129230673,0.001529426752343193,0.001425376032750228,0.00010405071959162874,0.041666666666666664,0.05520825320103567,3.6303544754325867,2.5441105179385803,2.3710283290008136,0.1730821889355444,69.31002400193456
1.4044791228754672,0.14782800000000004,769.8747415885991,4.999791476199827,0.9802137779834197,0.9179646886329816,3.297703669430059e-05,0.002180591705753109,0.001529941147721636,0.0014261926654709055,0.00010374848224939435,0.041666666666666664,0.05487380664614098,3.6285057612940457,2.5458228857343554,2.373185355939536,0.1726375297925961,69.33335555438288
1.4117187059830727,0.14859000000000006,769.6325702566254,4.999790437575548,0.9803402733528958,0.9182722894699802,3.276621107850708e-05,0.0021787518591222447,0.0015304538157833005,0.0014270071759784411,0.00010344663980352334,0.041666666666666664,0.05454132886848302,3.6266634975428307,2.5475324163865753,2.375339263250317,0.17219315313403466,69.35667245978291
1.4189582890906782,0.14935200000000004,769.3906686967575,4.999789399300272,0.9804659738535931,0.9185788555766657,3.255671024401133e-05,0.0021769175859121708,0.001530964759294443,0.0014278195621662301,0.00010314519712687674,0.041666666666666664,0.05421080958447621,3.624827688254842,2.5492391099902685,2.377490042005141,0.17174906798290301,69.3799746889968
1.4261978721982838,0.15011400000000005,769.149036890015,4.999788361373542,0.9805908840689824,0.9188843886127916,3.23485265516958e-05,0.00217508888269698,0.0015314739810213195,0.0014286298219276677,0.00010284415909231561,0.041666666666666664,0.053882238491228925,3.6229983374916794,2.550942966648867,2.379637683273494,0.17130528337314763,69.40326221288672
1.433437455305889,0.15087600000000004,768.9076748112624,4.999787323794904,0.9807150084783112,0.9191888902303655,3.214165253614799e-05,0.0021732657459287014,0.001531981483717276,0.0014294379533040331,0.00010254353041190684,0.041666666666666664,0.05355560555639436,3.6211754491242316,2.5526439864717374,2.3817821783865605,0.17086180808295098,69.42653500283271
1.4406770384134946,0.15163800000000002,768.6665821551209,4.99978628656395,0.9808383470765822,0.9194923616781199,3.193608820569613e-05,0.002171448167274125,0.0015324872694635332,0.0014302439604660954,0.0001022433089961016,0.041666666666666664,0.053230913203810945,3.619359020248665,2.5543421693145465,2.383923529690978,0.1704186396213416,69.44979305354815
1.4479166215211001,0.15240000000000004,768.4257590941003,4.999785249680167,0.9809609078538206,0.9197948048290698,3.1731820243632305e-05,0.002169636147563189,0.0015329913413817831,0.0014310478363405315,0.0001019435050399155,0.041666666666666664,0.05290814160661337,3.617549061123771,2.5560375153018717,2.3860617194229894,0.16997579587665498,69.47303631968417
1.4551562046287057,0.15316200000000005,768.1852055906834,4.999784213143108,0.9810826949547565,0.9200962213499645,3.152884174207244e-05,0.0021678296825921183,0.0015334937022499408,0.0014318495795752869,0.00010164412267331772,0.041666666666666664,0.052587281609263924,3.6157455745438853,2.557730024653599,2.388196739963159,0.16953328468821127,69.49626477383254
1.4623957877363112,0.15392400000000003,767.9449216073531,4.99978317695232,0.9812037125241205,0.9203966129075525,3.132714579313247e-05,0.0021660287681571373,0.001533994354845921,0.0014326491888183074,0.00010134516602627744,0.041666666666666664,0.052268324038605034,3.613948563287136,2.5594196975983157,2.3903285836916424,0.16909111390444426,69.51947838858985
1.4696353708439167,0.15468600000000005,767.7049071065923,4.999782141107355,0.9813239647066431,0.9206959811685832,3.112672548892834e-05,0.0021642334000544707,0.0015344933019476388,0.0014334466627175387,0.00010104663922876386,0.041666666666666664,0.051951259703875305,3.6121580301154212,2.5611065343733195,2.392457242988206,0.1686492913828836,69.54267713655769
1.4768749539515222,0.15544800000000006,767.4651620508837,4.999781105607763,0.9814434556470545,0.9209943277998053,3.092757392157597e-05,0.0021624435740803427,0.001534990546333009,0.0014342419999209266,0.00010074854641074612,0.041666666666666664,0.0516360793967257,3.6103739777743953,2.562790535224618,2.3945827102322497,0.1682078249901375,69.56586099034277
1.4841145370591278,0.15621000000000004,767.2256864027102,4.9997800704530935,0.9815621894900851,0.9212916544679677,3.072968418319131e-05,0.0021606592860309777,0.0015354860907799462,0.0014350351990764167,0.00010045089170219344,0.041666666666666664,0.05132277389123583,3.608596408993448,2.564471700406938,2.396704977802831,0.1677667226018753,69.58902992255699
1.491354120166733,0.15697200000000003,766.9864801245546,4.999779035642898,0.9816801703804658,0.9215879628398194,3.053304936589029e-05,0.002158880531702601,0.0015359799380663657,0.0014358262588319546,0.00010015367923307496,0.041666666666666664,0.05101133394393017,3.606825326485689,2.5661500301837257,2.398824038078684,0.1673259921028095,69.61218390581743
1.4985937032743386,0.15773400000000004,766.7475431789,4.999778001176726,0.9817974024629267,0.9218832545821093,3.0337662561788834e-05,0.002157107306891436,0.0015364720909701822,0.0014366151778354862,9.985691313335989e-05,0.041666666666666664,0.050701750293794576,3.605060732947926,2.5678255248271573,2.400939883438246,0.16688564138667838,69.63532291274656
1.5058332863819441,0.15849600000000003,766.5088755282289,4.999776967054127,0.9819138898821982,0.9221775313615863,3.0143516863002887e-05,0.0021553396073937083,0.0015369625522693106,0.0014374019547349572,9.956059753301738e-05,0.041666666666666664,0.05039401366229283,3.603302631060651,2.569498184618136,2.4030525062596744,0.16644567835622806,69.65844691597226
1.5130728694895497,0.15925800000000004,766.2704771350244,4.999775933274653,0.982029636783011,0.9224707948449995,2.995060536164838e-05,0.002153577429005642,0.0015374513247416659,0.001438186588178313,9.926473656201665e-05,0.041666666666666664,0.05008811475338318,3.6015510234880206,2.5711680098463057,2.405161898920876,0.16600611092319503,69.68155588812795
1.5203124525971552,0.16002000000000005,766.0323479617691,4.999774899837852,0.9821446473100952,0.9227630466990977,2.9758921149841245e-05,0.002151820767523461,0.0015379384111651629,0.0014389690768134998,9.896933435032684e-05,0.041666666666666664,0.04978404425353509,3.5998059128778372,2.5728350008100476,2.4072680537995237,0.16556694700828786,69.70464980185261
1.5275520357047607,0.16078200000000004,765.7944879709461,4.999773866743276,0.9822589256081815,0.9230542885906299,2.956845731969742e-05,0.002150069618743391,0.0015384238143177165,0.001439749419288463,9.867439502791714e-05,0.041666666666666664,0.049481792831746016,3.598067301861533,2.5744991578164864,2.4093709632730804,0.16512819454116953,69.72772862979093
1.5347916188123663,0.16154400000000005,765.5568971250381,4.999772833990474,0.9823724758220003,0.9233445221863449,2.9379206963332835e-05,0.0021483239784616556,0.0015389075369772415,0.0014405276142511485,9.837992272475674e-05,0.041666666666666664,0.04918135113955826,3.596335193054151,2.576160481181501,2.4114706197188247,0.16468986146043962,69.75079234459338
1.5420312019199718,0.16230600000000006,765.3195753865278,4.999771801578997,0.9824853020962819,0.9236337491529916,2.9191163172863434e-05,0.0021465838424744796,0.0015393895819216527,0.0014413036603495018,9.80859215708148e-05,0.041666666666666664,0.048882709811076,3.5946095890543286,2.5778189712297217,2.4135670155138684,0.16425195571361592,69.77384091891626
1.549270785027577,0.16306800000000005,765.0825227178984,4.999770769508395,0.9825974085757568,0.9239219711573191,2.900431904040515e-05,0.002144849206578088,0.0015398699519288653,0.0014420775562314686,9.779239569606053e-05,0.041666666666666664,0.04858585946298235,3.592890492444277,2.5794746282945376,2.4156601430351827,0.16381448525711667,69.79687432542185
1.5565103681351826,0.16383000000000003,764.8457390816325,4.999769737778217,0.9827087994051557,0.9242091898660764,2.8818667658073905e-05,0.002143120066568704,0.001540348649776794,0.0014428493005449947,9.749934923046307e-05,0.041666666666666664,0.04829079069455646,3.591177905789769,2.5811274527181007,2.4177499946596193,0.1633774580562423,69.81989253677844
1.5637499512427881,0.16459200000000004,764.609224440213,4.999768706388015,0.9828194787292086,0.9244954069460121,2.8634202117985645e-05,0.0021413964182425537,0.0015408256782433536,0.0014436188919380259,9.720678630399162e-05,0.041666666666666664,0.047997494087690794,3.589471831640116,2.58277744485133,2.4198365627639333,0.16294088208515725,69.84289552566044
1.5709895343503937,0.16535400000000006,764.3729787561227,4.999767675337338,0.9829294506926463,0.9247806240638755,2.8450915512256297e-05,0.0021396782573958606,0.0015413010401064593,0.0014443863290585078,9.691471104661536e-05,0.041666666666666664,0.047705960206908496,3.587772272528152,2.58442460505392,2.4219198397248074,0.1625047653268718,69.86588326474849
1.5782291174579992,0.16611600000000004,764.1370019918446,4.999766644625737,0.9830387194401988,0.9250648428864153,2.8268800933001804e-05,0.0021379655798248495,0.0015417747381440256,0.0014451516105543861,9.662312758830347e-05,0.041666666666666664,0.04741617959938079,3.58607923097022,2.586068933694335,2.4239998179188706,0.16206911577322364,69.8888557267295
1.5854687005656047,0.16687800000000005,763.9012941098613,4.999765614252762,0.9831472891165971,0.9253480650803806,2.8087851472338093e-05,0.002136258381325745,0.0015422467751339678,0.0014459147350736063,9.633204005902513e-05,0.041666666666666664,0.0471281427949445,3.584392709466149,2.5877104311498265,2.4260764897227247,0.16163394142485954,69.9118128842968
1.5927082836732103,0.16764000000000007,763.6658550726559,4.999764584217962,0.9832551638665714,0.9256302923125201,2.7908060222381103e-05,0.0021345566576947716,0.0015427171538542003,0.0014466757012641146,9.60414525887495e-05,0.041666666666666664,0.04684184030611966,3.58271271049924,2.5893490978064246,2.428149847512965,0.16119925029121693,69.93475471015009
1.5999478667808158,0.16840200000000005,763.430684842711,4.999763554520889,0.983362347834852,0.925911526249583,2.7729420275246765e-05,0.0021328604047281536,0.0015431858770826384,0.0014474345077738564,9.575136930744579e-05,0.041666666666666664,0.04655726262812726,3.581039236536249,2.5909849340589557,2.4302198836662066,0.1607650503905057,69.95768117699578
1.607187449888421,0.16916400000000004,763.1957832578297,4.999762525161116,0.9834688428933648,0.9261917684373565,2.7551928511058592e-05,0.0021311696152405183,0.0015436529473955942,0.00144819115663558,9.546179075867805e-05,0.041666666666666664,0.04627440660815743,3.5793722855736703,2.5926179403737084,2.43228659662045,0.16033134375101454,69.98059226837809
1.6144270329960266,0.16992600000000005,762.9611502968406,4.999761496138173,0.9835746538496896,0.9264710204868907,2.7375576917184043e-05,0.0021294842865041655,0.0015441183674781511,0.001448945645206819,9.517272226999581e-05,0.041666666666666664,0.0459932608557698,3.577711862429075,2.5942481169420892,2.4343499765295156,0.1598981404103288,70.0034879552608
1.6216666161036322,0.17068800000000003,762.7267859412516,4.999760467451609,0.983679785055811,0.9267492841164514,2.720035824031493e-05,0.0021278044143172954,0.0015445821401940858,0.0014496979719618196,9.488416823093009e-05,0.041666666666666664,0.045713815237205455,3.576057969444038,2.595875464274852,2.436410015430987,0.15946544884161928,70.02636820889803
1.6289061992112377,0.17145000000000005,762.4926901443966,4.99975943910098,0.9837842402880815,0.927026561029607,2.70262661865309e-05,0.002126129993616709,0.0015450442683826785,0.0014504481362852208,9.459613209612153e-05,0.041666666666666664,0.04543606121527392,3.574410607623736,2.5974999829436105,2.4384667069800123,0.15903327596135167,70.04923300306203
1.6361457823188432,0.17221200000000006,762.2588628596095,4.999758411085842,0.9838880233228531,0.9273028529299251,2.6853294461911626e-05,0.0021244610193392084,0.0015455047548832085,0.0014511961375616616,9.43086173202108e-05,0.041666666666666664,0.0451599902369026,3.572769777954798,2.5991216735290545,2.440520044833636,0.15860162869317135,70.07208231153436
1.6433853654264488,0.17297400000000004,762.0253040402243,4.99975738340575,0.983991137936478,0.9275781615209733,2.6681436772536755e-05,0.0021227974864215945,0.0015459636025349555,0.001451941975175781,9.40216273578385e-05,0.041666666666666664,0.04488559373315284,3.571135481405285,2.6007405366209575,2.4425700226508225,0.1581705139678873,70.0949161081061
1.6506249485340543,0.17373600000000006,761.7920136395747,4.99975635606026,0.9840935879053084,0.9278524885063197,2.6510686824485945e-05,0.0021211393898006694,0.0015464208141771996,0.001452685648512218,9.373516566364531e-05,0.041666666666666664,0.04461286311923617,3.5695077189246804,2.6023565728181737,2.4446166340924695,0.1577399387234556,70.11773436657784
1.6578645316416596,0.17449800000000004,761.558991610995,4.999755329048929,0.9841953770056966,0.9281258355895321,2.6341038323838868e-05,0.002119486724413234,0.0015468763926492202,0.0014534271569556121,9.344923569227186e-05,0.041666666666666664,0.04434178979453074,3.567886491443876,2.6039697827286488,2.4466598728214364,0.15730990990496332,70.1405370607598
1.6651041147492651,0.17526000000000003,761.3262379078187,4.999754302371312,0.9842965090139949,0.9283982044741781,2.6172484976675162e-05,0.002117839485196091,0.001547330340790297,0.001454166499890602,9.316384089835879e-05,0.041666666666666664,0.044072365142597526,3.5662717998751594,2.6055801669694176,2.4486997325025555,0.156880434464612,70.1633241644719
1.6723436978568706,0.17602200000000004,761.09375248338,4.999753276026965,0.9843969877065553,0.9286695968638257,2.60050204890745e-05,0.0021161976670860407,0.0015477826614397096,0.0014549036767018267,9.287898473654674e-05,0.041666666666666664,0.04380458053119703,3.5646636451122,2.6071877261666083,2.4507362068026572,0.15645151936170143,70.18609565154394
1.6795832809644762,0.17678400000000005,760.8615352910126,4.999752250015444,0.9844968168597301,0.9289400144620428,2.583863856711653e-05,0.0021145612650198854,0.001548233357436738,0.0014556386867739255,9.259467066147637e-05,0.041666666666666664,0.04353842731230565,3.563062028030038,2.6087924609554505,2.452769289390586,0.15602317156261294,70.2088514958155
1.6868228640720817,0.17754600000000004,760.6295862840506,4.999751224336305,0.9845960002498715,0.929209458972397,2.567333291688092e-05,0.002112930273934426,0.0015486824316206617,0.0014563715294915371,9.23109021277883e-05,0.041666666666666664,0.043273896822132535,3.5614669494850726,2.610394371980273,2.4547989739372276,0.15559539804079323,70.23159167113624
1.6940624471796872,0.17830800000000005,760.3979054158278,4.999750198989103,0.9846945416533317,0.9294779320984561,2.550909724444732e-05,0.002111304688766465,0.0015491298868307603,0.001457102204239301,9.20276825901232e-05,0.041666666666666664,0.043010980381136085,3.5598784103150463,2.6119934598945074,2.4568252541155173,0.15516820577673746,70.25431615136583
1.7013020302872928,0.17907000000000006,760.1664926396782,4.999749173973396,0.9847924448464628,0.9297454355437883,2.5345925255895395e-05,0.002109684504452803,0.0015495757259063139,0.001457830710401856,9.174501550312169e-05,0.041666666666666664,0.042749669294040976,3.5582964113390374,2.6135897253606974,2.458848123600471,0.154741601757973,70.27702491037411
1.7085416133948983,0.17983200000000005,759.9353479089357,4.999748149288737,0.9848897136056172,0.9300119710119609,2.51838106573048e-05,0.0021080697159302423,0.0015500199516866016,0.001458557047363841,9.146290432142442e-05,0.041666666666666664,0.042489954849854884,3.5567209533574413,2.615183169050493,2.4608675760691967,0.15431559297904254,70.29971792204111
1.7157811965025036,0.18059400000000003,759.7044711769341,4.999747124934685,0.9849863517071469,0.9302775402065421,2.50227471547552e-05,0.002106460318135584,0.0015504625670109036,0.0014592812145098955,9.118135249967206e-05,0.041666666666666664,0.042231828321885566,3.5551520371519634,2.6167737916446634,2.462883605200921,0.15389018644148764,70.32239516025727
1.7230207796101091,0.18135600000000004,759.4738623970076,4.9997461009107935,0.9850823629274043,0.9305421448310996,2.4862728454326238e-05,0.0021048563060056297,0.0015509035747184995,0.001460003211224658,9.09003634925052e-05,0.041666666666666664,0.041975280967757815,3.5535896634856035,2.6183615938330913,2.4648962046770033,0.1534653891538317,70.34505659892339
1.7302603627177147,0.18211800000000006,759.2435215224898,4.99974507721662,0.9851777510427415,0.9308057865892012,2.4703748262097584e-05,0.002103257674477181,0.0015513429776486689,0.001460723036892768,9.061994075456453e-05,0.041666666666666664,0.0417203040294307,3.5520338331026484,2.6199465763147805,2.46690536818096,0.15304120813156363,70.36770221195076
1.7374999458253202,0.18288000000000004,759.0134485067147,4.999744053851718,0.9852725198295107,0.9310684671844148,2.4545800284148893e-05,0.0021016644184870398,0.0015517807786406914,0.0014614406908988644,9.034008774049069e-05,0.041666666666666664,0.041466888733214684,3.5504845467286534,2.6215287397978604,2.468911089398482,0.15261765039712064,70.3903319732613
1.7447395289329257,0.18364200000000006,758.783643289437,4.999743030815664,0.9853666721907784,0.9313301884433056,2.4388879682035864e-05,0.0021000765306965477,0.0015522169807388427,0.0014621561744930542,9.006080624445236e-05,0.041666666666666664,0.04121502875051161,3.5489418013196636,2.623108085415896,2.4709133652357607,0.15219472017787708,70.41294585866353
1.7519791120405313,0.18440400000000007,758.5541057732793,4.99974200810801,0.9854602113950505,0.9315909519316795,2.4232981008249214e-05,0.002098494006114507,0.0015526515865527993,0.001462869487447181,8.978209910428221e-05,0.041666666666666664,0.04096471671189116,3.547405597884102,2.6246846136574034,2.4729121901817863,0.15177242347335868,70.43554384612278
1.7592186951481368,0.18516600000000005,758.3248359074264,4.999740985728292,0.9855531418524484,0.9318507591971715,2.4078096912586028e-05,0.0020969168417735574,0.0015530845986619526,0.0014635806275698241,8.950397109079218e-05,0.041666666666666664,0.04071594201410674,3.5458759406117144,2.626258324804239,2.4749075552542386,0.15135076954774096,70.45812590920865
1.7664582782557423,0.18592800000000007,758.0958336423596,4.999739963676071,0.9856454670025959,0.9321096120046051,2.3924221662340284e-05,0.0020953450316409123,0.0015535160200076752,0.0014642895950110239,8.92264249953153e-05,0.041666666666666664,0.04046869677265669,3.544352828541467,2.627829219795199,2.47689945546428,0.1509297643286587,70.48069202246934
1.7736978613633476,0.18669000000000005,757.8670989285599,4.999738941950909,0.9857371902851164,0.9323675121188042,2.3771349524805966e-05,0.0020937785696837864,0.0015539458535313404,0.0014649963899208197,8.894946360918452e-05,0.041666666666666664,0.04022297308868301,3.5428362606914114,2.6293972995785078,2.4788878858270826,0.15050941374916413,70.50324216046538
1.7809374444709531,0.18745200000000004,757.6386317165084,4.999737920552367,0.9858283151396338,0.9326244613045925,2.361947476727704e-05,0.002092217449869393,0.001554374102174321,0.001465701012449252,8.867308972373282e-05,0.041666666666666664,0.03997876304898689,3.5413262360586755,2.630962565111812,2.4808728413618377,0.15008972374771215,70.52577629776928
1.7881770275785587,0.18821400000000005,757.4104319566862,4.999736899480008,0.9859188450057714,0.932880461326794,2.346859165704749e-05,0.002090661666164946,0.0015548007688779902,0.0014664034627463608,8.839730613029318e-05,0.041666666666666664,0.03973605872604452,3.539822753619454,2.6325250173621866,2.482854317091778,0.14967070026814597,70.54829440896596
1.7954166106861642,0.18897600000000006,757.1824995995745,4.999735878733392,0.9860087833231532,0.9331355139502325,2.331869446141129e-05,0.0020891112125376587,0.001555225856583721,0.0014671037409621861,8.812211562019859e-05,0.041666666666666664,0.03949485217802288,3.538325812329005,2.634084657306137,2.4848323080441914,0.14925234925968262,70.57079646865262
1.8026561937937697,0.18973800000000005,756.9548345956542,4.999734858312081,0.9860981335314025,0.9333896209397318,2.3169777447662422e-05,0.002087566082954746,0.0015556493682328863,0.001467801847246768,8.784752098478204e-05,0.041666666666666664,0.039255135448795525,3.5368354111216416,2.6356414859296007,2.4868068092504387,0.14883467667689826,70.59328245143894
1.8098957769013753,0.19050000000000006,756.7274368954066,4.999733838215637,0.9861868990701431,0.9336427840601157,2.302183488309486e-05,0.002086026271383421,0.0015560713067668595,0.0014684977817501469,8.75735250153765e-05,0.041666666666666664,0.039016900567958555,3.5353515489107203,2.6371955042279476,2.4887778157459692,0.14841768847971357,70.61575233194708
1.8171353600089808,0.19126200000000007,756.5003064493128,4.999732818443621,0.9862750833789984,0.9338950050762079,2.2874861035002586e-05,0.002084491771790898,0.0015564916751270132,0.0014691915446223623,8.730013050331494e-05,0.041666666666666664,0.0387801395508467,3.5338742245886423,2.6387467132059848,2.4907453225703406,0.14800139063337917,70.63820608481187
1.8243749431165863,0.19202400000000006,756.2734432078537,4.999731798995595,0.9863626898975922,0.9341462857528324,2.2728850170679573e-05,0.0020829625781443907,0.0015569104762547209,0.0014698831360134544,8.702734023993035e-05,0.041666666666666664,0.03854484439854925,3.5324034370268365,2.6402951138779565,2.4927093247672296,0.14758578910846085,70.66064368468079
1.8316145262241916,0.19278600000000004,756.0468471215106,4.99973077987112,0.9864497220655482,0.9343966278548131,2.2583796557419804e-05,0.002081438684411113,0.0015573277130913553,0.0014705725560734634,8.675515701655574e-05,0.041666666666666664,0.03831100709792637,3.5309391850757614,2.6418407072675483,2.494669817384457,0.14717088988082497,70.68306510621414
1.8388541093317972,0.19354800000000005,755.8205181407644,4.999729761069758,0.9865361833224897,0.9346460331469736,2.243969446251725e-05,0.0020799200845582786,0.0015577433885782894,0.0014712598049524293,8.648358362452405e-05,0.041666666666666664,0.0380786196216252,3.5294814675648944,2.643383494407888,2.496626795473997,0.1467566989316236,70.70547032408508
1.8460936924394027,0.19431000000000004,755.5944562160964,4.99972874259107,0.9866220771080405,0.9348945033941379,2.2296538153265895e-05,0.0020784067725531014,0.0015581575056568967,0.0014719448828003922,8.621262285516829e-05,0.041666666666666664,0.03784767392809622,3.5280302833027224,2.644923476341547,2.4985802540919995,0.14634322224727983,70.72785931297976
1.8533332755470082,0.19507200000000005,755.3686612979877,4.999727724434617,0.9867074068618241,0.9351420403611298,2.215432189695971e-05,0.002076898742362795,0.0015585700672685497,0.0014726277897673921,8.594227749982143e-05,0.041666666666666664,0.03761816196160959,3.526585631076739,2.646460654120542,2.5005301882988005,0.14593046581947286,70.75023204759732
1.8605728586546137,0.19583400000000006,755.1431333369192,4.999726706599962,0.9867921760234644,0.9353886458127729,2.201303996089268e-05,0.0020753959879545743,0.0015589810763546217,0.001473308526003469,8.567255034981645e-05,0.041666666666666664,0.037390075652271614,3.5251475096534413,2.6479950288063407,2.5024765931589483,0.14551843564512318,70.77258850265011
1.8678124417622193,0.19659600000000005,754.9178722833722,4.999725689086667,0.9868763880325847,0.9356343215138915,2.1872686612358773e-05,0.002073898503295652,0.0015593905358564858,0.0014739870916586633,8.540344419648632e-05,0.041666666666666664,0.03716340691604123,3.5237159177783117,2.6495266014698564,2.5044194637412085,0.14510713772637765,70.79492865286362
1.8750520248698248,0.19735800000000006,754.6928780878277,4.999724671894292,0.9869600463288087,0.9358790692293089,2.1733256118651976e-05,0.0020724062823532425,0.0015597984487155149,0.0014746634868830146,8.513496183116406e-05,0.041666666666666664,0.036938147654746636,3.522290854175824,2.6510553731914572,2.5063587951185915,0.14469657807059474,70.81725247297672
1.8822916079774301,0.19812000000000005,754.4681507007667,4.999723655022398,0.9870431543517602,0.9361228907238491,2.1594742747066265e-05,0.00207091931909456,0.001560204817873082,0.0014753377118265631,8.486710604518262e-05,0.041666666666666664,0.036714289756101914,3.5208723175494296,2.6525813450609643,2.5082945823683636,0.14428676269032945,70.83955993774168
1.8895311910850356,0.19888200000000006,754.2436900726706,4.999722638470548,0.9871257155410627,0.936365787762336,2.1457140764895615e-05,0.0020694376074868173,0.0015606096462705602,0.0014760097666393491,8.459987962987498e-05,0.041666666666666664,0.036491825093723736,3.519460306581553,2.6541045181776535,2.510226820572063,0.14387769760331806,70.86185102192417
1.8967707741926412,0.19964400000000004,754.0194961840449,4.999721622238337,0.9872077321430178,0.9366077625270198,2.1320446428303568e-05,0.0020679611367255173,0.0015610129375450332,0.0014766796548517029,8.433328269199407e-05,0.041666666666666664,0.036270748910283535,3.5180548117802197,2.6556248948069094,2.5121555105406848,0.14346938426395153,70.88412569958541
1.9040103573002467,0.20040600000000006,753.7955689249973,4.9997206063253214,0.9872892071641587,0.9368488165776143,2.1184654726402182e-05,0.0020664899014234553,0.001561414694296024,0.001477347376651783,8.406731764290465e-05,0.041666666666666664,0.036051054285164356,3.5166558331070426,2.65714247566022,2.5140806475991972,0.14306182805874887,70.90638395016015
1.9112499404078522,0.20116800000000007,753.5719081889332,4.999719590731021,0.9873701450716875,0.9370889511644546,2.104975821385416e-05,0.002065023900690402,0.0015618149186074244,0.0014780129287620357,8.380198984405232e-05,0.041666666666666664,0.03583273014010824,3.515263378066349,2.6586572605105503,2.516002221111687,0.14265503939658802,70.928625751238
1.9184895235154578,0.20193000000000005,753.348513929702,4.999718575455006,0.9874505489397789,0.9373281681524828,2.0915751767035252e-05,0.0020635631272170325,0.0015622136135874714,0.0014786763122753112,8.353730131082408e-05,0.041666666666666664,0.03561576933129623,3.513877443093593,2.6601692507860957,2.517920227789844,0.14224902299397643,70.95085107784108
1.9257291066230633,0.20269200000000007,753.1253861011531,4.999717560496843,0.9875304218426072,0.9375664694066416,2.078263026232121e-05,0.0020621075736940216,0.0015626107823444027,0.0014793375282844596,8.327325405860689e-05,0.041666666666666664,0.03540016470219117,3.5124980246004216,2.6616784479248747,2.519834664351729,0.14184378357086955,70.97305990500527
1.9329686897306688,0.20345400000000005,752.9025246571359,4.999716545856101,0.9876097668543473,0.9378038567918732,2.0650388576087784e-05,0.0020606572328120444,0.0015630064279864553,0.0014799965778823313,8.300985010278773e-05,0.041666666666666664,0.035185909083552465,3.511125118974671,2.6631848533747284,2.5217455275217926,0.14143932585065905,70.9952522077804
1.9402082728382741,0.20421600000000004,752.6799295514998,4.999715531532347,0.9876885870491736,0.9380403321731199,2.0519021584710732e-05,0.0020592120972617767,0.0015634005536218666,0.0014806534621617767,8.274709145875355e-05,0.041666666666666664,0.034972995293450944,3.509758722580369,2.664688468593321,2.5236528140308825,0.14103565456016062,71.01742796123023
1.9474478559458797,0.20497800000000005,752.4576007380941,4.999714517525151,0.9877668855012606,0.9382758974153241,2.0388524164565798e-05,0.002057772159733893,0.0015637931623588737,0.0014813081822156462,8.248498014189133e-05,0.041666666666666664,0.03476141613728371,3.50839883175773,2.6661892950481407,2.525556520616261,0.14063277442960181,71.0395871404326
1.9546874390534852,0.20574000000000006,752.2355381707685,4.999713503834079,0.9878446652847828,0.9385105543834283,2.025889119202873e-05,0.002056337412919069,0.001564184257305714,0.0014819607391367898,8.222351816758805e-05,0.041666666666666664,0.03455116440778918,3.50704544282316,2.6676873342165037,2.527456644021615,0.14023069019260995,71.06172972047953
1.9619270221610907,0.20650200000000005,752.013741803372,4.999712490458702,0.9879219294739148,0.9387443049423749,2.013011754347529e-05,0.002054907849507979,0.001564573841570625,0.001482611134018058,8.196270755123067e-05,0.041666666666666664,0.03434223288506211,3.505698552069252,2.669182587585551,2.5293531809970715,0.1398294065861999,71.08385567647728
1.9691666052686962,0.20726400000000006,751.7922115897543,4.999711477398585,0.9879986811428313,0.938977150957106,2.0002198095281223e-05,0.0020534834621912987,0.0015649619182618434,0.001483259367952301,8.170255030820616e-05,0.041666666666666664,0.034134614336568614,3.504358155764787,2.6706750566522466,2.5312461282992036,0.13942892835076193,71.10596498354641
1.9764061883763018,0.20802600000000007,751.5709474837646,4.999710464653298,0.9880749233657066,0.9392090942925642,1.9875127723822284e-05,0.0020520642436597032,0.001565348490487607,0.0014839054420323692,8.144304845390151e-05,0.041666666666666664,0.03392830151716146,3.5030242501547426,2.6721647429233872,2.5331354826910575,0.13902926023004955,71.12805761682199
1.9836457714839073,0.20878800000000006,751.3499494392524,4.999709452222409,0.9881506592167154,0.9394401368136917,1.974890130547422e-05,0.0020506501866038676,0.001565733561356153,0.001484549357351113,8.118420400370366e-05,0.041666666666666664,0.03372328716909514,3.5016968314602748,2.673651647915595,2.5350212409421458,0.138630406971167,71.15013355145345
1.9908853545915128,0.20955000000000007,751.1292174100671,4.999708440105486,0.9882258917700324,0.939670280385431,1.9623513716612782e-05,0.002049241283714467,0.0015661171339757184,0.0014851911150013826,8.092601897299961e-05,0.041666666666666664,0.0335195640220413,3.5003758958787383,2.675135773155318,2.5369033998284785,0.13823237332455732,71.17219276260496
1.9981249376991181,0.21031200000000005,750.9087513500581,4.999707428302098,0.9883006240998318,0.9398995268727244,1.949895983361373e-05,0.002047837527682177,0.0015664992114545408,0.0014858307160760282,8.066849537717631e-05,0.041666666666666664,0.03331712479310402,3.4990614395836728,2.676617120178835,2.5387819561325617,0.13783516404398982,71.19423522545529
2.0053645208067237,0.21107400000000004,750.6885512130748,4.9997064168118115,0.9883748592802883,0.9401278781405144,1.9375234532852808e-05,0.002046438911197672,0.0015668797969008573,0.0014864681616679003,8.041163523162074e-05,0.041666666666666664,0.0331159621868352,3.4977534587248114,2.678095690532254,2.5406569066434224,0.13743878388654795,71.216260915198
2.012604103914329,0.21183600000000005,750.4686169529666,4.999705405634196,0.9884486003855766,0.9403553360537431,1.9252332690705766e-05,0.002045045426951627,0.0015672588934229053,0.001487103452869849,8.015544055171985e-05,0.041666666666666664,0.03291606889525015,3.496451949428075,2.6795714857715107,2.5425282481566085,0.13704323761261672,71.23826980704152
2.0198436870219347,0.21259800000000006,750.2489485235828,4.999704394768819,0.988521850489871,0.9405819024773531,1.9130249183548356e-05,0.002043657067634718,0.0015676365041289218,0.001487736590774725,7.989991335286064e-05,0.041666666666666664,0.032717437597843055,3.495156907795581,2.681044507462371,2.5443959774742155,0.13664852998587065,71.26026187620924
2.0270832701295403,0.21336000000000005,750.0295458787729,4.999703384215248,0.9885946126673463,0.9408075792762866,1.9008978887756333e-05,0.0020422738259376198,0.0015680126321271444,0.001488367576475378,7.964505565043008e-05,0.041666666666666664,0.03252006096160258,3.493868329905637,2.6825147571804333,2.546260091404886,0.13625466577326115,71.28223709793956
2.034322853237146,0.21412200000000006,749.8104089723863,4.9997023739730535,0.9886668899921768,0.9410323683154862,1.888851667970545e-05,0.002040895694551007,0.0015683872805258103,0.001488996411064659,7.939086945981512e-05,0.041666666666666664,0.03232393164102758,3.4925862118127426,2.6839822365111212,2.5481205867638304,0.13586164974500403,71.30419544748595
2.0415624363447513,0.21488400000000007,749.5915377582724,4.999701364041801,0.9887386855385372,0.941256271459894,1.8768857435771453e-05,0.0020395226661655557,0.0015687604524331567,0.0014896230956354176,7.913735679640274e-05,0.041666666666666664,0.03212904227814283,3.4913105495475967,2.6854469470496922,2.549977460372838,0.13546948667456749,71.32613690011723
2.048802019452357,0.21564600000000006,749.3729321902805,4.999700354421061,0.9888100023806019,0.9414792905744525,1.8649996032330094e-05,0.0020381547334719402,0.0015691321509574208,0.0014902476312805047,7.888451967557991e-05,0.041666666666666664,0.0319353855025148,3.4900413391170884,2.686908890401235,2.5518307090602876,0.13507818133865915,71.34806143111739
2.0560416025599624,0.21640800000000007,749.1545922222601,4.9996993451104,0.9888808435925458,0.941701427524104,1.8531927345757126e-05,0.002036791889160836,0.0015695023792068402,0.0014908700190927702,7.863236011273361e-05,0.041666666666666664,0.03174295393126754,3.4887785765043082,2.6883680681806656,2.5536803296611623,0.13468773851721394,71.36996901578587
2.063281185667568,0.21717000000000009,748.9365178080607,4.999698336109388,0.988951212248543,0.941922684173791,1.84146462524283e-05,0.0020354341259229184,0.0015698711402896517,0.0014914902601650647,7.83808801232508e-05,0.041666666666666664,0.031551740169098626,3.4875222576685414,2.689824482012733,2.555526319017062,0.13429816299338143,71.39185962943755
2.0705207687751734,0.21793200000000007,748.7187089015314,4.99969732741759,0.9890211114227684,0.9421430623884557,1.829814762871937e-05,0.0020340814364488624,0.001570238437314093,0.0014921083555902383,7.813008172251844e-05,0.041666666666666664,0.03136173680829511,3.4862723785452765,2.691278133532019,2.5573686739762147,0.13390945955351333,71.4137332474029
2.077760351882779,0.21869400000000008,748.5011654565219,4.999696319034577,0.9890905441893965,0.9423625640330408,1.8182426351006084e-05,0.0020327338134293427,0.0015706042733884013,0.0014927243064611414,7.787996692592353e-05,0.041666666666666664,0.031172936428749617,3.4850289350461994,2.692729024382931,2.5592073913934894,0.13352163298715097,71.43558984502805
2.084999934990384,0.21945600000000004,748.2838874137368,4.999695310959937,0.9891595123696741,0.9425811911973684,1.8067479383876377e-05,0.0020313912459676213,0.001570968651995614,0.0014933381167084373,7.76305352858404e-05,0.041666666666666664,0.030985335180255112,3.4837919170238076,2.6941771569529256,2.5610424730831656,0.13313468386746855,71.45742940007351
2.0922395180979896,0.22021800000000005,748.0668746526982,4.999694303193243,0.9892280177583513,0.9427989456644406,1.7953303736081e-05,0.0020300537251682696,0.001571331576107401,0.0014939497892842155,7.738178682184899e-05,0.041666666666666664,0.03079892928220085,3.4825613179412565,2.695622532924694,2.562873919347355,0.13274861357504725,71.47925189460584
2.099479101205595,0.22098000000000004,747.8501271241331,4.999693295734034,0.9892960647483132,0.9430158289754557,1.7839892086144785e-05,0.002028721248078105,0.0015716930482924261,0.0014945593220043296,7.713372628676007e-05,0.041666666666666664,0.030613707511804006,3.481337141040206,2.6970651529965477,2.5647017213974705,0.1323634315967833,71.50105730268567
2.1067186843132006,0.22174200000000005,747.6336447896201,4.999692288581887,0.9893636560582314,0.9432318431173997,1.772723990294776e-05,0.0020273938059816744,0.001572053071862333,0.0014951667169609464,7.68863549000502e-05,0.041666666666666664,0.03042966341966242,3.48011937971642,2.6985050191971864,2.566525877829281,0.13197914136561084,71.5228455996188
2.113958267420806,0.22250400000000006,747.4174276107376,4.999691281736375,0.9894307944067781,0.943446990077259,1.7615342655369953e-05,0.002026071390163524,0.001572411650128765,0.0014957719762462328,7.66396738811959e-05,0.041666666666666664,0.030246790545295592,3.4789080273389055,2.699942133565526,2.5683463872472987,0.13159574631593277,71.5446167607262
2.1211978505284117,0.22326600000000005,747.2014755490641,4.999690275197073,0.9894974825126253,0.9436612718420194,1.7504195812291393e-05,0.0020247539919082,0.0015727687864033658,0.0014963751019523555,7.639368444967376e-05,0.041666666666666664,0.03006508241715866,3.4777030772499247,2.701376498150696,2.570163248264789,0.13121324988361133,71.566370761344
2.1284374336360172,0.22402800000000006,746.9857885661778,4.999689268963556,0.9895637230944448,0.943874690398667,1.7393794842592112e-05,0.002023441602500248,0.0015731244839977785,0.001496976096171482,7.614838782496029e-05,0.041666666666666664,0.029884532552656443,3.4765045227649987,2.7028081150120373,2.571976459503783,0.13083165550595877,71.58810757682369
2.1356770167436228,0.22479000000000007,746.7703666236575,4.999688263035399,0.9896295188709087,0.9440872477341881,1.7284135215152134e-05,0.002022134213224215,0.0015734787462236468,0.0014975749609957784,7.590378522653203e-05,0.041666666666666664,0.029705134458157468,3.475312357172916,2.7042369862191022,2.573786019595078,0.13045096662172773,71.60982718253207
2.1429165998512283,0.22555200000000006,746.5552096830816,4.999687257412176,0.9896948725606891,0.9442989458355683,1.7175212398851488e-05,0.002020831815364647,0.001573831576392614,0.0014981716985174118,7.565987787386555e-05,0.041666666666666664,0.029526881629008173,3.4741265737357465,2.705663113851654,2.5755919271782535,0.13007118667110232,71.6315295538515
2.150156182958834,0.22631400000000007,746.3403177060283,4.999686252093462,0.9897597868824578,0.9445097866897939,1.7067021862570207e-05,0.0020195344002060904,0.0015741829778163233,0.0014987663108285496,7.541666698643736e-05,0.041666666666666664,0.02934976754954708,3.4729471656888444,2.7070864999996633,2.5773941809016776,0.12969231909568796,71.65321466617988
2.1573957660664393,0.22707600000000008,746.1256906540762,4.9996852470788316,0.989824264554887,0.9447197722838511,1.6959559075188317e-05,0.0020182419590330917,0.0015745329538064186,0.001499358800021358,7.517415378372403e-05,0.041666666666666664,0.029173785693119014,3.4717741262408564,2.7085071467633104,2.579192779422509,0.12931436733850254,71.67488249493074
2.164635349174045,0.22783800000000007,745.9113284888036,4.999684242367859,0.9898883082966484,0.9449289046047258,1.6852819505585842e-05,0.0020169544831301965,0.001574881507674543,0.0014999491681880045,7.49323394852021e-05,0.041666666666666664,0.028998929522089437,3.4706074485737317,2.70992505625298,2.580987721406714,0.1289373348439667,71.69653301553335
2.1718749322816504,0.22860000000000008,745.6972311717893,4.999683237960121,0.9899519208264143,0.9451371856394039,1.674679862264282e-05,0.0020156719637819515,0.00157522864273234,0.0015005374174206555,7.46912253103481e-05,0.041666666666666664,0.02882519248785884,3.4694471258427337,2.7113402305892613,2.5827790055290674,0.1285612250578943,71.71816620343286
2.179114515389256,0.2293620000000001,745.4833986646115,4.999682233855191,0.9900151048628564,0.9453446173748717,1.6641491895239275e-05,0.0020143943922729026,0.001575574362291453,0.001501123549811478,7.44508124786386e-05,0.041666666666666664,0.0286525680308771,3.468293151176444,2.7127526719029516,2.584566630473168,0.1281860414274831,71.7397820340903
2.1863540984968615,0.23012400000000008,745.2698309288487,4.999681230052643,0.9900778631246469,0.9455512017981152,1.6536894792255236e-05,0.0020131217598875965,0.0015759186696635255,0.001501707567452639,7.421110220955011e-05,0.041666666666666664,0.028481049580658,3.467145517676773,2.7141623823350445,2.586350594931438,0.12781178740130503,71.7613804829827
2.1935936816044665,0.23088600000000004,745.0565279260793,4.999680226552052,0.9901401983304575,0.9457569408961205,1.6433002782570737e-05,0.0020118540579105795,0.001576261568160201,0.0015022894724363053,7.39720957225592e-05,0.041666666666666664,0.02831063055579376,3.466004218418974,2.7155693640367384,2.588130897605139,0.12743846642929701,71.78296152560326
2.200833264712072,0.23164800000000005,744.8434896178818,4.999679223352995,0.9902021131989606,0.9459618366558736,1.6329811335065794e-05,0.0020105912776263975,0.0015766030610931227,0.0015028692668546438,7.37337942371424e-05,0.041666666666666664,0.02814130436396958,3.4648692464516433,2.71697361916943,2.589907537204376,0.127066081962751,71.80452513746131
2.2080728478196776,0.23241000000000006,744.6307159658346,4.999678220455044,0.9902636104488277,0.9461658910643606,1.6227315918620446e-05,0.0020093334103195967,0.0015769431517739343,0.0015034469527998215,7.349619897277625e-05,0.041666666666666664,0.02797306440197836,3.4637405947967337,2.718375149904713,2.5916805124481046,0.12669463745430473,71.82607129408247
2.215312430927283,0.23317200000000005,744.4182069315162,4.999677217857774,0.9903246927987313,0.9463691061085673,1.6125512002114716e-05,0.002008080447274724,0.0015772818435142789,0.0015040225323640051,7.325931114893729e-05,0.041666666666666664,0.027805904055735322,3.4626182564495687,2.719773958424379,2.5934498220641427,0.1263241363579322,71.84759997100875
2.2225520140348887,0.23393400000000006,744.2059624765052,4.99967621556076,0.9903853629673428,0.9465714837754801,1.6024395054428638e-05,0.0020068323797763246,0.0015776191396258002,0.0015045960076393618,7.302313198510208e-05,0.041666666666666664,0.027639816700292842,3.4615022243788443,2.721170046920413,2.5952154647891748,0.12595458212893385,71.86911114379859
2.229791597142494,0.23469600000000004,743.9939825623798,4.999675213563578,0.9904456236733347,0.9467730260520848,1.5923960544442237e-05,0.002005589199108946,0.0015779550434201414,0.001505167380718058,7.278766270074716e-05,0.041666666666666664,0.027474795699855194,3.460392491526646,2.7225634175949947,2.5969774393687626,0.12558597822392717,71.89060478802705
2.2370311802500997,0.23545800000000006,743.7822671507184,4.999674211865802,0.9905054776353787,0.9469737349253677,1.5824203941035544e-05,0.0020043508965571335,0.0015782895582089464,0.0015057366536922608,7.255290451534906e-05,0.041666666666666664,0.027310834407793437,3.4592890508084504,2.723954072660493,2.5987357445573496,0.12521832810083702,71.91208087928571
2.2442707633577053,0.23622000000000007,743.5708162030998,4.999673210467006,0.9905649275721468,0.9471736123823147,1.5725120713088582e-05,0.002003117463405434,0.001578622687303858,0.0015063038286541373,7.231885864838434e-05,0.041666666666666664,0.02714792616666037,3.4581918951131416,2.7253420143394673,2.6004903791182743,0.1248516352188861,71.933539393183
2.251510346465311,0.23698200000000005,743.3596298253536,4.999672209366827,0.9906239749107608,0.9473726614746878,1.5626708482065152e-05,0.0020018888816873033,0.0015789544357911465,0.0015068689133976906,7.208552239211936e-05,0.041666666666666664,0.026986068022352774,3.45710100091826,2.7267272476068114,2.602241351362617,0.12448589624188629,71.95498029683392
2.2587499295729163,0.23774400000000007,743.1487081178583,4.999671208564919,0.9906826203809849,0.9475708853945911,1.552896603169186e-05,0.0020006651313383213,0.0015792848089909853,0.001507431917346995,7.18528916426538e-05,0.041666666666666664,0.02682525902267323,3.456016341091444,2.7281097779013312,2.6039886724816608,0.12412110541736211,71.97640355859185
2.265989512680522,0.23850600000000008,742.9380505993267,4.999670208060677,0.9907408700155522,0.9477682830160133,1.5431883307412777e-05,0.0019994462299197852,0.001579613805026689,0.0015079928266941234,7.162097833122913e-05,0.041666666666666664,0.02666548295211006,3.4549379551085693,2.7294895995373283,2.605732314784981,0.12375728475003757,71.99780918104459
2.2732290957881274,0.23926800000000006,742.7276572437531,4.999669207853684,0.9907987261285531,0.9479648564864586,1.533545645241144e-05,0.0019982321669718183,0.0015799414274774311,0.0015085516447406063,7.138978273548843e-05,0.041666666666666664,0.02650673427529424,3.4538658327276974,2.7308667152250305,2.607472279144946,0.12339443607777466,72.0191971395102
2.280468678895733,0.24003000000000008,742.517528025132,4.999668207943524,0.9908561910340772,0.9481606079534308,1.5239681609871376e-05,0.0019970229320345435,0.0015802676799223849,0.0015091083747879738,7.115930513307473e-05,0.041666666666666664,0.026349007447501082,3.4527999636767177,2.732241127685318,2.6092085664452527,0.12303256123775495,72.0405674093221
2.2877082620033384,0.2407920000000001,742.3076629174578,4.999667208329781,0.9909132670462143,0.9483555395644342,1.5144554922976129e-05,0.001995818514648083,0.0015805925659407238,0.0015096630201377563,7.092954580163106e-05,0.041666666666666664,0.02619229691466263,3.4517403376533635,2.733612839649719,2.610941177580934,0.122671662066474,72.06191996582915
2.294947845110944,0.24155400000000007,742.0980618947249,4.999666209012035,0.9909699564790545,0.9485496534669726,1.5050072534909228e-05,0.00199461890435256,0.0015809160891116212,0.0015102155840914842,7.070050501880048e-05,0.041666666666666664,0.026036597113380005,3.4506869443252346,2.734981853860408,2.6126701134583596,0.12231174039973568,72.08325478439585
2.3021874282185495,0.2423160000000001,741.8887249309275,4.999665209989871,0.9910262616466875,0.9487429518085504,1.4956230588854208e-05,0.001993424090688097,0.0015812382530142508,0.0015107660699506882,7.047218306222602e-05,0.041666666666666664,0.025881902470935886,3.4496397733298076,2.7363481730702017,2.6143953749952424,0.12195279807264632,72.10457184040237
2.3094270113261546,0.24307800000000004,741.6796520000602,4.999664211262872,0.9910821848632033,0.9489354367366714,1.4863025227994608e-05,0.0019922340631948173,0.0015815590612277856,0.0015113144810168983,7.024458020955073e-05,0.041666666666666664,0.025728207405306947,3.448598814274464,2.7377118000425553,2.616116963120632,0.12159483691960918,72.12587110924458
2.31666659443376,0.24384000000000006,741.4708430761173,4.999663212830621,0.9911377284426917,0.9491271103988396,1.4770452595513955e-05,0.0019910488114128428,0.0015818785173313994,0.0015118608205916453,7.001769673841764e-05,0.041666666666666664,0.02557550632517647,3.4475640567365002,2.7390727375515618,2.617834878774929,0.1212378587743186,72.14715256633424
2.3239061775413656,0.24460200000000004,741.262298133093,4.999662214692702,0.9911928946992425,0.9493179749425592,1.4678508834595785e-05,0.001989868324882297,0.0015821966249042654,0.001512405091976459,6.979153292646981e-05,0.041666666666666664,0.02542379362994685,3.4465354902631495,2.7404309883819473,2.619549122909878,0.12088186546975441,72.16841618709904
2.331145760648971,0.24536400000000005,741.054017144982,4.999661216848696,0.9912476859469458,0.9495080325153341,1.4587190088423635e-05,0.0019886925931433025,0.001582513387525557,0.0015129472984728703,6.956608905135026e-05,0.041666666666666664,0.025273063709752304,3.4455131043716025,2.741786555329066,2.6212596964885746,0.12052685883817608,72.18966194698271
2.3383853437565767,0.24612600000000007,740.8460000857787,4.999660219298186,0.9913021044998914,0.9496972852646687,1.4496492500181038e-05,0.0019875216057359817,0.001582828808774448,0.0015134874433824093,6.934136539070206e-05,0.041666666666666664,0.02512331094547146,3.4444968885490206,2.743139441198898,2.622966600485465,0.12017284071111718,72.21088982144504
2.3456249268641822,0.24688800000000005,740.6382469294771,4.999659222040758,0.9913561526721691,0.9498857353380666,1.440641221305153e-05,0.001986355352200458,0.0015831428922301112,0.0015140255300066065,6.911736222216822e-05,0.041666666666666664,0.0249745297087402,3.443486832252562,2.74448964880805,2.624669835886354,0.11981981291937945,72.23209978596213
2.3528645099717878,0.24765000000000006,740.4307576500719,4.999658225075993,0.9914098327778689,0.9500733848830322,1.4316945370218643e-05,0.0019851938220768538,0.0015834556414717205,0.0015145615616469924,6.88940798233918e-05,0.041666666666666664,0.02482671436196435,3.442482924909397,2.7458371809837443,2.6263694036884,0.11946777729302734,72.25329181602632
2.3601040930793933,0.24841200000000008,740.2235322215574,4.999657228403474,0.9914631471310804,0.9502602360470694,1.4228088114865915e-05,0.0019840370049052916,0.0015837670600784492,0.0015150955416050969,6.867151847201586e-05,0.041666666666666664,0.024679859258332534,3.441485155916724,2.747182040563822,2.628065304900122,0.11911673566138199,72.27446588714635
2.367343676186999,0.24917400000000006,740.0165706179281,4.999656232022784,0.9915160980458938,0.9504462909776823,1.4139836590176875e-05,0.0019828848902258946,0.0015840771516294706,0.0015156274731824508,6.844967844568342e-05,0.041666666666666664,0.02453395874182904,3.4404935146417963,2.748524230396736,2.629757540541401,0.1187666898530158,72.29562197484745
2.3745832592946043,0.24993600000000007,739.8098728131781,4.999655235933506,0.9915686878363991,0.950631551822375,1.4052186939335063e-05,0.0019817374675787855,0.0015843859197039584,0.0015161573596805843,6.822856002203752e-05,0.041666666666666664,0.02438900714724678,3.4395079904219372,2.749863753341549,2.631446111643483,0.11841764169574658,72.3167600546715
2.38182284240221,0.2506980000000001,739.6034387813021,4.999654240135225,0.9916209188166856,0.9508160207286513,1.396513530552401e-05,0.0019805947265040874,0.0015846933678810857,0.001516685204401028,6.80081634787212e-05,0.041666666666666664,0.024244998800200188,3.4385285725645596,2.751200612267928,2.6331310192489763,0.11806959301663164,72.33788010217697
2.3890624255098154,0.2514600000000001,739.3972684962944,4.999653244627522,0.9916727933008437,0.9509996998440157,1.3878677831927253e-05,0.001979456656541922,0.0015849994997400262,0.0015172110106453122,6.778848909337753e-05,0.041666666666666664,0.02410192801713828,3.4375552503471853,2.7525348100561433,2.6348122644118606,0.11772254564196244,72.35898209293909
2.396302008617421,0.25222200000000006,739.1913619321492,4.99965224940998,0.991724313602963,0.9511825913159717,1.3792810661728324e-05,0.0019783232472324135,0.001585304318859953,0.001517734781714967,6.756953714364954e-05,0.041666666666666664,0.02395978910535772,3.436588013017468,2.753866349597064,2.6364898481974843,0.11737650139725861,72.38006600255001
2.4035415917250265,0.2529840000000001,738.9857190628611,4.999651254482183,0.9917754820371336,0.9513646972920239,1.3707529938110758e-05,0.0019771944881156835,0.0015856078288200399,0.0015182565209115233,6.735130790718025e-05,0.041666666666666664,0.023818576363015927,3.4356268497932114,2.7551952337921537,2.638163771682569,0.1170314621072622,72.4011318066188
2.410781174832632,0.2537460000000001,738.7803398624243,4.9996502598437145,0.9918263009174452,0.951546019919676,1.362283180425809e-05,0.0019760703687318557,0.0015859100331994602,0.001518776231536511,6.713380166161271e-05,0.041666666666666664,0.02367828407914423,3.434671749862391,2.7565214655534658,2.639834035955211,0.11668742959593209,72.42217948077159
2.418020757940237,0.25450800000000007,738.5752243048335,4.999649265494155,0.9918767725579878,0.9517265613464322,1.3538712403353858e-05,0.001974950878621052,0.001586210935577387,0.0015192939168914607,6.691701868459e-05,0.041666666666666664,0.02353890653366105,3.4337227023831662,2.7578450478036407,2.641500642114879,0.11634440568643822,72.44320900065155
2.4252603410478426,0.25527000000000005,738.3703723640826,4.999648271433091,0.991926899272851,0.9519063237197964,1.3455167878581588e-05,0.001973836007323396,0.0015865105395329942,0.0015198095802779028,6.670095925375513e-05,0.041666666666666664,0.0234004379973852,3.4327796964839186,2.7591659834759046,2.643163591272425,0.11600239220115569,72.46422034191922
2.432499924155448,0.25603200000000004,738.1657840141665,4.999647277660104,0.9919766833761251,0.952085309187273,1.3372194373124819e-05,0.001972725744379009,0.001586808848645455,0.0015203232249973674,6.648562364675113e-05,0.041666666666666664,0.023262872732049154,3.4318427212632514,2.7604842755140604,2.6448228845500767,0.11566139096165921,72.48521348025231
2.4397395072630537,0.2567940000000001,737.9614592290793,4.9996462841747755,0.9920261271818998,0.9522635198963657,1.3289788030167087e-05,0.001971620079328016,0.001587105866493943,0.0015208348543513852,6.627101214122107e-05,0.041666666666666664,0.02312620499031243,3.4309117657900283,2.76179992687249,2.6464785230814467,0.11532140378871743,72.5061883913461
2.446979090370659,0.25755600000000006,737.7573979828154,4.999645290976692,0.9920752330042648,0.9524409579945786,1.3207944992891922e-05,0.001970519001710538,0.001587401596657631,0.0015213444716414867,6.605712501480798e-05,0.041666666666666664,0.022990429015774947,3.4299868191033838,2.7631129405161436,2.6481305080115307,0.11498243250228694,72.52714505091326
2.4542186734782647,0.25831800000000005,737.5536002493693,4.999644298065434,0.9921240031573103,0.9526176256294159,1.3126661404482863e-05,0.0019694225010666987,0.0015876960427156932,0.0015218520801692018,6.58439625451549e-05,0.041666666666666664,0.022855539042990484,3.4290678702127453,2.7644233194205405,2.6497788404967064,0.11464447892150666,72.54808343468407
2.4614582565858703,0.2590800000000001,737.3500660027353,4.999643305440584,0.9921724399551259,0.9527935249483815,1.3045933408123444e-05,0.0019683305669366204,0.0015879892082473026,0.0015223576832360613,6.563152500990488e-05,0.041666666666666664,0.022721529297480187,3.428154908097859,2.7657310665717634,2.6514235217047437,0.1143075448646922,72.56900351840655
2.468697839693476,0.2598420000000001,737.1467952169077,4.999642313101727,0.9922205457118016,0.9529686580989796,1.2965757146997196e-05,0.0019672431888604256,0.0015882810968316328,0.0015228612841435955,6.541981268670094e-05,0.041666666666666664,0.022588393995746102,3.427247921708807,2.7670361849664564,2.653064552814798,0.11397163214932995,72.58990527784648
2.4759374228010813,0.26060400000000006,736.943787865881,4.999641321048445,0.9922683227414275,0.9531430272287141,1.2886128764287656e-05,0.001966160356378238,0.001588571712047857,0.0015233628861933345,6.520882585318616e-05,0.041666666666666664,0.02245612734528473,3.4263468999660316,2.7683386776118146,2.654701935017415,0.11363674259207139,72.61078868878748
2.483177005908687,0.2613660000000001,736.7410439236496,4.999640329280322,0.9923157733580931,0.9533166344850893,1.2807044403178357e-05,0.0019650820590301796,0.001588861057475149,0.001523862492686809,6.499856478700356e-05,0.041666666666666664,0.022324723544600706,3.4254518317603533,2.7696385475255894,2.6563356695145326,0.11330287800872743,72.63165372703114
2.4904165890162924,0.2621280000000001,736.5385633642078,4.99963933779694,0.9923628998758883,0.9534894820156091,1.2728500206852837e-05,0.0019640082863563737,0.001589149136692682,0.0015243601069255494,6.478902976579618e-05,0.041666666666666664,0.022194176783220474,3.424562705952998,2.7709357977360765,2.657965757519484,0.11297004021426252,72.6525003683972
2.497656172123898,0.26289000000000007,736.3363461615501,4.999638346597883,0.9924097046089032,0.9536615719677775,1.2650492318494625e-05,0.0019629390278969425,0.0015894359532796292,0.0015248557322110857,6.458022106720708e-05,0.041666666666666664,0.02206448124170597,3.423679511375614,2.7722304312821144,2.659592200256994,0.11263823102278901,72.67332858872346
2.5048957552315034,0.2636520000000001,736.1343922896708,4.999637355682733,0.9924561898712276,0.9538329064890986,1.257301688128726e-05,0.001961874273192009,0.0015897215108151644,0.0015253493718449488,6.437213896887928e-05,0.041666666666666664,0.021935631091668455,3.4228022368302944,2.77352245121308,2.661214998963187,0.11230745224756129,72.69413836386599
2.512135338339109,0.2644140000000001,735.9327017225644,4.999636365051074,0.9925023579769514,0.9540034877270765,1.2496070038414274e-05,0.0019608140117816967,0.001590005812878461,0.0015258410291286687,6.416478374845583e-05,0.041666666666666664,0.02180762049578231,3.421930871089605,2.774811860588886,2.662834154885583,0.11197770570097021,72.71492966969923
2.5193749214467145,0.2651760000000001,735.731274434225,4.999635374702488,0.9925482112401645,0.9541733178292151,1.2419647933059201e-05,0.001959758233206127,0.001590288863048692,0.0015263307073637758,6.395815568357978e-05,0.041666666666666664,0.021680443607798916,3.4210654028965974,2.7760986624799737,2.664449669283104,0.11164899319453724,72.73570248211604
2.52661450455432,0.2659380000000001,735.5301103986474,4.999634384636559,0.9925937519749567,0.9543423989430186,1.2343746708405578e-05,0.001958706927005424,0.0015905706649050311,0.0015268184098518006,6.375225505189416e-05,0.041666666666666664,0.021554094572560543,3.420205820964841,2.77738285996731,2.6660615434260677,0.11132131653890852,72.75645677702778
2.533854087661925,0.26670000000000005,735.3292093255427,4.9996333948529,0.992638977966286,0.9545107329419662,1.2268370056190122e-05,0.001957660076997989,0.0015908512215699437,0.0015273041465294103,6.354707503919703e-05,0.041666666666666664,0.021428580717998226,3.4193521051468307,2.7786644562891505,2.667669791092229,0.11099466519458741,72.77719255510173
2.5410936707695306,0.26746200000000003,735.1285712438214,4.999632405351082,0.9926838921983451,0.9546783220890821,1.219351300275839e-05,0.001956617673070648,0.001591130536815137,0.0015277879199663649,6.334261684743566e-05,0.041666666666666664,0.021303894229617253,3.4185042444673117,2.779943454700514,2.6692744121310636,0.11066904256711518,72.79790978748949
2.548333253877136,0.2682240000000001,734.9281962202779,4.9996314161306845,0.9927284981124049,0.9548451687392954,1.2119169812658391e-05,0.001955579705259326,0.0015914086145654923,0.0015282697322769759,6.313888228718013e-05,0.041666666666666664,0.021180025949543095,3.4176622280290405,2.781219858609274,2.670875405485171,0.11034445312176736,72.81860844207297
2.5555728369847417,0.26898600000000006,734.7280842360542,4.9996304271912955,0.9927727976829229,0.9550112751596516,1.2045337195128401e-05,0.0019545461617411484,0.0015916854585994193,0.0015287495877272998,6.293587087078315e-05,0.041666666666666664,0.02105697098334565,3.4168260420337915,2.7824936714844637,2.67247277416149,0.11002089732063687,72.83928849476952
2.562812420092347,0.26974800000000004,734.528235272293,4.999629438532508,0.992816792884356,0.955176643617196,1.1972011859406694e-05,0.0019535170306932406,0.0015919610726953268,0.001529227490583393,6.273358211059746e-05,0.041666666666666664,0.020934724428867606,3.415995672651248,2.7837648968059714,2.6740665211802255,0.10969837562340848,72.85994992151457
2.5700520031999528,0.2705100000000001,734.3286493101367,4.999628450153909,0.9928604856911611,0.955341276378974,1.1899190514731546e-05,0.001952492300292728,0.0015922354606316236,0.0015297034451113116,6.253201551897573e-05,0.041666666666666664,0.020813281376236083,3.4151711060190393,2.7850335380645435,2.67565664957485,0.10937688848735658,72.88059269826182
2.5772915863075583,0.27127200000000007,734.1293263307275,4.999627462055091,0.9929038780777952,0.9555051757120313,1.1826869870341233e-05,0.0019514719587167368,0.0015925086261867189,0.001530177455577112,6.233117060827069e-05,0.041666666666666664,0.02069263690787431,3.4143523282427584,2.7862995987617762,2.6772431623920956,0.1090564363673428,72.90121680098326
2.584531169415164,0.27203400000000005,733.9302663152079,4.999626474235645,0.9929469720187156,0.9556683438834132,1.1755046635474027e-05,0.0019504559941423926,0.001592780573139022,0.0015306495262468506,6.213104689083502e-05,0.041666666666666664,0.020572786098513308,3.4135393253960036,2.7875630824101068,2.6788260626919542,0.10873701971581373,72.92182220566927
2.5917707525227693,0.2727960000000001,733.7314692447203,4.999625486695158,0.9929897694883791,0.9558307831601646,1.1683717519368207e-05,0.001949444394746821,0.0015930513052669411,0.0015311196613865834,6.193164387902147e-05,0.041666666666666664,0.02045372401520368,3.4127320835203996,2.7888239925328118,2.6804053535476733,0.10841863898279883,72.94240888832881
2.599010335630375,0.2735580000000001,733.532935100407,4.999624499433221,0.9930322724612428,0.9559924958093315,1.1612879231262047e-05,0.0019484371487071474,0.001593320826348886,0.001531587865262367,6.173296108518271e-05,0.041666666666666664,0.020335445717327365,3.4119305886256326,2.790082332664002,2.6819810380457536,0.10810129461590781,72.9629768249894
2.6062499187379804,0.27432000000000006,733.3346638634105,4.999623512449425,0.9930744829117637,0.9561534840979593,1.1542528480393825e-05,0.0019474342442004978,0.0015935891401632656,0.0015320541421402578,6.153499802167147e-05,0.041666666666666664,0.02021794625660948,3.411134826689479,2.791338106348612,2.683553119285942,0.10778498706032877,72.98352599169723
2.613489501845586,0.2750820000000001,733.1366555148732,4.99962252574336,0.993116402814399,0.9563137502930932,1.147266197600181e-05,0.0019464356694039978,0.0015938562504884887,0.0015325184962863118,6.133775420084045e-05,0.041666666666666664,0.020101220677130188,3.410344783657836,2.7925913171423975,2.6851216003812306,0.1074697167588256,73.00405636451734
2.6207290849531915,0.2758440000000001,732.9389100359374,4.999621539314616,0.9931580341436055,0.9564732966617785,1.1403276427324282e-05,0.0019454414124947727,0.0015941221611029642,0.0015329809319665855,6.114122913504236e-05,0.041666666666666664,0.01998526401533661,3.409560445444751,2.7938419686119307,2.686686484457853,0.10715548415173605,73.02456791953362
2.627968668060797,0.2766060000000001,732.7414274077455,4.999620553162783,0.9931993788738404,0.9566321254710608,1.1334368543599517e-05,0.0019444514616499488,0.0015943868757851015,0.0015334414534471353,6.094542233662992e-05,0.041666666666666664,0.019870071300054776,3.408781797932454,2.795090064334592,2.68824777465528,0.10684228967696924,73.04506063284894
2.6352082511684025,0.2773680000000001,732.5442076114399,4.999619567287451,0.9932404389795606,0.9567902389879854,1.1265935034065787e-05,0.001943465805046651,0.0015946503983133092,0.0015339000649940173,6.0750333317955816e-05,0.041666666666666664,0.019755637552501613,3.408008826971387,2.796335607898562,2.689805474126216,0.10653013377000353,73.06553448058526
2.6424478342760076,0.27813000000000004,732.3472506281631,4.9996185816882095,0.9932812164352233,0.9569476394795979,1.1197972607961374e-05,0.0019424844308620058,0.0015949127324659967,0.0015343567708732877,6.055596159137278e-05,0.041666666666666664,0.019641957786296974,3.4072415183802365,2.7975786029028233,2.691359586036595,0.10621901686388441,73.08598943888369
2.649687417383613,0.2788920000000001,732.1505564390574,4.99961759636465,0.9933217132152853,0.9571043292129436,1.1130477974524547e-05,0.0019415073272731381,0.0015951738820215728,0.001534811575351003,6.036230666923349e-05,0.041666666666666664,0.019529027007475695,3.4064798579459645,2.7988190529571444,2.6929101135655777,0.10590893938922201,73.10642548390463
2.6569270004912187,0.27965400000000007,731.9541250252651,4.999616611316362,0.9933619312942039,0.9572603104550679,1.106344784299358e-05,0.0019405344824571739,0.0015954338507584466,0.0015352644826932198,6.0169368063890665e-05,0.041666666666666664,0.01941684021449973,3.4057238314238374,2.8000569616820807,2.6944570599055466,0.10559990177418926,73.12684259182784
2.664166583598824,0.28041600000000005,731.7579563679287,4.999615626542934,0.993401872646436,0.9574155854730162,1.0996878922606751e-05,0.0019395658845912389,0.001595692642455027,0.0015357154971659937,5.997714528769702e-05,0.041666666666666664,0.0193053923982703,3.4049734245374585,2.8012923327089654,2.6960004282621006,0.10529190444451939,73.14724073885252
2.6714061667064297,0.28117800000000004,731.5620504481907,4.999614642043959,0.9934415392464385,0.9575701565338339,1.0930767922602337e-05,0.0019386015218524585,0.0015959502608897233,0.0015361646230353818,5.978563785300526e-05,0.041666666666666664,0.019194678542140055,3.4042286229788044,2.802525169679907,2.6975402218540565,0.1049849478235039,73.16761990119741
2.6786457498140352,0.2819400000000001,731.3664072471933,4.999613657819025,0.9934809330686689,0.9577240259045665,1.086511155221861e-05,0.0019376413824179588,0.0015962067098409442,0.0015366118645674398,5.9594845272168095e-05,0.041666666666666664,0.019084693621925337,3.4034894124082506,2.803755476247775,2.699076443913438,0.10467903233199036,73.18798005510092
2.6858853329216408,0.28270200000000006,731.1710267468796,4.999612673867725,0.9935200560283711,0.9578771958708234,1.0799906619381444e-05,0.0019366854542424159,0.0015964619931180392,0.0015370572261887926,5.940476692791025e-05,0.041666666666666664,0.01897543277931681,3.4027557780645328,2.804983256131203,2.7006090979682074,0.10437415816064756,73.20832117683784
2.6931249160292463,0.28346400000000005,730.9759089185889,4.999611690189712,0.993558908027813,0.9580296691526058,1.0735153286978408e-05,0.0019357337190296026,0.0015967161152543432,0.0015375007171289977,5.9215398124009225e-05,0.041666666666666664,0.018866897045846442,3.4020276943231704,2.8062085144595814,2.7021381961237587,0.10407031833347473,73.22864324603125
2.700364499136852,0.2842260000000001,730.7810536811097,4.999610706784496,0.9935974926689991,0.9581814472967323,1.0670845551668184e-05,0.0019347861724707362,0.0015969690788278873,0.0015379423365407758,5.902674228577531e-05,0.041666666666666664,0.018759076611965256,3.401305160065368,2.8074312529046592,2.7036637327623074,0.10376752014000289,73.2489462414744
2.7076040822444574,0.2849880000000001,730.5864610125029,4.999609723651675,0.9936358116439913,0.9583325326227118,1.0606980593347815e-05,0.0019338428019225267,0.0015972208877045198,0.0015383820893357203,5.8838798367463226e-05,0.041666666666666664,0.018651967252448384,3.4005881594111087,2.8086514753383174,2.705185712325935,0.10346576301003235,73.26923014007868
2.714843665352063,0.28575000000000006,730.3921308908295,4.999608740790844,0.9936738666448515,0.9584829274500533,1.054355559191434e-05,0.0019329035947416842,0.0015974715457500888,0.0015388199804254247,5.865156532332767e-05,0.041666666666666664,0.01854556473550664,3.3998766764473296,2.809869185643387,2.706704139271221,0.10316504636981541,73.28949491877646
2.7220832484596684,0.2865120000000001,730.1980632941506,4.9996077582015985,0.9937116593636411,0.9586326340982656,1.04805677272648e-05,0.0019319685382849182,0.0015977210568304428,0.001539256014721483,5.846504210762336e-05,0.041666666666666664,0.018439864822796942,3.399170695227967,2.8110843877136524,2.708219018069244,0.1028653696420569,73.3097405545214
2.729322831567274,0.2872740000000001,730.0042582005269,4.999606775883535,0.9937491914924222,0.9587816548868577,1.0418014179296232e-05,0.001931037619908939,0.0015979694248114296,0.0015396901971354883,5.8279227674605015e-05,0.041666666666666664,0.018334863269432688,3.3984701997739903,2.8122970854538387,2.7097303532055723,0.10256673224591481,73.32996702428842
2.7365624146748795,0.28803600000000007,729.8107155880194,4.999605793836251,0.9937864647232566,0.9589299921353387,1.0355892127905678e-05,0.0019301108269704568,0.001598216653558898,0.0015401225325790341,5.8094120978527336e-05,0.041666666666666664,0.018230555823994167,3.397775174073438,2.8135072827796077,2.711238149180254,0.10226913359700066,73.35017430507385
2.743801997782485,0.2887980000000001,729.6174354346892,4.99960481205934,0.9938234807482059,0.9590776481632174,1.029419875299018e-05,0.001929188146826181,0.0015984627469386957,0.0015405530259637143,5.790972097364505e-05,0.041666666666666664,0.018126938228538992,3.3970856020814537,2.814714983617544,2.7127424105078104,0.10197257310738016,73.37036237389536
2.7510415808900905,0.2895600000000001,729.424417718597,4.9996038305524,0.9938602412593319,0.9592246252900026,1.0232931234446775e-05,0.001928269566832822,0.0015987077088166711,0.001540981682201122,5.7726026614212844e-05,0.041666666666666664,0.018024006218612623,3.3964014677203322,2.8159201919051555,2.7142431417172275,0.10167705018557378,73.39053120779238
2.7582811639976956,0.2903220000000001,729.231662417804,4.999602849315027,0.9938967479486965,0.9593709258352037,1.0172086752172507e-05,0.0019273550743470899,0.0015989515430586728,0.001541408506202851,5.754303685448546e-05,0.041666666666666664,0.017921755523258868,3.3957227548795466,2.817122911590863,2.7157403473519515,0.10138256423655738,73.41068078382582
2.765520747105301,0.29108400000000006,729.0391695103709,4.999601868346815,0.9939330025083614,0.9595165521183293,1.011166248606441e-05,0.001926444656725694,0.001599194253530549,0.0015418335028804949,5.736075064871758e-05,0.041666666666666664,0.017820181865030416,3.395049447415792,2.8183231466339924,2.7172340319698747,0.10108911466176262,73.43081107907848
2.7727603302129067,0.29184600000000005,728.8469389743589,4.999600887647363,0.9939690066303883,0.9596615064588884,1.0051655616019528e-05,0.0019255383013253447,0.0015994358440981475,0.0015422566771456472,5.717916695116393e-05,0.041666666666666664,0.01771928095999947,3.3943815291530193,2.819520901004765,2.718724200143331,0.10079670085907783,73.45092207065491
2.779999913320512,0.2926080000000001,728.6549707878286,4.999599907216265,0.9940047620068391,0.95980579117639,9.9920633219349e-06,0.001924635995502752,0.0015996763186273168,0.0015426780339099012,5.6998284716079217e-05,0.041666666666666664,0.01761904851776832,3.3937189838824806,2.820716178684294,2.7202108564590897,0.10050532222284841,73.47101373568165
2.7872394964281177,0.2933700000000001,728.4632649288412,4.9995989270531185,0.9940402703297755,0.959949408590343,9.932882783707567e-06,0.0019237377266146257,0.001599915680983905,0.0015430975780848506,5.681810289771816e-05,0.041666666666666664,0.01751948024148003,3.39306179536276,2.8219089836645774,2.7216940055183425,0.10021497814387767,73.49108605130726
2.7944790795357233,0.29413200000000006,728.2718213754575,4.999597947157518,0.9940755332912593,0.9600923610202565,9.874111181234567e-06,0.001922843482017676,0.001600153935033761,0.001543515314582089,5.663862045033546e-05,0.041666666666666664,0.017420571827829117,3.392409947319817,2.8230993199484855,2.7231736519367,0.09992566800942737,73.51113899470243
2.801718662643329,0.2948940000000001,728.0806401057387,4.999596967529061,0.9941105525833522,0.9602346507856392,9.815745694412943e-06,0.0019219532490686126,0.0016003910846427321,0.00154393124831321,5.645983632818584e-05,0.041666666666666664,0.01732231896707226,3.3917634234470193,2.824287191549756,2.72464980034418,0.09963739120321838,73.5311725430601
2.8089582457509343,0.2956560000000001,727.8897210977453,4.999595988167343,0.9941453298981161,0.9603762802060002,9.757783503139732e-06,0.0019210670151241457,0.001600627133676667,0.0015443453841898068,5.628174948552401e-05,0.041666666666666664,0.017224717343039066,3.391122207405191,2.825472602492991,2.7261224553852013,0.09935014710543152,73.55118667359551
2.81619782885854,0.29641800000000007,727.6990643295387,4.999595009071959,0.9941798669276128,0.9605172516008484,9.700221787311976e-06,0.001920184767540985,0.001600862086001414,0.001544757727123473,5.6104358876604666e-05,0.041666666666666664,0.017127762633142845,3.3904862828226396,2.8266555568136393,2.727591621718572,0.09906393509270799,73.57118136354622
2.8234374119661454,0.2971800000000001,727.5086697791796,4.999594030242507,0.994214165363904,0.960657567289693,9.643057726826715e-06,0.0019193064936758408,0.0016010959454828217,0.0015451682820258026,5.592766345568254e-05,0.041666666666666664,0.01703145050839146,3.389855633295208,2.827836058557998,2.7290573040174873,0.09877875453815041,73.59115659017247
2.830676995073751,0.2979420000000001,727.318537424729,4.999593051678583,0.9942482268990515,0.9607972295920425,9.586288501580989e-06,0.0019184321808854228,0.0016013287159867375,0.0015455770538083888,5.5751662177012335e-05,0.041666666666666664,0.01693577663339814,3.3892302423863043,2.829014111783199,2.7305195069695145,0.09849460481132331,73.61111233075701
2.8379165781813565,0.2987040000000001,727.1286672442477,4.999592073379782,0.9942820532251169,0.960936240827406,9.529911291471838e-06,0.001917561816526441,0.0016015604013790102,0.0015459840473828251,5.557635399484876e-05,0.041666666666666664,0.016840736666392398,3.3886100936269425,2.8301897205572035,2.731978235276588,0.098211485278254,73.63104856260526
2.845156161288962,0.2994660000000001,726.9390592157969,4.9995910953457,0.9943156460341621,0.9610746033152927,9.473923276396302e-06,0.0019166953879556055,0.001601791005525488,0.001546389267660705,5.5401737863446524e-05,0.041666666666666664,0.01674632625923093,3.3879951705157865,2.8313628889587936,2.733433493654998,0.09792939530143323,73.65096526304546
2.8523957443965675,0.3002280000000001,726.7497133174373,4.999590117575933,0.9943490070182491,0.9612123193752113,9.41832163625142e-06,0.0019158328825296261,0.001602020532292019,0.0015467927195536224,5.522781273706035e-05,0.041666666666666664,0.016652541057408588,3.387385456519185,2.8325336210775642,2.7348852868353855,0.0976483342398161,73.67086240942876
2.859635327504173,0.3009900000000001,726.5606295272302,4.999589140070078,0.9943821378694395,0.961349391326671,9.363103550934234e-06,0.001914974287605213,0.0016022489855444517,0.0015471944079731704,5.505457756994494e-05,0.041666666666666664,0.01655937670006935,3.386780935071216,2.8337019210139154,2.736333619562729,0.09736830144882272,73.69073997912923
2.866874910611778,0.3017520000000001,726.371807823236,4.99958816282773,0.994415040279795,0.9614858214891804,9.308266200341785e-06,0.001914119590539076,0.001602476369148634,0.0015475943378309427,5.488203131635502e-05,0.041666666666666664,0.016466828820017376,3.3861815895737237,2.834867792879045,2.737778496596341,0.09708929628033922,73.71059794954411
2.8741144937193837,0.30251400000000006,726.1832481835161,4.999587185848487,0.9944477159413774,0.9616216121822486,9.25380676437111e-06,0.001913268778687925,0.0016027026869704145,0.0015479925140385329,5.471017293054529e-05,0.041666666666666664,0.016374893043727985,3.385587403396358,2.8360312407949375,2.739219922709855,0.09681131808271823,73.7304362980937
2.881354076826989,0.30327600000000005,725.9949505787174,4.999586209131943,0.9944801664530718,0.9617567657092986,9.199722578213697e-06,0.0019124218393604155,0.001602927942848831,0.0015483889416092087,5.4539001238286e-05,0.041666666666666664,0.016283565266378565,3.384998359822248,2.837192268872629,2.7406579028960265,0.09653436597423691,73.75025500289021
2.8885936599345947,0.3040380000000001,725.8069149026959,4.999585232677702,0.9945123923281556,0.961891284236063,9.146012786407384e-06,0.001911578758973792,0.0016031521403934385,0.0015487836269066173,5.436851348548488e-05,0.041666666666666664,0.016192844582100258,3.3844144408489947,2.8383508811001157,2.742092444816239,0.09625843628151085,73.7700540491523
2.8958332430422002,0.30480000000000007,725.6191411311247,4.999584256485365,0.9945443950709301,0.9620251701141387,9.092674881783274e-06,0.0019107395243579113,0.0016033752835235646,0.0015491765752622456,5.419870825998276e-05,0.041666666666666664,0.016102727155720482,3.383835628834479,2.839507081742519,2.7435235540489233,0.09598352769123,73.7898334147959
