h2_co_molar_ratio,space_time_multiple_of_experiment1,catalyst_space_time_kg_s_mol_co,co_feed_mol_h,h2_feed_mol_h,n2_feed_mol_h,total_feed_mol_h,inlet_pressure_bar_abs,outlet_co_conversion_pct,outlet_ch4_yield_pct,peak_temperature_c,outlet_pressure_bar_abs,pressure_drop_pa,status,terminal_event,solver_function_evaluations,message
1.0,0.25,8.774999999999999,1.28,1.28,3.196,5.756,1.0,22.37570422415309,17.449385548079935,350.0,0.9999996198365181,0.0380163481895579,completed,,162,The solver successfully reached the end of the integration interval.
1.2,0.25,8.774999999999999,1.28,1.536,3.196,6.0120000000000005,1.0,26.571389176283983,20.780310880896735,350.0,0.9999996044076241,0.03955923758621793,completed,,156,The solver successfully reached the end of the integration interval.
1.4,0.25,8.774999999999999,1.28,1.7919999999999998,3.196,6.268000000000001,1.0,30.39081337965927,23.88124740705296,350.0,0.9999995884489614,0.04115510385599919,completed,,152,The solver successfully reached the end of the integration interval.
1.6,0.25,8.774999999999999,1.28,2.048,3.196,6.524000000000001,1.0,33.81098843623966,26.732801083460405,350.0,0.9999995719622182,0.0428037781821331,completed,,126,The solver successfully reached the end of the integration interval.
1.8,0.25,8.774999999999999,1.28,2.3040000000000003,3.196,6.780000000000001,1.0,36.826235496266655,29.32489897631015,350.0,0.9999995549611668,0.04450388332770672,completed,,113,The solver successfully reached the end of the integration interval.
2.0,0.25,8.774999999999999,1.28,2.56,3.196,7.036,1.0,39.44440297954902,31.655075053264003,350.0,0.9999995374677514,0.0462532248639036,completed,,110,The solver successfully reached the end of the integration interval.
2.2,0.25,8.774999999999999,1.28,2.8160000000000003,3.196,7.292,1.0,41.68320079476152,33.72707946011539,350.0,0.9999995195090251,0.04804909748781938,completed,,107,The solver successfully reached the end of the integration interval.
2.4000000000000004,0.25,8.774999999999999,1.28,3.0720000000000005,3.196,7.548,1.0,43.56740081970401,35.54969397183949,350.0,0.999999501114854,0.04988851459347643,completed,,104,The solver successfully reached the end of the integration interval.
2.6,0.25,8.774999999999999,1.28,3.3280000000000003,3.196,7.804,1.0,45.12637761531744,37.135565569515364,350.0,0.9999994823161801,0.05176838199258782,completed,,101,The solver successfully reached the end of the integration interval.
2.8,0.25,8.774999999999999,1.28,3.5839999999999996,3.196,8.06,1.0,46.39184090954574,38.500104351151734,350.0,0.9999994631436211,0.05368563788942993,completed,,98,The solver successfully reached the end of the integration interval.
2.9968749999999997,0.25,8.774999999999999,1.28,3.836,3.196,8.312,1.0,47.38223076998414,39.643778253859956,350.0,0.9999994439339689,0.05560660311311949,completed,,92,The solver successfully reached the end of the integration interval.
3.0,0.25,8.774999999999999,1.28,3.84,3.196,8.316,1.0,47.3960750176222,39.66042871334452,350.0,0.9999994436265065,0.055637349345488474,completed,,92,The solver successfully reached the end of the integration interval.
3.2,0.25,8.774999999999999,1.28,4.096,3.196,8.572000000000001,1.0,48.17058543900018,40.63447082805825,350.0,0.9999994237922665,0.057620773353846744,completed,,98,The solver successfully reached the end of the integration interval.
3.4000000000000004,0.25,8.774999999999999,1.28,4.352,3.196,8.828000000000001,1.0,48.745131900876544,41.44023230988561,350.0,0.9999994036659492,0.05963340507878456,completed,,97,The solver successfully reached the end of the integration interval.
3.6,0.25,8.774999999999999,1.28,4.6080000000000005,3.196,9.084000000000001,1.0,49.1471515483182,42.095263468750275,350.0,0.9999993832701976,0.0616729802422924,completed,,94,The solver successfully reached the end of the integration interval.
3.8000000000000003,0.25,8.774999999999999,1.28,4.864000000000001,3.196,9.340000000000002,1.0,49.40143599021837,42.616229708376466,350.0,0.9999993626251525,0.06373748474288732,completed,,95,The solver successfully reached the end of the integration interval.
4.0,0.25,8.774999999999999,1.28,5.12,3.196,9.596,1.0,49.530039851587695,43.018665632322836,350.0,0.9999993417485687,0.06582514313049614,completed,,92,The solver successfully reached the end of the integration interval.
4.2,0.25,8.774999999999999,1.28,5.376,3.196,9.852,1.0,49.552379827413795,43.316840741783075,350.0,0.9999993206560093,0.0679343990777852,completed,,88,The solver successfully reached the end of the integration interval.
4.4,0.25,8.774999999999999,1.28,5.632000000000001,3.196,10.108,1.0,49.485291286642266,43.52367601687174,350.0,0.9999992993609402,0.07006390597962309,completed,,87,The solver successfully reached the end of the integration interval.
4.6,0.25,8.774999999999999,1.28,5.888,3.196,10.364,1.0,49.34337721972965,43.650806237701254,350.0,0.9999992778750852,0.07221249147551134,completed,,86,The solver successfully reached the end of the integration interval.
4.800000000000001,0.25,8.774999999999999,1.28,6.144000000000001,3.196,10.620000000000001,1.0,49.13917573995724,43.708607066526376,350.0,0.9999992562085438,0.07437914561887737,completed,,88,The solver successfully reached the end of the integration interval.
5.0,0.25,8.774999999999999,1.28,6.4,3.196,10.876000000000001,1.0,48.88337908570426,43.706268097227934,350.0,0.9999992343700024,0.07656299976224545,completed,,86,The solver successfully reached the end of the integration interval.
1.0,0.2871745887492587,10.07982806509898,1.114304721019039,1.114304721019039,2.7822796002944132,5.010889042332492,1.0,23.428064689626606,18.092155414779782,350.0,0.9999997067404598,0.02932595401944127,completed,,170,The solver successfully reached the end of the integration interval.
1.2,0.2871745887492587,10.07982806509898,1.114304721019039,1.337165665222847,2.7822796002944132,5.233749986536299,1.0,27.888434505074805,21.588980761380405,350.0,0.9999996950541239,0.030494587612338364,completed,,159,The solver successfully reached the end of the integration interval.
1.4,0.2871745887492587,10.07982806509898,1.114304721019039,1.5600266094266546,2.7822796002944132,5.456610930740107,1.0,31.9780239509971,24.864640239291692,350.0,0.9999996829635528,0.03170364472316578,completed,,157,The solver successfully reached the end of the integration interval.
1.6,0.2871745887492587,10.07982806509898,1.114304721019039,1.7828875536304627,2.7822796002944132,5.679471874943915,1.0,35.66957871215821,27.897978763790764,350.0,0.9999996704658519,0.032953414804069325,completed,,133,The solver successfully reached the end of the integration interval.
1.8,0.2871745887492587,10.07982806509898,1.114304721019039,2.0057484978342703,2.7822796002944132,5.9023328191477225,1.0,38.95334892634832,30.676922389264448,350.0,0.9999996575678703,0.034243212969158776,completed,,123,The solver successfully reached the end of the integration interval.
2.0,0.2871745887492587,10.07982806509898,1.114304721019039,2.228609442038078,2.7822796002944132,6.125193763351531,1.0,41.83337281787777,33.19673384749015,350.0,0.9999996442833295,0.035571667045587674,completed,,117,The solver successfully reached the end of the integration interval.
2.2,0.2871745887492587,10.07982806509898,1.114304721019039,2.451470386241886,2.7822796002944132,6.348054707555338,1.0,44.323957754483445,35.45885738330607,350.0,0.9999996306304676,0.03693695324182045,completed,,113,The solver successfully reached the end of the integration interval.
2.4000000000000004,0.2871745887492587,10.07982806509898,1.114304721019039,2.6743313304456944,2.7822796002944132,6.5709156517591465,1.0,46.447085263638016,37.46980527247277,350.0,0.9999996166303647,0.03833696352376137,completed,,109,The solver successfully reached the end of the integration interval.
2.6,0.2871745887492587,10.07982806509898,1.114304721019039,2.897192274649502,2.7822796002944132,6.793776595962954,1.0,48.22996735219888,39.240064953438534,350.0,0.9999996023055716,0.03976944283931516,completed,,105,The solver successfully reached the end of the integration interval.
2.8,0.2871745887492587,10.07982806509898,1.114304721019039,3.120053218853309,2.7822796002944132,7.016637540166761,1.0,49.70285190159868,40.78317381147012,350.0,0.9999995876789767,0.04123210233228747,completed,,103,The solver successfully reached the end of the integration interval.
2.9968749999999997,0.2871745887492587,10.07982806509898,1.114304721019039,3.3394319608039327,2.7822796002944132,7.236016282117385,1.0,50.88052830369575,42.0954452749705,350.0,0.9999995730079345,0.04269920654769521,completed,,106,The solver successfully reached the end of the integration interval.
3.0,0.2871745887492587,10.07982806509898,1.114304721019039,3.3429141630571175,2.7822796002944132,7.23949848437057,1.0,50.897208175987465,42.11470744472117,350.0,0.9999995727729898,0.04272270102228504,completed,,106,The solver successfully reached the end of the integration interval.
3.2,0.2871745887492587,10.07982806509898,1.114304721019039,3.5657751072609254,2.7822796002944132,7.462359428574378,1.0,51.844263544353055,43.25135727362992,350.0,0.9999995576088969,0.04423911031335592,completed,,105,The solver successfully reached the end of the integration interval.
3.4000000000000004,0.2871745887492587,10.07982806509898,1.114304721019039,3.7886360514647333,2.7822796002944132,7.685220372778185,1.0,52.57398753584326,44.210275138233605,350.0,0.9999995422065654,0.04577934346161783,completed,,102,The solver successfully reached the end of the integration interval.
3.6,0.2871745887492587,10.07982806509898,1.114304721019039,4.011496995668541,2.7822796002944132,7.908081316981993,1.0,53.1143716420032,45.008447016466775,350.0,0.9999995265841629,0.047341583704110235,completed,,102,The solver successfully reached the end of the integration interval.
3.8000000000000003,0.2871745887492587,10.07982806509898,1.114304721019039,4.234357939872349,2.7822796002944132,8.130942261185801,1.0,53.491024192061744,45.66226491987945,350.0,0.9999995107580908,0.04892419092357159,completed,,99,The solver successfully reached the end of the integration interval.
4.0,0.2871745887492587,10.07982806509898,1.114304721019039,4.457218884076156,2.7822796002944132,8.353803205389609,1.0,53.72698397261719,46.187225874493464,350.0,0.9999994947429888,0.05052570112457033,completed,,96,The solver successfully reached the end of the integration interval.
4.2,0.2871745887492587,10.07982806509898,1.114304721019039,4.680079828279965,2.7822796002944132,8.576664149593416,1.0,53.842715957568686,46.5977420581668,350.0,0.999999478551817,0.05214481829898432,completed,,96,The solver successfully reached the end of the integration interval.
4.4,0.2871745887492587,10.07982806509898,1.114304721019039,4.902940772483772,2.7822796002944132,8.799525093797225,1.0,53.85622709289074,46.90705242063955,350.0,0.9999994621959829,0.05378040170762688,completed,,93,The solver successfully reached the end of the integration interval.
4.6,0.2871745887492587,10.07982806509898,1.114304721019039,5.12580171668758,2.7822796002944132,9.02238603800103,1.0,53.78318165161944,47.127163411348235,350.0,0.9999994456854169,0.055431458313250914,completed,,94,The solver successfully reached the end of the integration interval.
4.800000000000001,0.2871745887492587,10.07982806509898,1.114304721019039,5.348662660891389,2.7822796002944132,9.24524698220484,1.0,53.63718332685751,47.26891926990579,350.0,0.9999994290288097,0.05709711903182324,completed,,93,The solver successfully reached the end of the integration interval.
5.0,0.2871745887492587,10.07982806509898,1.114304721019039,5.571523605095195,2.7822796002944132,9.468107926408647,1.0,53.42999022299069,47.3420328521099,350.0,0.9999994122337016,0.058776629841304384,completed,,91,The solver successfully reached the end of the integration interval.
1.0,0.32987697769322355,11.578681917032144,0.9700586025666549,0.9700586025666549,2.4221150732836167,4.3622322784169265,1.0,24.479232158653062,18.722689148804477,350.0,0.9999997731962867,0.0226803713303525,completed,,176,The solver successfully reached the end of the integration interval.
1.2,0.32987697769322355,11.578681917032144,0.9700586025666549,1.1640703230799858,2.4221150732836167,4.556243998930258,1.0,29.200816688833843,22.37977881003176,350.0,0.9999997643275073,0.023567249270854518,completed,,168,The solver successfully reached the end of the integration interval.
1.4,0.32987697769322355,11.578681917032144,0.9700586025666549,1.3580820435933167,2.4221150732836167,4.750255719443588,1.0,33.55657817093123,25.823837677196504,350.0,0.9999997551505411,0.02448494589771144,completed,,166,The solver successfully reached the end of the integration interval.
1.6,0.32987697769322355,11.578681917032144,0.9700586025666549,1.552093764106648,2.4221150732836167,4.944267439956919,1.0,37.515296258956575,29.032254510467038,350.0,0.9999997456601112,0.025433988877921365,completed,,139,The solver successfully reached the end of the integration interval.
1.8,0.32987697769322355,11.578681917032144,0.9700586025666549,1.7461054846199788,2.4221150732836167,5.138279160470251,1.0,41.06350604167602,31.991193967006705,350.0,0.9999997358587338,0.026414126623421907,completed,,129,The solver successfully reached the end of the integration interval.
2.0,0.32987697769322355,11.578681917032144,0.9700586025666549,1.9401172051333098,2.4221150732836167,5.332290880983582,1.0,44.2018026221572,34.694065023650325,350.0,0.9999997257545542,0.027424544576206245,completed,,125,The solver successfully reached the end of the integration interval.
2.2,0.32987697769322355,11.578681917032144,0.9700586025666549,2.1341289256466407,2.4221150732836167,5.526302601496912,1.0,46.9413804611206,37.14028712559274,350.0,0.9999997153596291,0.02846403709554579,completed,,119,The solver successfully reached the end of the integration interval.
2.4000000000000004,0.32987697769322355,11.578681917032144,0.9700586025666549,2.328140646159972,2.4221150732836167,5.720314322010244,1.0,49.301759816398146,39.334432459165726,350.0,0.999999704688664,0.029531133608543314,completed,,115,The solver successfully reached the end of the integration interval.
2.6,0.32987697769322355,11.578681917032144,0.9700586025666549,2.5221523666733026,2.4221150732836167,5.914326042523575,1.0,51.30823985414157,41.28516164059746,350.0,0.9999996937579235,0.03062420764763374,completed,,109,The solver successfully reached the end of the integration interval.
2.8,0.32987697769322355,11.578681917032144,0.9700586025666549,2.7161640871866335,2.4221150732836167,6.108337763036905,1.0,52.98973502704422,43.004321521093225,350.0,0.9999996825843793,0.03174156206659973,completed,,107,The solver successfully reached the end of the integration interval.
2.9968749999999997,0.32987697769322355,11.578681917032144,0.9700586025666549,2.9071443745669434,2.4221150732836167,6.299318050417215,1.0,54.35740154723497,44.48419939695201,350.0,0.9999996713647722,0.03286352277791593,completed,,113,The solver successfully reached the end of the integration interval.
3.0,0.32987697769322355,11.578681917032144,0.9700586025666549,2.9101758076999644,2.4221150732836167,6.302349483550236,1.0,54.376995025606014,44.50606437131151,350.0,0.9999996711850083,0.03288149916625116,completed,,113,The solver successfully reached the end of the integration interval.
3.2,0.32987697769322355,11.578681917032144,0.9700586025666549,3.104187528213296,2.4221150732836167,6.496361204063568,1.0,55.50093111547834,45.80596178641184,350.0,0.9999996595762124,0.034042378756566904,completed,,109,The solver successfully reached the end of the integration interval.
3.4000000000000004,0.32987697769322355,11.578681917032144,0.9700586025666549,3.2981992487266267,2.4221150732836167,6.690372924576899,1.0,56.39172124800083,46.920276611351895,350.0,0.9999996477735776,0.03522264224011451,completed,,110,The solver successfully reached the end of the integration interval.
3.6,0.32987697769322355,11.578681917032144,0.9700586025666549,3.4922109692399577,2.4221150732836167,6.884384645090229,1.0,57.077777453174974,47.86538778914464,350.0,0.9999996357915507,0.036420844931853935,completed,,109,The solver successfully reached the end of the integration interval.
3.8000000000000003,0.32987697769322355,11.578681917032144,0.9700586025666549,3.6862226897532886,2.4221150732836167,7.07839636560356,1.0,57.585362039796514,48.65730581277298,350.0,0.9999996236433454,0.03763566545967478,completed,,106,The solver successfully reached the end of the integration interval.
4.0,0.32987697769322355,11.578681917032144,0.9700586025666549,3.8802344102666195,2.4221150732836167,7.272408086116892,1.0,57.93831865458735,49.31134481997112,350.0,0.9999996113409035,0.03886590964975767,completed,,103,The solver successfully reached the end of the integration interval.
4.2,0.32987697769322355,11.578681917032144,0.9700586025666549,4.074246130779951,2.4221150732836167,7.466419806630222,1.0,58.15799839911657,49.84190399157041,350.0,0.9999995988949106,0.04011050894041546,completed,,101,The solver successfully reached the end of the integration interval.
4.4,0.32987697769322355,11.578681917032144,0.9700586025666549,4.268257851293281,2.4221150732836167,7.660431527143553,1.0,58.26333222765998,50.26234810236956,350.0,0.9999995863148669,0.041368513309862465,completed,,100,The solver successfully reached the end of the integration interval.
4.6,0.32987697769322355,11.578681917032144,0.9700586025666549,4.462269571806612,2.4221150732836167,7.854443247656883,1.0,58.27089859852457,50.584909120013144,350.0,0.9999995736091221,0.04263908779830672,completed,,100,The solver successfully reached the end of the integration interval.
4.800000000000001,0.32987697769322355,11.578681917032144,0.9700586025666549,4.656281292319944,2.4221150732836167,8.048454968170216,1.0,58.19522656783509,50.82073541145158,350.0,0.9999995607850496,0.04392149504565168,completed,,100,The solver successfully reached the end of the integration interval.
5.0,0.32987697769322355,11.578681917032144,0.9700586025666549,4.850293012833275,2.4221150732836167,8.242466688683546,1.0,58.04890785847178,50.97989190588527,350.0,0.999999547849092,0.045215090809506364,completed,,97,The solver successfully reached the end of the integration interval.
1.0,0.37892914162759955,13.300412871128742,0.8444850628946523,0.8444850628946523,2.1085736414150853,3.79754376720439,1.0,25.52843324055385,19.34099516728747,350.0,0.9999998240964947,0.01759035052964464,completed,,179,The solver successfully reached the end of the integration interval.
1.2,0.37892914162759955,13.300412871128742,0.8444850628946523,1.0133820754735827,2.1085736414150853,3.96644077978332,1.0,30.507254862081133,23.15265428206688,350.0,0.9999998173508643,0.01826491356769111,completed,,175,The solver successfully reached the end of the integration interval.
1.4,0.37892914162759955,13.300412871128742,0.8444850628946523,1.1822790880525131,2.1085736414150853,4.13533779236225,1.0,35.124290971564584,26.758607222355625,350.0,0.9999998103702832,0.01896297167695593,completed,,172,The solver successfully reached the end of the integration interval.
1.6,0.37892914162759955,13.300412871128742,0.8444850628946523,1.3511761006314438,2.1085736414150853,4.304234804941181,1.0,39.344660522042965,30.134940587215088,350.0,0.999999803148457,0.019685154300532304,completed,,147,The solver successfully reached the end of the integration interval.
1.8,0.37892914162759955,13.300412871128742,0.8444850628946523,1.5200731132103742,2.1085736414150853,4.473131817520112,1.0,43.151474516472426,33.26633889877456,350.0,0.999999795685294,0.020431470606126823,completed,,141,The solver successfully reached the end of the integration interval.
2.0,0.37892914162759955,13.300412871128742,0.8444850628946523,1.6889701257893046,2.1085736414150853,4.642028830099042,1.0,46.54195517812828,36.144514950043884,350.0,0.9999997879852403,0.0212014759745216,completed,,131,The solver successfully reached the end of the integration interval.
2.2,0.37892914162759955,13.300412871128742,0.8444850628946523,1.8578671383682352,2.1085736414150853,4.810925842677973,1.0,49.52473665265517,38.76725976370734,350.0,0.9999997800560986,0.021994390146574005,completed,,125,The solver successfully reached the end of the integration interval.
2.4000000000000004,0.37892914162759955,13.300412871128742,0.8444850628946523,2.026764150947166,2.1085736414150853,4.979822855256904,1.0,52.11702939417041,41.1374078295699,350.0,0.9999997719079943,0.02280920057091862,completed,,120,The solver successfully reached the end of the integration interval.
2.6,0.37892914162759955,13.300412871128742,0.8444850628946523,2.195661163526096,2.1085736414150853,5.148719867835833,1.0,54.34251374142539,43.26210208350212,350.0,0.9999997635525801,0.023644741988391615,completed,,115,The solver successfully reached the end of the integration interval.
2.8,0.37892914162759955,13.300412871128742,0.8444850628946523,2.3645581761050263,2.1085736414150853,5.317616880414764,1.0,56.229062502381744,45.15176365540619,350.0,0.999999755002348,0.02449976520438213,completed,,113,The solver successfully reached the end of the integration interval.
2.9968749999999997,0.37892914162759955,13.300412871128742,0.8444850628946523,2.530816172862411,2.1085736414150853,5.483874877172148,1.0,57.78445510626269,46.794930254983996,350.0,0.999999746407859,0.025359214094351046,completed,,118,The solver successfully reached the end of the integration interval.
3.0,0.37892914162759955,13.300412871128742,0.8444850628946523,2.533455188683957,2.1085736414150853,5.4865138929936945,1.0,57.806890923177725,46.81935063212444,350.0,0.9999997462700823,0.025372991774929687,completed,,118,The solver successfully reached the end of the integration interval.
3.2,0.37892914162759955,13.300412871128742,0.8444850628946523,2.7023522012628876,2.1085736414150853,5.655410905572625,1.0,59.10679520346771,48.27941487986267,350.0,0.9999997373683707,0.026263162930263206,completed,,116,The solver successfully reached the end of the integration interval.
3.4000000000000004,0.37892914162759955,13.300412871128742,0.8444850628946523,2.871249213841818,2.1085736414150853,5.824307918151556,1.0,60.15920042665015,49.54745896402138,350.0,0.9999997283093489,0.027169065113412216,completed,,115,The solver successfully reached the end of the integration interval.
3.6,0.37892914162759955,13.300412871128742,0.8444850628946523,3.0401462264207484,2.1085736414150853,5.993204930730486,1.0,60.99300282892756,50.63929451601459,350.0,0.9999997191044272,0.02808955727959983,completed,,114,The solver successfully reached the end of the integration interval.
3.8000000000000003,0.37892914162759955,13.300412871128742,0.8444850628946523,3.209043238999679,2.1085736414150853,6.162101943309417,1.0,61.635104999591505,51.57055126566378,350.0,0.9999997097641731,0.029023582697845995,completed,,114,The solver successfully reached the end of the integration interval.
4.0,0.37892914162759955,13.300412871128742,0.8444850628946523,3.377940251578609,2.1085736414150853,6.330998955888346,1.0,62.110077437039735,52.35631945327492,350.0,0.9999997002982381,0.02997017618326936,completed,,110,The solver successfully reached the end of the integration interval.
4.2,0.37892914162759955,13.300412871128742,0.8444850628946523,3.54683726415754,2.1085736414150853,6.4998959684672775,1.0,62.440042500377736,53.010902153836646,350.0,0.9999996907153514,0.030928464853786863,completed,,108,The solver successfully reached the end of the integration interval.
4.4,0.37892914162759955,13.300412871128742,0.8444850628946523,3.7157342767364705,2.1085736414150853,6.6687929810462085,1.0,62.64469944309287,53.54766538566825,350.0,0.9999996810233353,0.03189766647119541,completed,,105,The solver successfully reached the end of the integration interval.
4.6,0.37892914162759955,13.300412871128742,0.8444850628946523,3.8846312893154002,2.1085736414150853,6.837689993625138,1.0,62.74145449469684,53.97897108559899,350.0,0.999999671229169,0.03287708309653681,completed,,105,The solver successfully reached the end of the integration interval.
4.800000000000001,0.37892914162759955,13.300412871128742,0.8444850628946523,4.053528301894332,2.1085736414150853,7.006587006204069,1.0,62.74551989117499,54.31611180863452,350.0,0.9999996613389971,0.03386610028974246,completed,,104,The solver successfully reached the end of the integration interval.
5.0,0.37892914162759955,13.300412871128742,0.8444850628946523,4.222425314473261,2.1085736414150853,7.175484018782998,1.0,62.67022267169558,54.569381951483365,350.0,0.9999996513582781,0.03486417219392024,completed,,104,The solver successfully reached the end of the integration interval.
1.0,0.43527528164806206,15.278162385846976,0.7351669471981024,0.7351669471981024,1.835619971285262,3.3059538656814667,1.0,26.57505496693177,19.94718994278054,350.0,0.9999998631522614,0.01368477386131417,completed,,183,The solver successfully reached the end of the integration interval.
1.2,0.43527528164806206,15.278162385846976,0.7351669471981024,0.8822003366377228,1.835619971285262,3.452987255121087,1.0,31.80669076216959,23.907751580303955,350.0,0.9999998580084307,0.014199156925315037,completed,,181,The solver successfully reached the end of the integration interval.
1.4,0.43527528164806206,15.278162385846976,0.7351669471981024,1.0292337260773432,1.835619971285262,3.6000206445607077,1.0,36.67949013518471,27.669041676118816,350.0,0.9999998526853352,0.014731466479133815,completed,,177,The solver successfully reached the end of the integration interval.
1.6,0.43527528164806206,15.278162385846976,0.7351669471981024,1.176267115516964,1.835619971285262,3.747054034000328,1.0,41.15498033633018,31.205927276164797,350.0,0.9999998471764833,0.015282351669156924,completed,,173,The solver successfully reached the end of the integration interval.
1.8,0.43527528164806206,15.278162385846976,0.7351669471981024,1.3233005049565842,1.835619971285262,3.8940874234399487,1.0,45.21302475646593,34.501750150827135,350.0,0.9999998414802969,0.015851970310905017,completed,,148,The solver successfully reached the end of the integration interval.
2.0,0.43527528164806206,15.278162385846976,0.7351669471981024,1.4703338943962048,1.835619971285262,4.041120812879569,1.0,48.84775674961596,37.54676202899251,350.0,0.9999998355988614,0.016440113860880956,completed,,137,The solver successfully reached the end of the integration interval.
2.2,0.43527528164806206,15.278162385846976,0.7351669471981024,1.6173672838358253,1.835619971285262,4.18815420231919,1.0,52.0653382789425,40.3372589695662,350.0,0.9999998295370572,0.017046294276951812,completed,,131,The solver successfully reached the end of the integration interval.
2.4000000000000004,0.43527528164806206,15.278162385846976,0.7351669471981024,1.764400673275446,1.835619971285262,4.33518759175881,1.0,54.88100442622192,42.87466768998349,350.0,0.9999998233017637,0.01766982363187708,completed,,127,The solver successfully reached the end of the integration interval.
2.6,0.43527528164806206,15.278162385846976,0.7351669471981024,1.9114340627150663,1.835619971285262,4.482220981198431,1.0,57.31707973315005,45.16478288903603,350.0,0.9999998169012817,0.01830987182620447,completed,,122,The solver successfully reached the end of the integration interval.
2.8,0.43527528164806206,15.278162385846976,0.7351669471981024,2.0584674521546864,1.835619971285262,4.629254370638051,1.0,59.400692062175075,47.21686955885766,350.0,0.9999998103447789,0.018965522103826515,completed,,119,The solver successfully reached the end of the integration interval.
2.9968749999999997,0.43527528164806206,15.278162385846976,0.7351669471981024,2.2032034448843127,1.835619971285262,4.773990363367678,1.0,61.136647680642206,49.01607624072683,350.0,0.9999998037476607,0.019625233922852203,completed,,125,The solver successfully reached the end of the integration interval.
3.0,0.43527528164806206,15.278162385846976,0.7351669471981024,2.205500841594307,1.835619971285262,4.776287760077672,1.0,61.161842552947874,49.04293817911174,350.0,0.9999998036418515,0.019635814853245392,completed,,125,The solver successfully reached the end of the integration interval.
3.2,0.43527528164806206,15.278162385846976,0.7351669471981024,2.352534231033928,1.835619971285262,4.923321149517292,1.0,62.6314869106532,50.656736638810784,350.0,0.9999997968021259,0.020319787407061085,completed,,125,The solver successfully reached the end of the integration interval.
3.4000000000000004,0.43527528164806206,15.278162385846976,0.7351669471981024,2.4995676204735484,1.835619971285262,5.070354538956913,1.0,63.840536062473454,52.07318402644101,350.0,0.9999997898350227,0.02101649773248937,completed,,120,The solver successfully reached the end of the integration interval.
3.6,0.43527528164806206,15.278162385846976,0.7351669471981024,2.6466010099131685,1.835619971285262,5.217387928396533,1.0,64.8185357300127,53.30764185126373,350.0,0.9999997827495194,0.021725048063672148,completed,,120,The solver successfully reached the end of the integration interval.
3.8000000000000003,0.43527528164806206,15.278162385846976,0.7351669471981024,2.7936343993527895,1.835619971285262,5.364421317836154,1.0,65.5931457490961,54.375437694443384,350.0,0.9999997755540256,0.022444597430876456,completed,,120,The solver successfully reached the end of the integration interval.
4.0,0.43527528164806206,15.278162385846976,0.7351669471981024,2.9406677887924095,1.835619971285262,5.5114547072757745,1.0,66.18972752941478,55.29148384180482,350.0,0.9999997682563001,0.02317436998418998,completed,,118,The solver successfully reached the end of the integration interval.
4.2,0.43527528164806206,15.278162385846976,0.7351669471981024,3.08770117823203,1.835619971285262,5.658488096715395,1.0,66.63117460244126,56.069994998642926,350.0,0.9999997608634231,0.023913657685625367,completed,,115,The solver successfully reached the end of the integration interval.
4.4,0.43527528164806206,15.278162385846976,0.7351669471981024,3.2347345676716506,1.835619971285262,5.8055214861550155,1.0,66.93791216396046,56.724321405804844,350.0,0.9999997533817953,0.024661820469191298,completed,,112,The solver successfully reached the end of the integration interval.
4.6,0.43527528164806206,15.278162385846976,0.7351669471981024,3.3817679571112707,1.835619971285262,5.952554875594635,1.0,67.12800512572711,57.26685130962272,350.0,0.9999997458171604,0.025418283956241794,completed,,109,The solver successfully reached the end of the integration interval.
4.800000000000001,0.43527528164806206,15.278162385846976,0.7351669471981024,3.528801346550892,1.835619971285262,6.0995882650342566,1.0,67.21734391111286,57.708992607689105,350.0,0.9999997381746507,0.02618253492983058,completed,,111,The solver successfully reached the end of the integration interval.
5.0,0.43527528164806206,15.278162385846976,0.7351669471981024,3.675834735990512,1.835619971285262,6.246621654473877,1.0,67.21976875646848,58.06113495709773,350.0,0.9999997304588011,0.026954119894071482,completed,,109,The solver successfully reached the end of the integration interval.
1.0,0.5,17.549999999999997,0.64,0.64,1.598,2.878,1.0,27.618590278710613,20.541445798762016,350.0,0.9999998931799691,0.010682003092369996,completed,,183,The solver successfully reached the end of the integration interval.
1.2,0.5,17.549999999999997,0.64,0.768,1.598,3.0060000000000002,1.0,33.09838322598058,24.645383716457054,350.0,0.999999889246382,0.011075361806433648,completed,,182,The solver successfully reached the end of the integration interval.
1.4,0.5,17.549999999999997,0.64,0.8959999999999999,1.598,3.1340000000000003,1.0,38.22093759337262,28.55548905468564,350.0,0.9999998851757983,0.011482420173706487,completed,,184,The solver successfully reached the end of the integration interval.
1.6,0.5,17.549999999999997,0.64,1.024,1.598,3.2620000000000005,1.0,42.94432975648837,32.24552498663309,350.0,0.9999998809619831,0.011903801685548387,completed,,179,The solver successfully reached the end of the integration interval.
1.8,0.5,17.549999999999997,0.64,1.1520000000000001,1.598,3.3900000000000006,1.0,47.24510683961978,35.69751351133273,350.0,0.9999998766026023,0.012339739769231528,completed,,154,The solver successfully reached the end of the integration interval.
2.0,0.5,17.549999999999997,0.64,1.28,1.598,3.518,1.0,51.11455356675493,38.90040943539602,350.0,0.9999998720982582,0.012790174179826863,completed,,143,The solver successfully reached the end of the integration interval.
2.2,0.5,17.549999999999997,0.64,1.4080000000000001,1.598,3.646,1.0,54.55639121139004,41.84913592196591,350.0,0.999999867451859,0.013254814097308554,completed,,137,The solver successfully reached the end of the integration interval.
2.4000000000000004,0.5,17.549999999999997,0.64,1.5360000000000003,1.598,3.774,1.0,57.58413313048128,44.5438677123081,350.0,0.9999998626680198,0.013733198022237048,completed,,132,The solver successfully reached the end of the integration interval.
2.6,0.5,17.549999999999997,0.64,1.6640000000000001,1.598,3.902,1.0,60.219042000886645,46.989311449070804,350.0,0.9999998577526206,0.014224737940821797,completed,,129,The solver successfully reached the end of the integration interval.
2.8,0.5,17.549999999999997,0.64,1.7919999999999998,1.598,4.03,1.0,62.48779789505245,49.193787574564205,350.0,0.9999998527123765,0.014728762354934588,completed,,127,The solver successfully reached the end of the integration interval.
2.9968749999999997,0.5,17.549999999999997,0.64,1.918,1.598,4.156,1.0,64.39272904083226,51.13939545694727,350.0,0.9999998476359532,0.015236404680763371,completed,,133,The solver successfully reached the end of the integration interval.
3.0,0.5,17.549999999999997,0.64,1.92,1.598,4.158,1.0,64.42050215274223,51.168549190273595,350.0,0.9999998475544942,0.015244550580973737,completed,,133,The solver successfully reached the end of the integration interval.
3.2,0.5,17.549999999999997,0.64,2.048,1.598,4.2860000000000005,1.0,66.04865891854355,52.92680690328297,350.0,0.9999998422863324,0.015771366757689975,completed,,131,The solver successfully reached the end of the integration interval.
3.4000000000000004,0.5,17.549999999999997,0.64,2.176,1.598,4.414000000000001,1.0,67.40399034726988,54.48308874914011,350.0,0.9999998369152022,0.016308479782310314,completed,,127,The solver successfully reached the end of the integration interval.
3.6,0.5,17.549999999999997,0.64,2.3040000000000003,1.598,4.542000000000001,1.0,68.51700828362567,55.85252098068567,350.0,0.9999998314481594,0.01685518406156916,completed,,126,The solver successfully reached the end of the integration interval.
3.8000000000000003,0.5,17.549999999999997,0.64,2.4320000000000004,1.598,4.670000000000001,1.0,69.4163666519675,57.05028388238367,350.0,0.9999998258918815,0.017410811851732433,completed,,125,The solver successfully reached the end of the integration interval.
4.0,0.5,17.549999999999997,0.64,2.56,1.598,4.798,1.0,70.12838231381922,58.09120936091391,350.0,0.9999998202525916,0.017974740840145387,completed,,124,The solver successfully reached the end of the integration interval.
4.2,0.5,17.549999999999997,0.64,2.688,1.598,4.926,1.0,70.67682742532483,58.9894939507556,350.0,0.9999998145360138,0.0185463986126706,completed,,121,The solver successfully reached the end of the integration interval.
4.4,0.5,17.549999999999997,0.64,2.8160000000000003,1.598,5.054,1.0,71.08290693951294,59.75851535768803,350.0,0.999999808747357,0.01912526429805439,completed,,119,The solver successfully reached the end of the integration interval.
4.6,0.5,17.549999999999997,0.64,2.944,1.598,5.182,1.0,71.36535039250782,60.41071236385315,350.0,0.9999998028913292,0.019710867083631456,completed,,116,The solver successfully reached the end of the integration interval.
4.800000000000001,0.5,17.549999999999997,0.64,3.0720000000000005,1.598,5.3100000000000005,1.0,71.54059169913866,60.95754180331666,350.0,0.9999997969721559,0.020302784410887398,completed,,116,The solver successfully reached the end of the integration interval.
5.0,0.5,17.549999999999997,0.64,3.2,1.598,5.438000000000001,1.0,71.62300187901283,61.40950585248639,350.0,0.9999997909936175,0.020900638250168413,completed,,115,The solver successfully reached the end of the integration interval.
1.0,0.5743491774985175,20.159656130197963,0.5571523605095194,0.5571523605095194,1.3911398001472064,2.505444521166245,1.0,28.658728080437186,21.124045686643743,350.0,0.9999999163181083,0.008368189170141704,completed,,189,The solver successfully reached the end of the integration interval.
1.2,0.5743491774985175,20.159656130197963,0.5571523605095194,0.6685828326114233,1.3911398001472064,2.6168749932681488,1.0,34.38178898306161,25.36596216627461,350.0,0.9999999133005345,0.008669946546433493,completed,,185,The solver successfully reached the end of the integration interval.
1.4,0.5743491774985175,20.159656130197963,0.5571523605095194,0.7800133047133272,1.3911398001472064,2.7283054653700534,1.0,39.74778150671581,29.418509940755445,350.0,0.9999999101780054,0.008982199462479912,completed,,186,The solver successfully reached the end of the integration interval.
1.6,0.5743491774985175,20.159656130197963,0.5571523605095194,0.8914437768152311,1.3911398001472064,2.839735937471957,1.0,44.711243223618546,33.25432065691722,350.0,0.9999999069447888,0.009305521118221804,completed,,188,The solver successfully reached the end of the integration interval.
1.8,0.5743491774985175,20.159656130197963,0.5571523605095194,1.002874248917135,1.3911398001472064,2.951166409573861,1.0,49.245455868853035,36.85420790523599,350.0,0.9999999035982314,0.009640176853281446,completed,,180,The solver successfully reached the end of the integration interval.
2.0,0.5743491774985175,20.159656130197963,0.5571523605095194,1.1143047210190389,1.3911398001472064,3.0625968816757645,1.0,53.33879244663451,40.20577099335581,350.0,0.9999999001380487,0.009986195131205022,completed,,150,The solver successfully reached the end of the integration interval.
2.2,0.5743491774985175,20.159656130197963,0.5571523605095194,1.2257351931209428,1.3911398001472064,3.1740273537776686,1.0,56.99265656720418,43.30274276843778,350.0,0.9999998965658361,0.010343416390242055,completed,,146,The solver successfully reached the end of the integration interval.
2.4000000000000004,0.5743491774985175,20.159656130197963,0.5571523605095194,1.3371656652228467,1.3911398001472064,3.285457825879573,1.0,60.21897926688792,46.14413475179497,350.0,0.9999998928846371,0.010711536291637458,completed,,140,The solver successfully reached the end of the integration interval.
2.6,0.5743491774985175,20.159656130197963,0.5571523605095194,1.4485961373247507,1.3911398001472064,3.3968882979814765,1.0,63.03810859980072,48.7336895853458,350.0,0.9999998890986086,0.011090139145380817,completed,,153,The solver successfully reached the end of the integration interval.
2.8,0.5743491774985175,20.159656130197963,0.5571523605095194,1.5600266094266544,1.3911398001472064,3.5083187700833802,1.0,65.47663742493626,51.078997549640334,350.0,0.9999998852126558,0.0114787344209617,completed,,149,The solver successfully reached the end of the integration interval.
2.9968749999999997,0.5743491774985175,20.159656130197963,0.5571523605095194,1.669715980401966,1.3911398001472064,3.6180081410586915,1.0,67.53501814907412,53.15951852708499,350.0,0.9999998812950929,0.011870490707224235,completed,,147,The solver successfully reached the end of the integration interval.
3.0,0.5743491774985175,20.159656130197963,0.5571523605095194,1.6714570815285583,1.3911398001472064,3.619749242185284,1.0,67.56512275187663,53.19078240747025,350.0,0.9999998812321997,0.01187678003043402,completed,,147,The solver successfully reached the end of the integration interval.
3.2,0.5743491774985175,20.159656130197963,0.5571523605095194,1.7828875536304623,1.3911398001472064,3.7311797142871876,1.0,69.33610400795499,55.08196537263769,350.0,0.9999998771628943,0.012283710573683493,completed,,146,The solver successfully reached the end of the integration interval.
3.4000000000000004,0.5743491774985175,20.159656130197963,0.5571523605095194,1.8943180257323662,1.3911398001472064,3.8426101863890922,1.0,70.82243508223128,56.76689575243798,350.0,0.9999998730104213,0.012698957871180028,completed,,142,The solver successfully reached the end of the integration interval.
3.6,0.5743491774985175,20.159656130197963,0.5571523605095194,2.00574849783427,1.3911398001472064,3.954040658490996,1.0,72.05601341078328,58.26066243353873,350.0,0.9999998687803449,0.013121965515892953,completed,,143,The solver successfully reached the end of the integration interval.
3.8000000000000003,0.5743491774985175,20.159656130197963,0.5571523605095194,2.117178969936174,1.3911398001472064,4.0654711305929,1.0,73.06681148317253,59.578496737914854,350.0,0.9999998644779676,0.013552203236031346,completed,,142,The solver successfully reached the end of the integration interval.
4.0,0.5743491774985175,20.159656130197963,0.5571523605095194,2.2286094420380778,1.3911398001472064,4.176901602694803,1.0,73.88239843183784,60.73534756666359,350.0,0.9999998601082759,0.013989172410219908,completed,,130,The solver successfully reached the end of the integration interval.
4.2,0.5743491774985175,20.159656130197963,0.5571523605095194,2.340039914139982,1.3911398001472064,4.288332074796708,1.0,74.5276513094756,61.74552488550458,350.0,0.9999998556759031,0.014432409690925851,completed,,128,The solver successfully reached the end of the integration interval.
4.4,0.5743491774985175,20.159656130197963,0.5571523605095194,2.4514703862418856,1.3911398001472064,4.399762546898612,1.0,75.02466501457657,62.62251087919527,350.0,0.9999998511850802,0.014881491981213912,completed,,126,The solver successfully reached the end of the integration interval.
4.6,0.5743491774985175,20.159656130197963,0.5571523605095194,2.5629008583437893,1.3911398001472064,4.511193019000515,1.0,75.39290378827928,63.378850637780495,350.0,0.9999998466396512,0.015336034877691418,completed,,124,The solver successfully reached the end of the integration interval.
4.800000000000001,0.5743491774985175,20.159656130197963,0.5571523605095194,2.6743313304456935,1.3911398001472064,4.622623491102419,1.0,75.64938035744642,64.02610482768338,350.0,0.9999998420430875,0.01579569125897251,completed,,123,The solver successfully reached the end of the integration interval.
5.0,0.5743491774985175,20.159656130197963,0.5571523605095194,2.785761802547597,1.3911398001472064,4.734053963204323,1.0,75.80890544934165,64.57484638836927,350.0,0.9999998373985071,0.016260149292065762,completed,,120,The solver successfully reached the end of the integration interval.
1.0,0.6597539553864472,23.157363834064295,0.48502930128332733,0.48502930128332733,1.211057536641808,2.181116139208463,1.0,29.69517757500768,21.695270579509693,350.0,0.9999999341915161,0.006580848392331973,completed,,185,The solver successfully reached the end of the integration interval.
1.2,0.6597539553864472,23.157363834064295,0.48502930128332733,0.5820351615399928,1.211057536641808,2.278121999465128,1.0,35.65649685216505,26.069949322008096,350.0,0.999999931868673,0.0068131326988805085,completed,,185,The solver successfully reached the end of the integration interval.
1.4,0.6597539553864472,23.157363834064295,0.48502930128332733,0.6790410217966583,1.211057536641808,2.3751278597217933,1.0,41.25932175284582,30.258756466107535,350.0,0.9999999294651578,0.00705348422343377,completed,,188,The solver successfully reached the end of the integration interval.
1.6,0.6597539553864472,23.157363834064295,0.48502930128332733,0.7760468820533237,1.211057536641808,2.472133719978459,1.0,46.45477361183026,34.23316410095663,350.0,0.9999999269758387,0.007302416124730371,completed,,192,The solver successfully reached the end of the integration interval.
1.8,0.6597539553864472,23.157363834064295,0.48502930128332733,0.8730527423099892,1.211057536641808,2.5691395802351247,1.0,51.21247674829847,37.9727026645838,350.0,0.9999999243980174,0.0075601982534863055,completed,,187,The solver successfully reached the end of the integration interval.
2.0,0.6597539553864472,23.157363834064295,0.48502930128332733,0.9700586025666547,1.211057536641808,2.66614544049179,1.0,55.51796439566863,41.46372633401235,350.0,0.9999999217308952,0.007826910470612347,completed,,160,The solver successfully reached the end of the integration interval.
2.2,0.6597539553864472,23.157363834064295,0.48502930128332733,1.0670644628233201,1.211057536641808,2.763151300748455,1.0,59.37026521542749,44.69869911080213,350.0,0.9999999189752183,0.00810247816843912,completed,,152,The solver successfully reached the end of the integration interval.
2.4000000000000004,0.6597539553864472,23.157363834064295,0.48502930128332733,1.1640703230799858,1.211057536641808,2.8601571610051213,1.0,62.77979376048305,47.67561636632857,350.0,0.9999999161329404,0.008386705958400853,completed,,147,The solver successfully reached the end of the integration interval.
2.6,0.6597539553864472,23.157363834064295,0.48502930128332733,1.261076183336651,1.211057536641808,2.9571630212617865,1.0,65.76622636736745,50.39734881378868,350.0,0.9999999132069838,0.008679301623487845,completed,,161,The solver successfully reached the end of the integration interval.
2.8,0.6597539553864472,23.157363834064295,0.48502930128332733,1.3580820435933165,1.211057536641808,3.054168881518452,1.0,68.35629600103074,52.87091520257944,350.0,0.9999999102009546,0.008979904538136907,completed,,153,The solver successfully reached the end of the integration interval.
2.9968749999999997,0.6597539553864472,23.157363834064295,0.48502930128332733,1.4535721872834715,1.211057536641808,3.1496590252086065,1.0,70.54930684407414,55.0735330830794,350.0,0.9999999071676637,0.009283233623136766,completed,,154,The solver successfully reached the end of the integration interval.
3.0,0.6597539553864472,23.157363834064295,0.48502930128332733,1.455087903849982,1.211057536641808,3.151174741775117,1.0,70.58143897546594,55.10670124782786,350.0,0.9999999071189452,0.009288105487939902,completed,,154,The solver successfully reached the end of the integration interval.
3.2,0.6597539553864472,23.157363834064295,0.48502930128332733,1.5520937641066475,1.211057536641808,3.2481806020317823,1.0,72.47558429192361,57.11754006631114,350.0,0.9999999039653121,0.009603468788554892,completed,,154,The solver successfully reached the end of the integration interval.
3.4000000000000004,0.6597539553864472,23.157363834064295,0.48502930128332733,1.6490996243633131,1.211057536641808,3.3451864622884484,1.0,74.073305117219,58.91788290220528,350.0,0.9999999007445002,0.009925549980835058,completed,,150,The solver successfully reached the end of the integration interval.
3.6,0.6597539553864472,23.157363834064295,0.48502930128332733,1.7461054846199784,1.211057536641808,3.4421923225451136,1.0,75.40829284673009,60.52301578332088,350.0,0.9999998974609065,0.010253909349557944,completed,,144,The solver successfully reached the end of the integration interval.
3.8000000000000003,0.6597539553864472,23.157363834064295,0.48502930128332733,1.843111344876644,1.211057536641808,3.539198182801779,1.0,76.51230148972044,61.94842418175498,350.0,0.9999998941187769,0.010588122313492931,completed,,146,The solver successfully reached the end of the integration interval.
4.0,0.6597539553864472,23.157363834064295,0.48502930128332733,1.9401172051333093,1.211057536641808,3.636204043058444,1.0,77.41445313230709,63.209322497202116,350.0,0.9999998907221201,0.010927787981927395,completed,,147,The solver successfully reached the end of the integration interval.
4.2,0.6597539553864472,23.157363834064295,0.48502930128332733,2.037123065389975,1.211057536641808,3.7332099033151103,1.0,78.14100156124178,64.32032709112654,350.0,0.9999998872746795,0.01127253205049783,completed,,145,The solver successfully reached the end of the integration interval.
4.4,0.6597539553864472,23.157363834064295,0.48502930128332733,2.1341289256466403,1.211057536641808,3.8302157635717755,1.0,78.71517815986661,65.29519958425182,350.0,0.9999998837798987,0.011622010133578442,completed,,141,The solver successfully reached the end of the integration interval.
4.6,0.6597539553864472,23.157363834064295,0.48502930128332733,2.2311347859033055,1.211057536641808,3.9272216238284408,1.0,79.15730568688272,66.14665608054533,350.0,0.9999998802409203,0.01197590796800796,completed,,139,The solver successfully reached the end of the integration interval.
4.800000000000001,0.6597539553864472,23.157363834064295,0.48502930128332733,2.3281406461599716,1.211057536641808,4.024227484085107,1.0,79.48503700306262,66.88642752235354,350.0,0.9999998766605889,0.012333941107499413,completed,,138,The solver successfully reached the end of the integration interval.
5.0,0.6597539553864472,23.157363834064295,0.48502930128332733,2.4251465064166364,1.211057536641808,4.121233344341771,1.0,79.71361770716805,67.5251590222333,350.0,0.9999998730414662,0.012695853380137123,completed,,116,The solver successfully reached the end of the integration interval.
1.0,0.7578582832551991,26.600825742257484,0.42224253144732615,0.42224253144732615,1.0542868207075426,1.898771883602195,1.0,30.72778996750286,22.25548733290547,350.0,0.999999948035676,0.005196432393859141,completed,,187,The solver successfully reached the end of the integration interval.
1.2,0.7578582832551991,26.600825742257484,0.42224253144732615,0.5066910377367914,1.0542868207075426,1.98322038989166,1.0,36.922289779873694,26.757898776450016,350.0,0.9999999462409633,0.005375903667300008,completed,,188,The solver successfully reached the end of the integration interval.
1.4,0.7578582832551991,26.600825742257484,0.42224253144732615,0.5911395440262566,1.0542868207075426,2.067668896181125,1.0,42.75537402475648,31.077000453603176,350.0,0.9999999443839948,0.005561600526561961,completed,,191,The solver successfully reached the end of the integration interval.
1.6,0.7578582832551991,26.600825742257484,0.42224253144732615,0.6755880503157219,1.0542868207075426,2.1521174024705907,1.0,48.174309105030815,35.183024911576716,350.0,0.999999942460252,0.005753974794060923,completed,,195,The solver successfully reached the end of the integration interval.
1.8,0.7578582832551991,26.600825742257484,0.42224253144732615,0.7600365566051871,1.0542868207075426,2.236565908760056,1.0,53.14510884487148,39.05415717302061,350.0,0.9999999404671431,0.005953285683062859,completed,,193,The solver successfully reached the end of the integration interval.
2.0,0.7578582832551991,26.600825742257484,0.42224253144732615,0.8444850628946523,1.0542868207075426,2.321014415049521,1.0,57.65030145552531,42.67547231734711,350.0,0.9999999384036067,0.0061596393352374434,completed,,171,The solver successfully reached the end of the integration interval.
2.2,0.7578582832551991,26.600825742257484,0.42224253144732615,0.9289335691841176,1.0542868207075426,2.4054629213389864,1.0,61.68634708282118,46.03819201155451,350.0,0.9999999362698268,0.006373017327859998,completed,,158,The solver successfully reached the end of the integration interval.
2.4000000000000004,0.7578582832551991,26.600825742257484,0.42224253144732615,1.013382075473583,1.0542868207075426,2.489911427628452,1.0,65.26223218749382,49.13925897989977,350.0,0.9999999340670294,0.006593297061044723,completed,,154,The solver successfully reached the end of the integration interval.
2.6,0.7578582832551991,26.600825742257484,0.42224253144732615,1.097830581763048,1.0542868207075426,2.5743599339179166,1.0,68.39712097655168,51.98079449437137,350.0,0.999999931797258,0.006820274196797982,completed,,167,The solver successfully reached the end of the integration interval.
2.8,0.7578582832551991,26.600825742257484,0.42224253144732615,1.1822790880525131,1.0542868207075426,2.658808440207382,1.0,71.11819271232885,54.56941854893288,350.0,0.9999999294631633,0.00705368367198389,completed,,162,The solver successfully reached the end of the integration interval.
2.9968749999999997,0.7578582832551991,26.600825742257484,0.42224253144732615,1.2654080864312054,1.0542868207075426,2.741937438586074,1.0,73.42425498699755,56.88045702542694,350.0,0.9999999271057433,0.0072894256736617535,completed,,156,The solver successfully reached the end of the integration interval.
3.0,0.7578582832551991,26.600825742257484,0.42224253144732615,1.2667275943419785,1.0542868207075426,2.7432569464968473,1.0,73.45806406098814,56.91530797226791,350.0,0.999999927067863,0.007293213697266765,completed,,156,The solver successfully reached the end of the integration interval.
3.2,0.7578582832551991,26.600825742257484,0.42224253144732615,1.3511761006314438,1.0542868207075426,2.8277054527863124,1.0,75.45255596904653,59.031406659319686,350.0,0.9999999246147371,0.007538526289863512,completed,,157,The solver successfully reached the end of the integration interval.
3.4000000000000004,0.7578582832551991,26.600825742257484,0.42224253144732615,1.435624606920909,1.0542868207075426,2.912153959075778,1.0,77.13845593938757,60.9324828534511,350.0,0.9999999221072893,0.0077892710687592626,completed,,158,The solver successfully reached the end of the integration interval.
3.6,0.7578582832551991,26.600825742257484,0.42224253144732615,1.5200731132103742,1.0542868207075426,2.996602465365243,1.0,78.55180233674693,62.634281943683725,350.0,0.9999999195490225,0.008045097754802555,completed,,152,The solver successfully reached the end of the integration interval.
3.8000000000000003,0.7578582832551991,26.600825742257484,0.42224253144732615,1.6045216194998395,1.0542868207075426,3.0810509716547085,1.0,79.72659570182006,64.15279665624873,350.0,0.9999999169433488,0.008305665120133199,completed,,153,The solver successfully reached the end of the integration interval.
4.0,0.7578582832551991,26.600825742257484,0.42224253144732615,1.6889701257893046,1.0542868207075426,3.165499477944173,1.0,80.69396776495992,65.50374685080963,350.0,0.9999999142935126,0.008570648729801178,completed,,149,The solver successfully reached the end of the integration interval.
4.2,0.7578582832551991,26.600825742257484,0.42224253144732615,1.77341863207877,1.0542868207075426,3.2499479842336387,1.0,81.48184220177986,66.70217205564218,350.0,0.9999999116025573,0.008839744274155237,completed,,149,The solver successfully reached the end of the integration interval.
4.4,0.7578582832551991,26.600825742257484,0.42224253144732615,1.8578671383682352,1.0542868207075426,3.3343964905231043,1.0,82.11480337061371,67.76220624839424,350.0,0.9999999088732946,0.009112670537433587,completed,,147,The solver successfully reached the end of the integration interval.
4.6,0.7578582832551991,26.600825742257484,0.42224253144732615,1.9423156446577001,1.0542868207075426,3.418844996812569,1.0,82.61423519703645,68.69696006819362,350.0,0.9999999061082994,0.009389170067152008,completed,,147,The solver successfully reached the end of the integration interval.
4.800000000000001,0.7578582832551991,26.600825742257484,0.42224253144732615,2.026764150947166,1.0542868207075426,3.5032935031020345,1.0,82.99853677818635,69.51837547884455,350.0,0.9999999033099027,0.009669009727076627,completed,,146,The solver successfully reached the end of the integration interval.
5.0,0.7578582832551991,26.600825742257484,0.42224253144732615,2.1112126572366305,1.0542868207075426,3.587742009391499,1.0,83.2834355853545,70.23726530661726,350.0,0.9999999004802133,0.0099519786745077,completed,,121,The solver successfully reached the end of the integration interval.
1.0,0.8705505632961241,30.55632477169395,0.3675834735990512,0.3675834735990512,0.917809985642631,1.6529769328407333,1.0,31.7563728752683,22.804994805029217,350.0,0.9999999587908325,0.004120916753890924,completed,,193,The solver successfully reached the end of the integration interval.
1.2,0.8705505632961241,30.55632477169395,0.3675834735990512,0.4411001683188614,0.917809985642631,1.7264936275605436,1.0,38.17902964927703,27.430363631125605,350.0,0.9999999573986529,0.004260134708601981,completed,,186,The solver successfully reached the end of the integration interval.
1.4,0.8705505632961241,30.55632477169395,0.3675834735990512,0.5146168630386716,0.917809985642631,1.8000103222803538,1.0,44.235636517624854,31.87403047090714,350.0,0.9999999559582095,0.004404179053381085,completed,,190,The solver successfully reached the end of the integration interval.
1.6,0.8705505632961241,30.55632477169395,0.3675834735990512,0.588133557758482,0.917809985642631,1.873527017000164,1.0,49.86944317297068,36.104921368670695,350.0,0.9999999544655573,0.004553444261546247,completed,,195,The solver successfully reached the end of the integration interval.
1.8,0.8705505632961241,30.55632477169395,0.3675834735990512,0.6616502524782921,0.917809985642631,1.9470437117199744,1.0,55.04267259403448,40.09984534283036,350.0,0.9999999529182874,0.004708171269157901,completed,,197,The solver successfully reached the end of the integration interval.
2.0,0.8705505632961241,30.55632477169395,0.3675834735990512,0.7351669471981024,0.917809985642631,2.0205604064397846,1.0,59.73446665649561,43.84244886029081,350.0,0.9999999513152255,0.0048684774519642815,completed,,196,The solver successfully reached the end of the integration interval.
2.2,0.8705505632961241,30.55632477169395,0.3675834735990512,0.8086836419179126,0.917809985642631,2.094077101159595,1.0,63.93883323319465,47.32272137830593,350.0,0.9999999496562162,0.005034378380514681,completed,,165,The solver successfully reached the end of the integration interval.
2.4000000000000004,0.8705505632961241,30.55632477169395,0.3675834735990512,0.882200336637723,0.917809985642631,2.167593795879405,1.0,67.66314849657384,50.5365696461724,350.0,0.9999999479419793,0.005205802066484466,completed,,159,The solver successfully reached the end of the integration interval.
2.6,0.8705505632961241,30.55632477169395,0.3675834735990512,0.9557170313575332,0.917809985642631,2.2411104905992154,1.0,70.92610897630507,53.48539663896318,350.0,0.9999999461739278,0.005382607210776769,completed,,159,The solver successfully reached the end of the integration interval.
2.8,0.8705505632961241,30.55632477169395,0.3675834735990512,1.0292337260773432,0.917809985642631,2.3146271853190257,1.0,73.75563365977253,56.1754495937985,350.0,0.9999999443540478,0.005564595223404467,completed,,169,The solver successfully reached the end of the integration interval.
2.9968749999999997,0.8705505632961241,30.55632477169395,0.3675834735990512,1.1016017224421564,0.917809985642631,2.386995181683839,1.0,76.15095765431892,58.58069419580369,350.0,0.999999942514284,0.005748571595177054,completed,,165,The solver successfully reached the end of the integration interval.
3.0,0.8705505632961241,30.55632477169395,0.3675834735990512,1.1027504207971535,0.917809985642631,2.388143880038836,1.0,76.18605461307305,58.616996225743534,350.0,0.9999999424847082,0.005751529170083813,completed,,165,The solver successfully reached the end of the integration interval.
3.2,0.8705505632961241,30.55632477169395,0.3675834735990512,1.176267115516964,0.917809985642631,2.461660574758646,1.0,78.25553294612202,60.823283516432724,350.0,0.9999999405685651,0.005943143492913805,completed,,162,The solver successfully reached the end of the integration interval.
3.4000000000000004,0.8705505632961241,30.55632477169395,0.3675834735990512,1.2497838102367742,0.917809985642631,2.5351772694784565,1.0,80.00366953951291,62.80962288799778,350.0,0.9999999386084047,0.006139159522717819,completed,,160,The solver successfully reached the end of the integration interval.
3.6,0.8705505632961241,30.55632477169395,0.3675834735990512,1.3233005049565842,0.917809985642631,2.6086939641982667,1.0,81.46935402608852,64.59240476727246,350.0,0.9999999366070469,0.006339295316138305,completed,,160,The solver successfully reached the end of the integration interval.
3.8000000000000003,0.8705505632961241,30.55632477169395,0.3675834735990512,1.3968171996763947,0.917809985642631,2.682210658918077,1.0,82.68936230952562,66.18837549198886,350.0,0.9999999345672541,0.006543274590512738,completed,,155,The solver successfully reached the end of the integration interval.
4.0,0.8705505632961241,30.55632477169395,0.3675834735990512,1.4703338943962048,0.917809985642631,2.7557273536378872,1.0,83.69732714905442,67.61396787257463,350.0,0.999999932491676,0.006750832399120554,completed,,157,The solver successfully reached the end of the integration interval.
4.2,0.8705505632961241,30.55632477169395,0.3675834735990512,1.543850589116015,0.917809985642631,2.8292440483576975,1.0,84.52318932652398,68.88486902115095,350.0,0.9999999303827996,0.006961720049730502,completed,,155,The solver successfully reached the end of the integration interval.
4.4,0.8705505632961241,30.55632477169395,0.3675834735990512,1.6173672838358253,0.917809985642631,2.9027607430775078,1.0,85.1931673766081,70.01575036236798,350.0,0.9999999282429334,0.007175706661655568,completed,,153,The solver successfully reached the end of the integration interval.
4.6,0.8705505632961241,30.55632477169395,0.3675834735990512,1.6908839785556353,0.917809985642631,2.9762774377973176,1.0,85.729826161231,71.0201126001468,350.0,0.9999999260741944,0.007392580562736839,completed,,149,The solver successfully reached the end of the integration interval.
4.800000000000001,0.8705505632961241,30.55632477169395,0.3675834735990512,1.764400673275446,0.917809985642631,3.0497941325171283,1.0,86.15242500999324,71.91028934738787,350.0,0.9999999238785038,0.007612149624037556,completed,,149,The solver successfully reached the end of the integration interval.
5.0,0.8705505632961241,30.55632477169395,0.3675834735990512,1.837917367995256,0.917809985642631,3.1233108272369385,1.0,86.4772484314797,72.6973658253193,350.0,0.9999999216575984,0.007834240153897554,completed,,149,The solver successfully reached the end of the integration interval.
1.0,1.0,35.099999999999994,0.32,0.32,0.799,1.439,1.0,32.78080576112718,23.344144536582046,350.0,0.9999999671732637,0.0032826736278366297,completed,,197,The solver successfully reached the end of the integration interval.
1.2,1.0,35.099999999999994,0.32,0.384,0.799,1.5030000000000001,1.0,39.4266719592666,28.087949986399586,350.0,0.999999966088787,0.003391121295862831,completed,,191,The solver successfully reached the end of the integration interval.
1.4,1.0,35.099999999999994,0.32,0.44799999999999995,0.799,1.5670000000000002,1.0,45.7000337060488,32.65068340610014,350.0,0.999999964966694,0.003503330604871735,completed,,193,The solver successfully reached the end of the integration interval.
1.6,1.0,35.099999999999994,0.32,0.512,0.799,1.6310000000000002,1.0,51.540002634094826,36.99993951488978,350.0,0.9999999638035588,0.003619644121499732,completed,,197,The solver successfully reached the end of the integration interval.
1.8,1.0,35.099999999999994,0.32,0.5760000000000001,0.799,1.6950000000000003,1.0,56.90472993146051,41.11108040111483,350.0,0.9999999625971925,0.003740280750207603,completed,,199,The solver successfully reached the end of the integration interval.
2.0,1.0,35.099999999999994,0.32,0.64,0.799,1.759,1.0,61.76975137585059,44.96623045400306,350.0,0.9999999613463982,0.003865360180498101,completed,,199,The solver successfully reached the end of the integration interval.
2.2,1.0,35.099999999999994,0.32,0.7040000000000001,0.799,1.823,1.0,66.12624648879829,48.55400969593785,350.0,0.9999999600508175,0.003994918253738433,completed,,174,The solver successfully reached the end of the integration interval.
2.4000000000000004,1.0,35.099999999999994,0.32,0.7680000000000001,0.799,1.887,1.0,69.98006370837595,51.8693402946791,350.0,0.9999999587108261,0.004128917382331565,completed,,167,The solver successfully reached the end of the integration interval.
2.6,1.0,35.099999999999994,0.32,0.8320000000000001,0.799,1.951,1.0,73.3495589556838,54.912927148945876,350.0,0.9999999573274017,0.004267259835614823,completed,,164,The solver successfully reached the end of the integration interval.
2.8,1.0,35.099999999999994,0.32,0.8959999999999999,0.799,2.015,1.0,76.26354409112425,57.690762745615466,350.0,0.9999999559020215,0.004409797853440978,completed,,173,The solver successfully reached the end of the integration interval.
2.9968749999999997,1.0,35.099999999999994,0.32,0.959,0.799,2.078,1.0,78.72253615159018,60.17575337485862,350.0,0.9999999544597219,0.0045540278078988194,completed,,170,The solver successfully reached the end of the integration interval.
3.0,1.0,35.099999999999994,0.32,0.96,0.799,2.079,1.0,78.75850484709248,60.213272365313365,350.0,0.9999999544365259,0.004556347412290052,completed,,168,The solver successfully reached the end of the integration interval.
3.2,1.0,35.099999999999994,0.32,1.024,0.799,2.1430000000000002,1.0,80.8757210347147,62.49438375987538,350.0,0.999999952933015,0.004706698498921469,completed,,167,The solver successfully reached the end of the integration interval.
3.4000000000000004,1.0,35.099999999999994,0.32,1.088,0.799,2.2070000000000003,1.0,82.65812116986172,64.55014957485325,350.0,0.9999999513937352,0.004860626475419849,completed,,167,The solver successfully reached the end of the integration interval.
3.6,1.0,35.099999999999994,0.32,1.1520000000000001,0.799,2.2710000000000004,1.0,84.14816998039653,66.39789785690105,350.0,0.9999999498209744,0.005017902556573972,completed,,164,The solver successfully reached the end of the integration interval.
3.8000000000000003,1.0,35.099999999999994,0.32,1.2160000000000002,0.799,2.3350000000000004,1.0,85.3859152311395,68.05530194359886,350.0,0.9999999482169978,0.005178300227271393,completed,,161,The solver successfully reached the end of the integration interval.
4.0,1.0,35.099999999999994,0.32,1.28,0.799,2.399,1.0,86.4078789329804,69.53967550189324,350.0,0.9999999465839853,0.00534160147071816,completed,,162,The solver successfully reached the end of the integration interval.
4.2,1.0,35.099999999999994,0.32,1.344,0.799,2.463,1.0,87.24641151056362,70.86751283720464,350.0,0.9999999449239877,0.005507601235876791,completed,,161,The solver successfully reached the end of the integration interval.
4.4,1.0,35.099999999999994,0.32,1.4080000000000001,0.799,2.527,1.0,87.92959955583225,72.05415636882864,350.0,0.9999999432389134,0.00567610865982715,completed,,159,The solver successfully reached the end of the integration interval.
4.6,1.0,35.099999999999994,0.32,1.472,0.799,2.591,1.0,88.48137887250718,73.1136518584459,350.0,0.9999999415305103,0.005846948974067345,completed,,159,The solver successfully reached the end of the integration interval.
4.800000000000001,1.0,35.099999999999994,0.32,1.5360000000000003,0.799,2.6550000000000002,1.0,88.92189929924365,74.05869149972078,350.0,0.9999999398003686,0.006019963140715845,completed,,155,The solver successfully reached the end of the integration interval.
5.0,1.0,35.099999999999994,0.32,1.6,0.799,2.7190000000000003,1.0,89.26802965117247,74.90071913318931,350.0,0.9999999380499253,0.0061950074741616845,completed,,154,The solver successfully reached the end of the integration interval.
1.0,1.1486983549970349,40.31931226039592,0.2785761802547598,0.2785761802547598,0.6955699000736033,1.252722260583123,1.0,33.8011212794151,23.873329187162927,350.0,0.9999999737292498,0.0026270750240655616,completed,,202,The solver successfully reached the end of the integration interval.
1.2,1.1486983549970349,40.31931226039592,0.2785761802547598,0.33429141630571174,0.6955699000736033,1.3084374966340748,1.0,40.66512299468284,28.731170592890248,350.0,0.999999972880743,0.0027119256992591545,completed,,193,The solver successfully reached the end of the integration interval.
1.4,1.1486983549970349,40.31931226039592,0.2785761802547598,0.39000665235666365,0.6955699000736033,1.3641527326850267,1.0,47.14854760509126,33.407750848908805,350.0,0.9999999720027378,0.00279972622229252,completed,,189,The solver successfully reached the end of the integration interval.
1.6,1.1486983549970349,40.31931226039592,0.2785761802547598,0.4457218884076157,0.6955699000736033,1.4198679687359788,1.0,53.186003493816095,37.86921134485794,350.0,0.999999971092281,0.0028907718951813877,completed,,201,The solver successfully reached the end of the integration interval.
1.8,1.1486983549970349,40.31931226039592,0.2785761802547598,0.5014371244585676,0.6955699000736033,1.4755832047869306,1.0,58.73107165516823,42.089205000968214,350.0,0.999999970147399,0.0029852601001039147,completed,,201,The solver successfully reached the end of the integration interval.
2.0,1.1486983549970349,40.31931226039592,0.2785761802547598,0.5571523605095196,0.6955699000736033,1.5312984408378827,1.0,63.75556991585155,46.048397837988034,350.0,0.9999999691669283,0.003083307165070437,completed,,199,The solver successfully reached the end of the integration interval.
2.2,1.1486983549970349,40.31931226039592,0.2785761802547598,0.6128675965604715,0.6955699000736033,1.5870136768888345,1.0,68.24762857747275,49.733938554226306,350.0,0.9999999681503988,0.003184960121870972,completed,,201,The solver successfully reached the end of the integration interval.
2.4000000000000004,1.1486983549970349,40.31931226039592,0.2785761802547598,0.6685828326114236,0.6955699000736033,1.6427289129397866,1.0,72.21116818991928,53.13957082615994,350.0,0.9999999670979519,0.0032902048114920035,completed,,176,The solver successfully reached the end of the integration interval.
2.6,1.1486983549970349,40.31931226039592,0.2785761802547598,0.7242980686623754,0.6955699000736033,1.6984441489907385,1.0,75.6645585110678,56.26547869976817,350.0,0.9999999660102618,0.003398973829462193,completed,,171,The solver successfully reached the end of the integration interval.
2.8,1.1486983549970349,40.31931226039592,0.2785761802547598,0.7800133047133273,0.6955699000736033,1.7541593850416903,1.0,78.63788441067153,59.117537961833236,350.0,0.9999999648884333,0.0035111566685372964,completed,,169,The solver successfully reached the end of the integration interval.
2.9968749999999997,1.1486983549970349,40.31931226039592,0.2785761802547598,0.8348579902009832,0.6955699000736033,1.8090040705293462,1.0,81.1338946031826,61.66802784925889,350.0,0.9999999637521992,0.003624780074460432,completed,,174,The solver successfully reached the end of the integration interval.
3.0,1.1486983549970349,40.31931226039592,0.2785761802547598,0.8357285407642794,0.6955699000736033,1.8098746210926424,1.0,81.17029662120747,61.70652907091804,350.0,0.9999999637339164,0.0036266083625378087,completed,,174,The solver successfully reached the end of the integration interval.
3.2,1.1486983549970349,40.31931226039592,0.2785761802547598,0.8914437768152313,0.6955699000736033,1.8655898571435945,1.0,83.30669745198004,64.04718564559082,350.0,0.9999999625483936,0.003745160633116029,completed,,170,The solver successfully reached the end of the integration interval.
3.4000000000000004,1.1486983549970349,40.31931226039592,0.2785761802547598,0.9471590128661833,0.6955699000736033,1.9213050931945463,1.0,85.09423742014413,66.15664771167579,350.0,0.9999999613336934,0.003866630664560944,completed,,171,The solver successfully reached the end of the integration interval.
3.6,1.1486983549970349,40.31931226039592,0.2785761802547598,1.0028742489171352,0.6955699000736033,1.9770203292454982,1.0,86.5796068592994,68.05347765559846,350.0,0.999999960091704,0.003990829602116719,completed,,168,The solver successfully reached the end of the integration interval.
3.8000000000000003,1.1486983549970349,40.31931226039592,0.2785761802547598,1.0585894849680872,0.6955699000736033,2.0327355652964503,1.0,87.80676462892846,69.75653640685549,350.0,0.9999999588242993,0.004117570075322874,completed,,168,The solver successfully reached the end of the integration interval.
4.0,1.1486983549970349,40.31931226039592,0.2785761802547598,1.114304721019039,0.6955699000736033,2.088450801347402,1.0,88.81561490601129,71.28421635193021,350.0,0.9999999575332862,0.004246671378496103,completed,,164,The solver successfully reached the end of the integration interval.
4.2,1.1486983549970349,40.31931226039592,0.2785761802547598,1.1700199570699912,0.6955699000736033,2.144166037398354,1.0,89.64118750327097,72.65389123650179,350.0,0.9999999562203761,0.004377962395665236,completed,,163,The solver successfully reached the end of the integration interval.
4.4,1.1486983549970349,40.31931226039592,0.2785761802547598,1.225735193120943,0.6955699000736033,2.1998812734493063,1.0,90.31352986952984,73.88162278040637,350.0,0.9999999548871557,0.004511284438194707,completed,,162,The solver successfully reached the end of the integration interval.
4.6,1.1486983549970349,40.31931226039592,0.2785761802547598,1.281450429171895,0.6955699000736033,2.2555965095002577,1.0,90.85803084963462,74.98203353082371,350.0,0.9999999535350793,0.004646492074243724,completed,,162,The solver successfully reached the end of the integration interval.
4.800000000000001,1.1486983549970349,40.31931226039592,0.2785761802547598,1.3371656652228472,0.6955699000736033,2.31131174555121,1.0,91.29576421855438,75.96825219079835,350.0,0.9999999521654681,0.004783453186973929,completed,,160,The solver successfully reached the end of the integration interval.
5.0,1.1486983549970349,40.31931226039592,0.2785761802547598,1.3928809012737988,0.6955699000736033,2.367026981602162,1.0,91.64409642910549,76.85198948846302,350.0,0.9999999507795142,0.004922048581647687,completed,,161,The solver successfully reached the end of the integration interval.
1.0,1.3195079107728946,46.3147276681286,0.24251465064166364,0.24251465064166364,0.605528768320904,1.0905580696042312,1.0,34.81718479565923,24.392847502920354,350.0,0.9999999788759668,0.0021124033228261396,completed,,205,The solver successfully reached the end of the integration interval.
1.2,1.3195079107728946,46.3147276681286,0.24251465064166364,0.29101758076999634,0.605528768320904,1.139060999732564,1.0,41.89439746392613,29.360586877851723,350.0,0.9999999782090484,0.0021790951577713713,completed,,198,The solver successfully reached the end of the integration interval.
1.4,1.3195079107728946,46.3147276681286,0.24251465064166364,0.3395205108983291,0.605528768320904,1.1875639298608966,1.0,48.5812746733785,34.14606965304851,350.0,0.9999999775188455,0.002248115444672294,completed,,192,The solver successfully reached the end of the integration interval.
1.6,1.3195079107728946,46.3147276681286,0.24251465064166364,0.38802344102666186,0.605528768320904,1.2360668599892295,1.0,54.807235146973255,38.71371669660723,350.0,0.9999999768028129,0.002319718711078167,completed,,191,The solver successfully reached the end of the integration interval.
1.8,1.3195079107728946,46.3147276681286,0.24251465064166364,0.43652637115499454,0.605528768320904,1.2845697901175621,1.0,60.521722119047325,43.03563247532482,350.0,0.9999999760591914,0.002394080860540271,completed,,201,The solver successfully reached the end of the integration interval.
2.0,1.3195079107728946,46.3147276681286,0.24251465064166364,0.4850293012833273,0.605528768320904,1.333072720245895,1.0,65.69157224971013,47.09055022835973,350.0,0.999999975286876,0.0024713124003028497,completed,,203,The solver successfully reached the end of the integration interval.
2.2,1.3195079107728946,46.3147276681286,0.24251465064166364,0.5335322314116601,0.605528768320904,1.3815756503742276,1.0,70.30200527795223,50.86425050096079,350.0,0.9999999744853395,0.002551466051954776,completed,,200,The solver successfully reached the end of the integration interval.
2.4000000000000004,1.3195079107728946,46.3147276681286,0.24251465064166364,0.5820351615399928,0.605528768320904,1.4300785805025604,1.0,74.35503348277531,54.34929357703398,350.0,0.999999973654575,0.0026345424994360656,completed,,189,The solver successfully reached the end of the integration interval.
2.6,1.3195079107728946,46.3147276681286,0.24251465064166364,0.6305380916683255,0.605528768320904,1.4785815106308933,1.0,77.8689390881764,57.54535943840128,350.0,0.9999999727950346,0.002720496544498019,completed,,181,The solver successfully reached the end of the integration interval.
2.8,1.3195079107728946,46.3147276681286,0.24251465064166364,0.6790410217966582,0.605528768320904,1.527084440759226,1.0,80.87555714686167,60.45825824105721,350.0,0.99999997190756,0.00280924400431104,completed,,176,The solver successfully reached the end of the integration interval.
2.9968749999999997,1.3195079107728946,46.3147276681286,0.24251465064166364,0.7267860936417356,0.605528768320904,1.5748295126043033,1.0,83.38108020917126,63.06030055393842,350.0,0.9999999710077859,0.002899221406551078,completed,,170,The solver successfully reached the end of the integration interval.
3.0,1.3195079107728946,46.3147276681286,0.24251465064166364,0.7275439519249909,0.605528768320904,1.5755873708875585,1.0,83.41746937464956,63.09955783337126,350.0,0.9999999709933015,0.0029006698459852487,completed,,170,The solver successfully reached the end of the integration interval.
3.2,1.3195079107728946,46.3147276681286,0.24251465064166364,0.7760468820533237,0.605528768320904,1.6240903010158911,1.0,85.54391487438133,65.48491180678657,350.0,0.9999999700536351,0.002994636495714076,completed,,177,The solver successfully reached the end of the integration interval.
3.4000000000000004,1.3195079107728946,46.3147276681286,0.24251465064166364,0.8245498121816565,0.605528768320904,1.6725932311442242,1.0,87.30721708920866,67.6330269745017,350.0,0.9999999690900704,0.003090992962825112,completed,,174,The solver successfully reached the end of the integration interval.
3.6,1.3195079107728946,46.3147276681286,0.24251465064166364,0.8730527423099891,0.605528768320904,1.7210961612725568,1.0,88.75900846876226,69.56388578529815,350.0,0.9999999681041796,0.003189582042978145,completed,,174,The solver successfully reached the end of the integration interval.
3.8000000000000003,1.3195079107728946,46.3147276681286,0.24251465064166364,0.9215556724383219,0.605528768320904,1.7695990914008894,1.0,89.94782292301625,71.29779164979851,350.0,0.9999999670975352,0.0032902464736253023,completed,,171,The solver successfully reached the end of the integration interval.
4.0,1.3195079107728946,46.3147276681286,0.24251465064166364,0.9700586025666545,0.605528768320904,1.818102021529222,1.0,90.91731948436146,72.85437910706727,350.0,0.9999999660716542,0.003392834580154158,completed,,168,The solver successfully reached the end of the integration interval.
4.2,1.3195079107728946,46.3147276681286,0.24251465064166364,1.0185615326949873,0.605528768320904,1.8666049516575547,1.0,91.70546219574312,74.2520321378451,350.0,0.9999999650279724,0.0034972027642652392,completed,,170,The solver successfully reached the end of the integration interval.
4.4,1.3195079107728946,46.3147276681286,0.24251465064166364,1.0670644628233201,0.605528768320904,1.9151078817858878,1.0,92.34441494369857,75.50756222884404,350.0,0.9999999639678184,0.0036032181524205953,completed,,166,The solver successfully reached the end of the integration interval.
4.6,1.3195079107728946,46.3147276681286,0.24251465064166364,1.1155673929516527,0.605528768320904,1.9636108119142204,1.0,92.86087450831732,76.63609792911498,350.0,0.99999996289241,0.003710759003297426,completed,,166,The solver successfully reached the end of the integration interval.
4.800000000000001,1.3195079107728946,46.3147276681286,0.24251465064166364,1.1640703230799856,0.605528768320904,2.012113742042553,1.0,93.27671930174222,77.65114665442542,350.0,0.9999999618028499,0.0038197150133782998,completed,,167,The solver successfully reached the end of the integration interval.
5.0,1.3195079107728946,46.3147276681286,0.24251465064166364,1.2125732532083182,0.605528768320904,2.0606166721708856,1.0,93.60964341639055,78.56463988065022,350.0,0.999999960700132,0.003929986807634123,completed,,164,The solver successfully reached the end of the integration interval.
1.0,1.5157165665103984,53.201651484514976,0.21112126572366305,0.21112126572366305,0.5271434103537712,0.9493859418010973,1.0,35.82926167592305,24.90315066387351,350.0,0.9999999829324571,0.0017067542939912528,completed,,213,The solver successfully reached the end of the integration interval.
1.2,1.5157165665103984,53.201651484514976,0.21112126572366305,0.2533455188683956,0.5271434103537712,0.9916101949458299,1.0,43.11455446055597,29.976760367238043,350.0,0.9999999824058001,0.0017594199889572337,completed,,200,The solver successfully reached the end of the integration interval.
1.4,1.5157165665103984,53.201651484514976,0.21112126572366305,0.29556977201312823,0.5271434103537712,1.0338344480905626,1.0,49.9982044012384,34.86634773692276,350.0,0.9999999818606377,0.0018139362364308909,completed,,197,The solver successfully reached the end of the integration interval.
1.6,1.5157165665103984,53.201651484514976,0.21112126572366305,0.3377940251578609,0.5271434103537712,1.0760587012352951,1.0,56.404216092079636,39.53460360327459,350.0,0.9999999812947703,0.0018705229740589857,completed,,194,The solver successfully reached the end of the integration interval.
1.8,1.5157165665103984,53.201651484514976,0.21112126572366305,0.3800182783025935,0.5271434103537712,1.1182829543800277,1.0,62.27662478481767,43.95161632384648,350.0,0.9999999807066375,0.001929336242028512,completed,,204,The solver successfully reached the end of the integration interval.
2.0,1.5157165665103984,53.201651484514976,0.21112126572366305,0.4222425314473261,0.5271434103537712,1.1605072075247604,1.0,67.57763281757092,48.09430689810289,350.0,0.9999999800952059,0.0019904794171452522,completed,,204,The solver successfully reached the end of the integration interval.
2.2,1.5157165665103984,53.201651484514976,0.21112126572366305,0.46446678459205876,0.5271434103537712,1.202731460669493,1.0,72.28885928499432,51.94682219418777,350.0,0.9999999794599317,0.002054006836260669,completed,,204,The solver successfully reached the end of the integration interval.
2.4000000000000004,1.5157165665103984,53.201651484514976,0.21112126572366305,0.5066910377367914,0.5271434103537712,1.2449557138142255,1.0,76.41054596719485,55.500698221794224,350.0,0.9999999788007093,0.002119929064065218,completed,,211,The solver successfully reached the end of the integration interval.
2.6,1.5157165665103984,53.201651484514976,0.21112126572366305,0.5489152908815239,0.5271434103537712,1.2871799669589583,1.0,79.96086965464436,58.754903643070534,350.0,0.9999999781178344,0.0021882165601709858,completed,,187,The solver successfully reached the end of the integration interval.
2.8,1.5157165665103984,53.201651484514976,0.21112126572366305,0.5911395440262565,0.5271434103537712,1.3294042201036906,1.0,82.97415265938214,61.7156670321054,350.0,0.9999999774119618,0.0022588038264075294,completed,,185,The solver successfully reached the end of the integration interval.
2.9968749999999997,1.5157165665103984,53.201651484514976,0.21112126572366305,0.6327040432156027,0.5271434103537712,1.370968719293037,1.0,85.46120755902082,64.35566770435933,350.0,0.9999999766955558,0.002330444418475963,completed,,177,The solver successfully reached the end of the integration interval.
3.0,1.5157165665103984,53.201651484514976,0.21112126572366305,0.6333637971709891,0.5271434103537712,1.3716284732484234,1.0,85.49713075416436,64.39546171027773,350.0,0.999999976684017,0.0023315982980420813,completed,,177,The solver successfully reached the end of the integration interval.
3.2,1.5157165665103984,53.201651484514976,0.21112126572366305,0.6755880503157218,0.5271434103537712,1.4138527263931562,1.0,87.5846125674599,66.81152606988829,350.0,0.9999999759351416,0.0024064858444035053,completed,,176,The solver successfully reached the end of the integration interval.
3.4000000000000004,1.5157165665103984,53.201651484514976,0.21112126572366305,0.7178123034604544,0.5271434103537712,1.4560769795378887,1.0,89.29485523720302,68.9842293083977,350.0,0.9999999751666031,0.002483339689206332,completed,,179,The solver successfully reached the end of the integration interval.
3.6,1.5157165665103984,53.201651484514976,0.21112126572366305,0.760036556605187,0.5271434103537712,1.4983012326826213,1.0,90.68549325382942,70.93547632823093,350.0,0.9999999743797314,0.0025620268570492044,completed,,177,The solver successfully reached the end of the integration interval.
3.8000000000000003,1.5157165665103984,53.201651484514976,0.21112126572366305,0.8022608097499196,0.5271434103537712,1.540525485827354,1.0,91.81012302327034,72.68714720665606,350.0,0.9999999735758596,0.0026424140378367156,completed,,174,The solver successfully reached the end of the integration interval.
4.0,1.5157165665103984,53.201651484514976,0.21112126572366305,0.8444850628946522,0.5271434103537712,1.5827497389720864,1.0,92.71653407670432,74.26022603542853,350.0,0.9999999727562736,0.0027243726362939924,completed,,173,The solver successfully reached the end of the integration interval.
4.2,1.5157165665103984,53.201651484514976,0.21112126572366305,0.8867093160393849,0.5271434103537712,1.6249739921168191,1.0,93.44572788321005,75.6741169873957,350.0,0.9999999719221865,0.002807781347655691,completed,,171,The solver successfully reached the end of the integration interval.
4.4,1.5157165665103984,53.201651484514976,0.21112126572366305,0.9289335691841175,0.5271434103537712,1.667198245261552,1.0,94.03186368819051,76.94631968850139,350.0,0.9999999710747215,0.0028925278456881642,completed,,172,The solver successfully reached the end of the integration interval.
4.6,1.5157165665103984,53.201651484514976,0.21112126572366305,0.97115782232885,0.5271434103537712,1.7094224984062842,1.0,94.50284922118432,78.0924687371705,350.0,0.9999999702149003,0.0029785099759465083,completed,,166,The solver successfully reached the end of the integration interval.
4.800000000000001,1.5157165665103984,53.201651484514976,0.21112126572366305,1.0133820754735827,0.5271434103537712,1.751646751551017,1.0,94.8810221199334,79.12628022138422,350.0,0.9999999693436494,0.003065635057282634,completed,,170,The solver successfully reached the end of the integration interval.
5.0,1.5157165665103984,53.201651484514976,0.21112126572366305,1.0556063286183153,0.5271434103537712,1.7938710046957493,1.0,95.18416768651889,80.05975833358248,350.0,0.9999999684617908,0.003153820915031247,completed,,141,The solver successfully reached the end of the integration interval.
1.0,1.7411011265922485,61.11264954338791,0.1837917367995256,0.1837917367995256,0.4589049928213155,0.8264884664203667,1.0,36.83676832689813,25.404374620181123,350.0,0.9999999861431189,0.0013856881123501807,completed,,219,The solver successfully reached the end of the integration interval.
1.2,1.7411011265922485,61.11264954338791,0.1837917367995256,0.2205500841594307,0.4589049928213155,0.8632468137802718,1.0,44.32564173916638,30.580214599852745,350.0,0.9999999857252356,0.0014274764398578554,completed,,203,The solver successfully reached the end of the integration interval.
1.4,1.7411011265922485,61.11264954338791,0.1837917367995256,0.2573084315193358,0.4589049928213155,0.9000051611401769,1.0,51.39948891321493,35.56936223791641,350.0,0.999999985292536,0.0014707463997183368,completed,,203,The solver successfully reached the end of the integration interval.
1.6,1.7411011265922485,61.11264954338791,0.1837917367995256,0.294066778879241,0.4589049928213155,0.936763508500082,1.0,57.97676193188267,40.33274443292556,350.0,0.9999999848431177,0.0015156882291194052,completed,,196,The solver successfully reached the end of the integration interval.
1.8,1.7411011265922485,61.11264954338791,0.1837917367995256,0.33082512623914606,0.4589049928213155,0.9735218558599872,1.0,63.99569777479942,44.8383030163383,350.0,0.9999999843755943,0.0015624405641574413,completed,,199,The solver successfully reached the end of the integration interval.
2.0,1.7411011265922485,61.11264954338791,0.1837917367995256,0.3675834735990512,0.4589049928213155,1.0102802032198923,1.0,69.41349490831065,49.06110526030945,350.0,0.9999999838890166,0.001611098341527395,completed,,205,The solver successfully reached the end of the integration interval.
2.2,1.7411011265922485,61.11264954338791,0.1837917367995256,0.4043418209589563,0.4589049928213155,1.0470385505797974,1.0,74.20761246865821,52.983379050622844,350.0,0.9999999833828381,0.0016617161891190335,completed,,204,The solver successfully reached the end of the integration interval.
2.4000000000000004,1.7411011265922485,61.11264954338791,0.1837917367995256,0.4411001683188615,0.4589049928213155,1.0837968979397026,1.0,78.37643170786274,56.59556277056916,350.0,0.9999999828568965,0.0017143103468697518,completed,,204,The solver successfully reached the end of the integration interval.
2.6,1.7411011265922485,61.11264954338791,0.1837917367995256,0.4778585156787666,0.4589049928213155,1.1205552452996077,1.0,81.93865834179856,59.896301263075316,350.0,0.9999999823113832,0.0017688616790110245,completed,,193,The solver successfully reached the end of the integration interval.
2.8,1.7411011265922485,61.11264954338791,0.1837917367995256,0.5146168630386716,0.4589049928213155,1.1573135926595128,1.0,84.93175025554999,62.89252973528677,350.0,0.999999981746806,0.0018253193993587047,completed,,191,The solver successfully reached the end of the integration interval.
2.9968749999999997,1.7411011265922485,61.11264954338791,0.1837917367995256,0.5508008612210782,0.4589049928213155,1.1934975908419194,1.0,87.37254019507031,65.55772934388045,350.0,0.9999999811731769,0.0018826823070412502,completed,,186,The solver successfully reached the end of the integration interval.
3.0,1.7411011265922485,61.11264954338791,0.1837917367995256,0.5513752103985767,0.4589049928213155,1.194071940019418,1.0,87.4075522842939,65.59785600086575,350.0,0.9999999811639346,0.0018836065428331494,completed,,186,The solver successfully reached the end of the integration interval.
3.2,1.7411011265922485,61.11264954338791,0.1837917367995256,0.588133557758482,0.4589049928213155,1.230830287379323,1.0,89.42770125134346,68.03159279308275,350.0,0.9999999805637267,0.0019436273287283257,completed,,181,The solver successfully reached the end of the integration interval.
3.4000000000000004,1.7411011265922485,61.11264954338791,0.1837917367995256,0.6248919051183871,0.4589049928213155,1.2675886347392282,1.0,91.0577072413942,70.21635149326667,350.0,0.9999999799472683,0.0020052731706527993,completed,,178,The solver successfully reached the end of the integration interval.
3.6,1.7411011265922485,61.11264954338791,0.1837917367995256,0.6616502524782921,0.4589049928213155,1.3043469820991334,1.0,92.36194433654272,72.17614945607853,350.0,0.9999999793156996,0.002068430039798841,completed,,184,The solver successfully reached the end of the integration interval.
3.8000000000000003,1.7411011265922485,61.11264954338791,0.1837917367995256,0.6984085998381974,0.4589049928213155,1.3411053294590385,1.0,93.39986638320241,73.93480741885399,350.0,0.9999999786701623,0.0021329837618395686,completed,,178,The solver successfully reached the end of the integration interval.
4.0,1.7411011265922485,61.11264954338791,0.1837917367995256,0.7351669471981024,0.4589049928213155,1.3778636768189436,1.0,94.22354543323152,75.51467302873553,350.0,0.9999999780117573,0.002198824266088195,completed,,175,The solver successfully reached the end of the integration interval.
4.2,1.7411011265922485,61.11264954338791,0.1837917367995256,0.7719252945580075,0.4589049928213155,1.4146220241788487,1.0,94.87682299163053,76.93601822154395,350.0,0.9999999773415172,0.0022658482776023448,completed,,175,The solver successfully reached the end of the integration interval.
4.4,1.7411011265922485,61.11264954338791,0.1837917367995256,0.8086836419179126,0.4589049928213155,1.4513803715387539,1.0,95.39560748604951,78.21691034634952,350.0,0.999999976660394,0.0023339605977525935,completed,,176,The solver successfully reached the end of the integration interval.
4.6,1.7411011265922485,61.11264954338791,0.1837917367995256,0.8454419892778177,0.4589049928213155,1.4881387188986588,1.0,95.8085037124814,79.37318604482569,350.0,0.9999999759692495,0.002403075050096959,completed,,174,The solver successfully reached the end of the integration interval.
4.800000000000001,1.7411011265922485,61.11264954338791,0.1837917367995256,0.882200336637723,0.4589049928213155,1.5248970662585641,1.0,96.13797071512879,80.41864948095088,350.0,0.999999975268861,0.002473113898304291,completed,,173,The solver successfully reached the end of the integration interval.
5.0,1.7411011265922485,61.11264954338791,0.1837917367995256,0.918958683997628,0.4589049928213155,1.5616554136184693,1.0,96.40147744016858,81.36524036334613,350.0,0.9999999745599185,0.0025440081517444924,completed,,172,The solver successfully reached the end of the integration interval.
1.0,2.0000000000000004,70.2,0.15999999999999998,0.15999999999999998,0.39949999999999997,0.7194999999999999,1.0,37.83978788106277,25.8968787194315,350.0,0.9999999886955132,0.0011304486833978444,completed,,221,The solver successfully reached the end of the integration interval.
1.2,2.0000000000000004,70.2,0.15999999999999998,0.19199999999999998,0.39949999999999997,0.7515,1.0,45.527652694182024,31.171419933879374,350.0,0.9999999883623396,0.001163766035460867,completed,,209,The solver successfully reached the end of the integration interval.
1.4,2.0000000000000004,70.2,0.15999999999999998,0.22399999999999995,0.39949999999999997,0.7834999999999999,1.0,52.78527347309723,36.25584554277649,350.0,0.9999999880172136,0.001198278638185002,completed,,206,The solver successfully reached the end of the integration interval.
1.6,2.0000000000000004,70.2,0.15999999999999998,0.25599999999999995,0.39949999999999997,0.8154999999999999,1.0,59.52501561299417,41.10907380264575,350.0,0.9999999876584836,0.001234151641256176,completed,,200,The solver successfully reached the end of the integration interval.
1.8,2.0000000000000004,70.2,0.15999999999999998,0.288,0.39949999999999997,0.8474999999999999,1.0,65.67906577388678,45.69693667950892,350.0,0.999999987284918,0.0012715081975329667,completed,,203,The solver successfully reached the end of the integration interval.
2.0,2.0000000000000004,70.2,0.15999999999999998,0.31999999999999995,0.39949999999999997,0.8795,1.0,71.1988243283121,49.992234889287744,350.0,0.9999999868956476,0.0013104352401569486,completed,,200,The solver successfully reached the end of the integration interval.
2.2,2.0000000000000004,70.2,0.15999999999999998,0.352,0.39949999999999997,0.9115,1.0,76.05770573776003,53.97553126794733,350.0,0.9999999864901439,0.0013509856071323156,completed,,206,The solver successfully reached the end of the integration interval.
2.4000000000000004,2.0000000000000004,70.2,0.15999999999999998,0.384,0.39949999999999997,0.9435,1.0,80.25183932595826,57.63592470828042,350.0,0.9999999860682074,0.0013931792636867613,completed,,207,The solver successfully reached the end of the integration interval.
2.6,2.0000000000000004,70.2,0.15999999999999998,0.4159999999999999,0.39949999999999997,0.9754999999999998,1.0,83.80118085364805,60.97210909062709,350.0,0.9999999856299614,0.0014370038552442566,completed,,220,The solver successfully reached the end of the integration interval.
2.8,2.0000000000000004,70.2,0.15999999999999998,0.4479999999999999,0.39949999999999997,1.0074999999999998,1.0,86.74690555253616,63.9916797153827,350.0,0.999999985175809,0.0014824191021034494,completed,,215,The solver successfully reached the end of the integration interval.
2.9968749999999997,2.0000000000000004,70.2,0.15999999999999998,0.47949999999999987,0.39949999999999997,1.0389999999999997,1.0,89.11419672409203,66.67023983950322,350.0,0.999999984713848,0.0015286152047337964,completed,,194,The solver successfully reached the end of the integration interval.
3.0,2.0000000000000004,70.2,0.15999999999999998,0.4799999999999999,0.39949999999999997,1.0394999999999999,1.0,89.14787021858989,66.71051416520888,350.0,0.9999999847063998,0.00152936001541093,completed,,194,The solver successfully reached the end of the integration interval.
3.2,2.0000000000000004,70.2,0.15999999999999998,0.5119999999999999,0.39949999999999997,1.0715,1.0,91.07391123743012,69.15032414442209,350.0,0.9999999842225591,0.0015777440858073533,completed,,188,The solver successfully reached the end of the integration interval.
3.4000000000000004,2.0000000000000004,70.2,0.15999999999999998,0.5439999999999999,0.39949999999999997,1.1035,1.0,92.59906867866715,71.33649571214485,350.0,0.9999999837252315,0.001627476856810972,completed,,185,The solver successfully reached the end of the integration interval.
3.6,2.0000000000000004,70.2,0.15999999999999998,0.576,0.39949999999999997,1.1355,1.0,93.79549288930498,73.2955546513001,350.0,0.9999999832154064,0.0016784593608463183,completed,,182,The solver successfully reached the end of the integration interval.
3.8000000000000003,2.0000000000000004,70.2,0.15999999999999998,0.608,0.39949999999999997,1.1675,1.0,94.72864328706126,75.05316568883607,350.0,0.999999982694075,0.0017305924993706867,completed,,185,The solver successfully reached the end of the integration interval.
4.0,2.0000000000000004,70.2,0.15999999999999998,0.6399999999999999,0.39949999999999997,1.1994999999999998,1.0,95.45518157057793,76.63323374890946,350.0,0.999999982162185,0.001783781495760195,completed,,182,The solver successfully reached the end of the integration interval.
4.2,2.0000000000000004,70.2,0.15999999999999998,0.6719999999999999,0.39949999999999997,1.2314999999999998,1.0,96.02141261308718,78.05669695521851,350.0,0.99999998162062,0.0018379380053374916,completed,,179,The solver successfully reached the end of the integration interval.
4.4,2.0000000000000004,70.2,0.15999999999999998,0.704,0.39949999999999997,1.2634999999999998,1.0,96.4642591952978,79.34179794491129,350.0,0.9999999810701881,0.0018929811922134832,completed,,176,The solver successfully reached the end of the integration interval.
4.6,2.0000000000000004,70.2,0.15999999999999998,0.7359999999999999,0.39949999999999997,1.2954999999999999,1.0,96.81243838714435,80.50428783883409,350.0,0.9999999805116172,0.0019488382822601125,completed,,177,The solver successfully reached the end of the integration interval.
4.800000000000001,2.0000000000000004,70.2,0.15999999999999998,0.768,0.39949999999999997,1.3275,1.0,97.08792981742563,81.55767170722712,350.0,0.9999999799455562,0.002005444373935461,completed,,176,The solver successfully reached the end of the integration interval.
5.0,2.0000000000000004,70.2,0.15999999999999998,0.7999999999999998,0.39949999999999997,1.3594999999999997,1.0,97.30730310532904,82.51365719706342,350.0,0.999999979372584,0.0020627415942726657,completed,,171,The solver successfully reached the end of the integration interval.
1.0,2.29739670999407,80.63862452079185,0.13928809012737986,0.13928809012737986,0.3477849500368016,0.6263611302915613,1.0,38.83863814298299,26.381060235406146,350.0,0.9999999907338806,0.0009266119450330734,completed,,226,The solver successfully reached the end of the integration interval.
1.2,2.29739670999407,80.63862452079185,0.13928809012737986,0.16714570815285582,0.3477849500368016,0.6542187483170372,1.0,46.72061716579001,31.7508220413115,350.0,0.9999999904669691,0.0009533030970487744,completed,,219,The solver successfully reached the end of the integration interval.
1.4,2.29739670999407,80.63862452079185,0.13928809012737986,0.1950033261783318,0.3477849500368016,0.6820763663425133,1.0,54.15559040784509,36.92641773754659,350.0,0.9999999901903349,0.0009809665061766282,completed,,207,The solver successfully reached the end of the integration interval.
1.6,2.29739670999407,80.63862452079185,0.13928809012737986,0.22286094420380778,0.3477849500368016,0.7099339843679893,1.0,61.049102384600694,41.864489138348745,350.0,0.9999999899025467,0.0010097453341586515,completed,,202,The solver successfully reached the end of the integration interval.
1.8,2.29739670999407,80.63862452079185,0.13928809012737986,0.25071856222928374,0.3477849500368016,0.7377916023934652,1.0,67.3264649638388,46.528554397244754,350.0,0.9999999896025071,0.001039749287883751,completed,,200,The solver successfully reached the end of the integration interval.
2.0,2.29739670999407,80.63862452079185,0.13928809012737986,0.2785761802547597,0.3477849500368016,0.7656492204189411,1.0,72.93347156745351,50.88906655125339,350.0,0.9999999892894231,0.0010710576898418367,completed,,207,The solver successfully reached the end of the integration interval.
2.2,2.29739670999407,80.63862452079185,0.13928809012737986,0.3064337982802357,0.3477849500368016,0.7935068384444172,1.0,77.83833296631937,54.924654546970075,350.0,0.9999999889627879,0.0011037212098017335,completed,,204,The solver successfully reached the end of the integration interval.
2.4000000000000004,2.29739670999407,80.63862452079185,0.13928809012737986,0.3342914163057117,0.3477849500368016,0.8213644564698932,1.0,82.03570048199573,58.62351750907894,350.0,0.9999999886223905,0.0011377609480405226,completed,,206,The solver successfully reached the end of the integration interval.
2.6,2.29739670999407,80.63862452079185,0.13928809012737986,0.36214903433118767,0.3477849500368016,0.8492220744953691,1.0,85.54686860376393,61.98423607658158,350.0,0.9999999882682991,0.0011731700942618772,completed,,210,The solver successfully reached the end of the integration interval.
2.8,2.29739670999407,80.63862452079185,0.13928809012737986,0.3900066523566636,0.3477849500368016,0.8770796925208451,1.0,88.418568329488,65.0159905572371,350.0,0.9999999879008515,0.0012099148443667218,completed,,200,The solver successfully reached the end of the integration interval.
2.9968749999999997,2.29739670999407,80.63862452079185,0.13928809012737986,0.4174289951004915,0.3477849500368016,0.9045020352646729,1.0,90.68629752610684,67.69713105248184,350.0,0.9999999875266453,0.001247335472726263,completed,,190,The solver successfully reached the end of the integration interval.
3.0,2.29739670999407,80.63862452079185,0.13928809012737986,0.4178642703821396,0.3477849500368016,0.904937310546321,1.0,90.71822611661963,67.7373863509784,350.0,0.9999999875206095,0.0012479390570661053,completed,,190,The solver successfully reached the end of the integration interval.
3.2,2.29739670999407,80.63862452079185,0.13928809012737986,0.44572188840761556,0.3477849500368016,0.9327949285717969,1.0,92.52576383402219,70.17351381756673,350.0,0.9999999871283012,0.0012871698854723945,completed,,188,The solver successfully reached the end of the integration interval.
3.4000000000000004,2.29739670999407,80.63862452079185,0.13928809012737986,0.47357950643309155,0.3477849500368016,0.9606525465972731,1.0,93.92520204315348,72.3528377999785,350.0,0.9999999867247531,0.0013275246892590076,completed,,195,The solver successfully reached the end of the integration interval.
3.6,2.29739670999407,80.63862452079185,0.13928809012737986,0.5014371244585675,0.3477849500368016,0.988510164622749,1.0,94.99722669942679,74.30469194057163,350.0,0.9999999863108413,0.0013689158658962697,completed,,189,The solver successfully reached the end of the integration interval.
3.8000000000000003,2.29739670999407,80.63862452079185,0.13928809012737986,0.5292947424840435,0.3477849500368016,1.016367782648225,1.0,95.81375617260306,76.05685139111749,350.0,0.9999999858874321,0.0014112567878328264,completed,,187,The solver successfully reached the end of the integration interval.
4.0,2.29739670999407,80.63862452079185,0.13928809012737986,0.5571523605095194,0.3477849500368016,1.0442254006737008,1.0,96.43512341874273,77.63412079185574,350.0,0.9999999854553471,0.0014544652949552983,completed,,183,The solver successfully reached the end of the integration interval.
4.2,2.29739670999407,80.63862452079185,0.13928809012737986,0.5850099785349955,0.3477849500368016,1.072083018699177,1.0,96.90940181856145,79.05774214681755,350.0,0.9999999850153434,0.001498465659096837,completed,,185,The solver successfully reached the end of the integration interval.
4.4,2.29739670999407,80.63862452079185,0.13928809012737986,0.6128675965604714,0.3477849500368016,1.099940636724653,1.0,97.27415028943243,80.3461145944372,350.0,0.9999999845681078,0.0015431892243213952,completed,,184,The solver successfully reached the end of the integration interval.
4.6,2.29739670999407,80.63862452079185,0.13928809012737986,0.6407252145859473,0.3477849500368016,1.1277982547501288,1.0,97.55716893546736,81.51428986232047,350.0,0.999999984114249,0.0015885751054156572,completed,,181,The solver successfully reached the end of the integration interval.
4.800000000000001,2.29739670999407,80.63862452079185,0.13928809012737986,0.6685828326114234,0.3477849500368016,1.1556558727756048,1.0,97.7791007069614,82.57518898670395,350.0,0.9999999836543129,0.0016345687181456015,completed,,182,The solver successfully reached the end of the integration interval.
5.0,2.29739670999407,80.63862452079185,0.13928809012737986,0.6964404506368993,0.3477849500368016,1.1835134908010807,1.0,97.95519010470666,83.53995484759437,350.0,0.9999999831887799,0.001681122012087144,completed,,181,The solver successfully reached the end of the integration interval.
1.0,2.6390158215457893,92.6294553362572,0.12125732532083182,0.12125732532083182,0.302764384160452,0.5452790348021156,1.0,39.83295443088598,26.857118503469557,350.0,0.9999999923693943,0.0007630605687154457,completed,,225,The solver successfully reached the end of the integration interval.
1.2,2.6390158215457893,92.6294553362572,0.12125732532083182,0.14550879038499817,0.302764384160452,0.569530499866282,1.0,47.90450325160238,32.31883841286651,350.0,0.9999999921545496,0.000784545045462437,completed,,221,The solver successfully reached the end of the integration interval.
1.4,2.6390158215457893,92.6294553362572,0.12125732532083182,0.16976025544916454,0.302764384160452,0.5937819649304483,1.0,55.51045651103599,37.581641613722425,350.0,0.999999991931732,0.0008068268070928752,completed,,208,The solver successfully reached the end of the integration interval.
1.6,2.6390158215457893,92.6294553362572,0.12125732532083182,0.19401172051333093,0.302764384160452,0.6180334299946147,1.0,62.54908491379233,42.59979721351641,350.0,0.9999999916996983,0.0008300301706185564,completed,,207,The solver successfully reached the end of the integration interval.
1.8,2.6390158215457893,92.6294553362572,0.12125732532083182,0.21826318557749727,0.302764384160452,0.6422848950587811,1.0,68.93824154091693,47.33415020174309,350.0,0.9999999914574671,0.0008542532887076959,completed,,203,The solver successfully reached the end of the integration interval.
2.0,2.6390158215457893,92.6294553362572,0.12125732532083182,0.24251465064166364,0.302764384160452,0.6665363601229475,1.0,74.61710981192283,51.75276629132345,350.0,0.9999999912043143,0.00087956857169047,completed,,208,The solver successfully reached the end of the integration interval.
2.2,2.6390158215457893,92.6294553362572,0.12125732532083182,0.26676611570583003,0.302764384160452,0.6907878251871138,1.0,79.54890870550129,55.8322339810768,350.0,0.9999999909397642,0.000906023575225845,completed,,208,The solver successfully reached the end of the integration interval.
2.4000000000000004,2.6390158215457893,92.6294553362572,0.12125732532083182,0.2910175807699964,0.302764384160452,0.7150392902512802,1.0,83.72678464128634,59.55989256012746,350.0,0.9999999906635981,0.0009336401853943244,completed,,204,The solver successfully reached the end of the integration interval.
2.6,2.6390158215457893,92.6294553362572,0.12125732532083182,0.31526904583416276,0.302764384160452,0.7392907553154466,1.0,87.17480107755584,62.93500614376995,350.0,0.9999999903758595,0.0009624140511732548,completed,,208,The solver successfully reached the end of the integration interval.
2.8,2.6390158215457893,92.6294553362572,0.12125732532083182,0.3395205108983291,0.302764384160452,0.763542220379613,1.0,89.94688169001822,65.96894423865412,350.0,0.9999999900768377,0.0009923162288032472,completed,,227,The solver successfully reached the end of the integration interval.
2.9968749999999997,2.6390158215457893,92.6294553362572,0.12125732532083182,0.3633930468208678,0.302764384160452,0.7874147563021516,1.0,92.09056922829497,68.64317248903572,350.0,0.9999999897719447,0.0010228055325569585,completed,,196,The solver successfully reached the end of the integration interval.
3.0,2.6390158215457893,92.6294553362572,0.12125732532083182,0.36377197596249544,0.302764384160452,0.7877936854437793,1.0,92.12039184509767,68.68327310162667,350.0,0.9999999897670238,0.001023297620122321,completed,,196,The solver successfully reached the end of the integration interval.
3.2,2.6390158215457893,92.6294553362572,0.12125732532083182,0.38802344102666186,0.302764384160452,0.8120451505079456,1.0,93.78820428748418,71.10782178897621,350.0,0.9999999894470839,0.0010552916064625606,completed,,190,The solver successfully reached the end of the integration interval.
3.4000000000000004,2.6390158215457893,92.6294553362572,0.12125732532083182,0.41227490609082823,0.302764384160452,0.8362966155721121,1.0,95.04556167700696,73.27459477184802,350.0,0.9999999891177521,0.0010882247879635543,completed,,188,The solver successfully reached the end of the integration interval.
3.6,2.6390158215457893,92.6294553362572,0.12125732532083182,0.43652637115499454,0.302764384160452,0.8605480806362784,1.0,95.9824659606868,75.21602709964466,350.0,0.9999999887798114,0.0011220188607694581,completed,,187,The solver successfully reached the end of the integration interval.
3.8000000000000003,2.6390158215457893,92.6294553362572,0.12125732532083182,0.46077783621916096,0.302764384160452,0.8847995457004447,1.0,96.67692239660813,76.96164668390357,350.0,0.999999988434021,0.0011565978929866105,completed,,186,The solver successfully reached the end of the integration interval.
4.0,2.6390158215457893,92.6294553362572,0.12125732532083182,0.4850293012833273,0.302764384160452,0.909051010764611,1.0,97.1920496679126,78.5367766456104,350.0,0.9999999880810958,0.001191890420159325,completed,,189,The solver successfully reached the end of the integration interval.
4.2,2.6390158215457893,92.6294553362572,0.12125732532083182,0.5092807663474936,0.302764384160452,0.9333024758287773,1.0,97.57677031189512,79.9626029428945,350.0,0.9999999877216852,0.001227831482538022,completed,,188,The solver successfully reached the end of the integration interval.
4.4,2.6390158215457893,92.6294553362572,0.12125732532083182,0.5335322314116601,0.302764384160452,0.9575539408929439,1.0,97.86728491068692,81.25638869574324,350.0,0.999999987356369,0.001264363105292432,completed,,190,The solver successfully reached the end of the integration interval.
4.6,2.6390158215457893,92.6294553362572,0.12125732532083182,0.5577836964758264,0.302764384160452,0.9818054059571102,1.0,98.09013182105808,82.43262366503565,350.0,0.9999999869856562,0.001301434385823086,completed,,189,The solver successfully reached the end of the integration interval.
4.800000000000001,2.6390158215457893,92.6294553362572,0.12125732532083182,0.5820351615399928,0.302764384160452,1.0060568710212765,1.0,98.26388216656974,83.50322006197793,350.0,0.9999999866099997,0.001339000038569793,completed,,184,The solver successfully reached the end of the integration interval.
5.0,2.6390158215457893,92.6294553362572,0.12125732532083182,0.6062866266041591,0.302764384160452,1.0303083360854428,1.0,98.40164059957782,84.47836012360933,350.0,0.9999999862297964,0.0013770203659078106,completed,,185,The solver successfully reached the end of the integration interval.
1.0,3.0314331330207964,106.40330296902994,0.10556063286183154,0.10556063286183154,0.26357170517688566,0.47469297090054874,1.0,40.82300262454342,27.325406895393613,350.0,0.9999999936879629,0.000631203714874573,completed,,233,The solver successfully reached the end of the integration interval.
1.2,3.0314331330207964,106.40330296902994,0.10556063286183154,0.12667275943419784,0.26357170517688566,0.495805097472915,1.0,49.07939453805527,32.87590605219674,350.0,0.9999999935142181,0.0006485781923402101,completed,,217,The solver successfully reached the end of the integration interval.
1.4,3.0314331330207964,106.40330296902994,0.10556063286183154,0.14778488600656414,0.26357170517688566,0.5169172240452813,1.0,56.84985637912362,38.222118879887915,350.0,0.9999999933338893,0.0006666110712103546,completed,,215,The solver successfully reached the end of the integration interval.
1.6,3.0314331330207964,106.40330296902994,0.10556063286183154,0.16889701257893047,0.26357170517688566,0.5380293506176477,1.0,64.02490045252418,43.31566688579361,350.0,0.99999999314588,0.0006854120001662523,completed,,209,The solver successfully reached the end of the integration interval.
1.8,3.0314331330207964,106.40330296902994,0.10556063286183154,0.19000913915129677,0.26357170517688566,0.559141477190014,1.0,70.51409229614349,48.11464604487165,350.0,0.9999999929493204,0.0007050679560052231,completed,,208,The solver successfully reached the end of the integration interval.
2.0,3.0314331330207964,106.40330296902994,0.10556063286183154,0.21112126572366308,0.26357170517688566,0.5802536037623802,1.0,76.24932038426873,52.58440317173411,350.0,0.9999999927435455,0.000725645455531776,completed,,210,The solver successfully reached the end of the integration interval.
2.2,3.0314331330207964,106.40330296902994,0.10556063286183154,0.2322333922960294,0.26357170517688566,0.6013657303347466,1.0,81.18861293530335,56.69950995598242,350.0,0.99999999252811,0.0007471889985026792,completed,,209,The solver successfully reached the end of the integration interval.
2.4000000000000004,3.0314331330207964,106.40330296902994,0.10556063286183154,0.25334551886839574,0.26357170517688566,0.622477856907113,1.0,85.32411039776487,60.44671904146642,350.0,0.9999999923028022,0.0007697197725065053,completed,,208,The solver successfully reached the end of the integration interval.
2.6,3.0314331330207964,106.40330296902994,0.10556063286183154,0.274457645440762,0.26357170517688566,0.6435899834794792,1.0,88.68396555635775,63.82646439882248,350.0,0.9999999920676477,0.0007932352309580892,completed,,205,The solver successfully reached the end of the integration interval.
2.8,3.0314331330207964,106.40330296902994,0.10556063286183154,0.2955697720131283,0.26357170517688566,0.6647021100518455,1.0,91.33137031870625,66.85317007913265,350.0,0.9999999918229042,0.0008177095733117312,completed,,214,The solver successfully reached the end of the integration interval.
2.9968749999999997,3.0314331330207964,106.40330296902994,0.10556063286183154,0.31635202160780135,0.26357170517688566,0.6854843596465185,1.0,93.32980196151146,69.51319387783987,350.0,0.9999999915730594,0.0008426940621575341,completed,,197,The solver successfully reached the end of the integration interval.
3.0,3.0314331330207964,106.40330296902994,0.10556063286183154,0.3166818985854946,0.26357170517688566,0.6858142366242118,1.0,93.35721092451081,69.55303622348156,350.0,0.9999999915690253,0.0008430974703514948,completed,,197,The solver successfully reached the end of the integration interval.
3.2,3.0314331330207964,106.40330296902994,0.10556063286183154,0.33779402515786094,0.26357170517688566,0.7069263631965781,1.0,94.86828152703,71.96043675474361,350.0,0.9999999913066144,0.0008693385607330129,completed,,198,The solver successfully reached the end of the integration interval.
3.4000000000000004,3.0314331330207964,106.40330296902994,0.10556063286183154,0.3589061517302273,0.26357170517688566,0.7280384897689445,1.0,95.97323163295364,74.11230126635651,350.0,0.9999999910363494,0.0008963650616351515,completed,,193,The solver successfully reached the end of the integration interval.
3.6,3.0314331330207964,106.40330296902994,0.10556063286183154,0.38001827830259355,0.26357170517688566,0.7491506163413107,1.0,96.77096479086221,76.0434496061286,350.0,0.9999999907589232,0.0009241076768375933,completed,,191,The solver successfully reached the end of the integration interval.
3.8000000000000003,3.0314331330207964,106.40330296902994,0.10556063286183154,0.4011304048749599,0.26357170517688566,0.7702627429136771,1.0,97.34467053413512,77.78484376558336,350.0,0.9999999904750119,0.0009524988126941025,completed,,190,The solver successfully reached the end of the integration interval.
4.0,3.0314331330207964,106.40330296902994,0.10556063286183154,0.42224253144732615,0.26357170517688566,0.7913748694860433,1.0,97.75909540223694,79.36175868511928,350.0,0.9999999901852324,0.0009814767545321956,completed,,188,The solver successfully reached the end of the integration interval.
4.2,3.0314331330207964,106.40330296902994,0.10556063286183154,0.4433546580196925,0.26357170517688566,0.8124869960584097,1.0,98.06221558204795,80.7943910893602,350.0,0.9999999898901368,0.0010109863214893267,completed,,190,The solver successfully reached the end of the integration interval.
4.4,3.0314331330207964,106.40330296902994,0.10556063286183154,0.4644667845920588,0.26357170517688566,0.8335991226307761,1.0,98.28786383690503,82.09854413315077,350.0,0.999999989590212,0.0010409788083052263,completed,,195,The solver successfully reached the end of the integration interval.
4.6,3.0314331330207964,106.40330296902994,0.10556063286183154,0.48557891116442503,0.26357170517688566,0.8547112492031422,1.0,98.45983550296339,83.2873109348471,350.0,0.9999999892858819,0.001071411810698919,completed,,195,The solver successfully reached the end of the integration interval.
4.800000000000001,3.0314331330207964,106.40330296902994,0.10556063286183154,0.5066910377367915,0.26357170517688566,0.8758233757755086,1.0,98.59405036734405,84.37133556234406,350.0,0.9999999889775167,0.0011022483231499791,completed,,189,The solver successfully reached the end of the integration interval.
5.0,3.0314331330207964,106.40330296902994,0.10556063286183154,0.5278031643091576,0.26357170517688566,0.8969355023478748,1.0,98.70133923383747,85.35985892801686,350.0,0.9999999886654457,0.00113345542922616,completed,,188,The solver successfully reached the end of the integration interval.
1.0,3.4822022531844974,122.22529908677583,0.09189586839976278,0.09189586839976278,0.2294524964106577,0.4132442332101833,1.0,41.80832557268638,27.786011892305325,350.0,0.9999999947561452,0.0005243854830041528,completed,,227,The solver successfully reached the end of the integration interval.
1.2,3.4822022531844974,122.22529908677583,0.09189586839976278,0.11027504207971534,0.2294524964106577,0.4316234068901358,1.0,50.245005828268404,33.42226975419406,350.0,0.9999999946150018,0.0005384998221416026,completed,,215,The solver successfully reached the end of the integration interval.
1.4,3.4822022531844974,122.22529908677583,0.09189586839976278,0.1286542157596679,0.2294524964106577,0.45000258057008835,1.0,58.173995881483265,38.84842075813747,350.0,0.999999994468378,0.000553162200958468,completed,,223,The solver successfully reached the end of the integration interval.
1.6,3.4822022531844974,122.22529908677583,0.09189586839976278,0.14703338943962047,0.2294524964106577,0.4683817542500409,1.0,65.47651373419012,44.012813118835645,350.0,0.9999999943153035,0.0005684696516254917,completed,,211,The solver successfully reached the end of the integration interval.
1.8,3.4822022531844974,122.22529908677583,0.09189586839976278,0.165412563119573,0.2294524964106577,0.4867609279299935,1.0,72.05371900558679,48.87078080727266,350.0,0.9999999941550038,0.000584499619435519,completed,,208,The solver successfully reached the end of the integration interval.
2.0,3.4822022531844974,122.22529908677583,0.09189586839976278,0.18379173679952557,0.2294524964106577,0.505140101609946,1.0,77.8291222785528,53.38480749603236,350.0,0.999999993986871,0.000601312902290374,completed,,208,The solver successfully reached the end of the integration interval.
2.2,3.4822022531844974,122.22529908677583,0.09189586839976278,0.20217091047947813,0.2294524964106577,0.5235192752898986,1.0,82.7565457981075,57.527636840053596,350.0,0.9999999938104897,0.0006189510313561186,completed,,211,The solver successfully reached the end of the integration interval.
2.4000000000000004,3.4822022531844974,122.22529908677583,0.09189586839976278,0.22055008415943073,0.2294524964106577,0.5418984489698512,1.0,86.82657547534366,61.28547647583967,350.0,0.9999999936256584,0.000637434161035344,completed,,211,The solver successfully reached the end of the integration interval.
2.6,3.4822022531844974,122.22529908677583,0.09189586839976278,0.23892925783938324,0.2294524964106577,0.5602776226498037,1.0,90.07380062731879,64.66085974074926,350.0,0.9999999934323988,0.0006567601230926812,completed,,208,The solver successfully reached the end of the integration interval.
2.8,3.4822022531844974,122.22529908677583,0.09189586839976278,0.2573084315193358,0.2294524964106577,0.5786567963297563,1.0,92.57363729301757,67.67242806526158,350.0,0.9999999932309521,0.0006769047904526815,completed,,208,The solver successfully reached the end of the integration interval.
2.9968749999999997,3.4822022531844974,122.22529908677583,0.09189586839976278,0.2754004306105391,0.2294524964106577,0.5967487954209596,1.0,94.40859863935835,70.31270753829119,350.0,0.9999999930250715,0.0006974928546696901,completed,,214,The solver successfully reached the end of the integration interval.
3.0,3.4822022531844974,122.22529908677583,0.09189586839976278,0.27568760519928837,0.2294524964106577,0.5970359700097089,1.0,94.43335255340214,70.35222413464143,350.0,0.9999999930217449,0.0006978255114518106,completed,,214,The solver successfully reached the end of the integration interval.
3.2,3.4822022531844974,122.22529908677583,0.09189586839976278,0.29406677887924093,0.2294524964106577,0.6154151436896614,1.0,95.77607752276577,72.73989148449904,350.0,0.9999999928053344,0.0007194665668066591,completed,,199,The solver successfully reached the end of the integration interval.
3.4000000000000004,3.4822022531844974,122.22529908677583,0.09189586839976278,0.3124459525591935,0.2294524964106577,0.633794317369614,1.0,96.7242952712589,74.87710222085747,350.0,0.999999992582348,0.0007417652086587623,completed,,199,The solver successfully reached the end of the integration interval.
3.6,3.4822022531844974,122.22529908677583,0.09189586839976278,0.330825126239146,0.2294524964106577,0.6521734910495665,1.0,97.38583577299592,76.80159977970628,350.0,0.9999999923534163,0.0007646583690075204,completed,,194,The solver successfully reached the end of the integration interval.
3.8000000000000003,3.4822022531844974,122.22529908677583,0.09189586839976278,0.3492042999190986,0.2294524964106577,0.6705526647295191,1.0,97.84679639055402,78.5441680232397,350.0,0.9999999921191265,0.0007880873454269022,completed,,194,The solver successfully reached the end of the integration interval.
4.0,3.4822022531844974,122.22529908677583,0.09189586839976278,0.36758347359905114,0.2294524964106577,0.6889318384094716,1.0,98.17164104545265,80.12928398587307,350.0,0.9999999918800127,0.0008119987323880196,completed,,192,The solver successfully reached the end of the integration interval.
4.2,3.4822022531844974,122.22529908677583,0.09189586839976278,0.3859626472790037,0.2294524964106577,0.7073110120894242,1.0,98.40551931793202,81.57527687146542,350.0,0.9999999916365404,0.0008363459637621418,completed,,191,The solver successfully reached the end of the integration interval.
4.4,3.4822022531844974,122.22529908677583,0.09189586839976278,0.40434182095895627,0.2294524964106577,0.7256901857693767,1.0,98.57875970641517,82.8960338391504,350.0,0.9999999913891121,0.0008610887889517471,completed,,189,The solver successfully reached the end of the integration interval.
4.6,3.4822022531844974,122.22529908677583,0.09189586839976278,0.4227209946389088,0.2294524964106577,0.7440693594493293,1.0,98.71137231902827,84.10259991177017,350.0,0.9999999911380761,0.0008861923852236941,completed,,185,The solver successfully reached the end of the integration interval.
4.800000000000001,3.4822022531844974,122.22529908677583,0.09189586839976278,0.44110016831886145,0.2294524964106577,0.762448533129282,1.0,98.81624491868095,85.20428935717565,350.0,0.9999999908837364,0.000911626368178986,completed,,196,The solver successfully reached the end of the integration interval.
5.0,3.4822022531844974,122.22529908677583,0.09189586839976278,0.4594793419988139,0.2294524964106577,0.7808277068092344,1.0,98.90171262246899,86.20932590846537,350.0,0.9999999906263559,0.0009373644134029746,completed,,192,The solver successfully reached the end of the integration interval.
1.0,4.0,140.39999999999998,0.08,0.08,0.19975,0.35975,1.0,42.78957088708094,28.239587870681927,350.0,0.9999999956256703,0.00043743297283072025,completed,,231,The solver successfully reached the end of the integration interval.
1.2,4.0,140.39999999999998,0.08,0.096,0.19975,0.37575000000000003,1.0,51.40166401821051,33.958469845313275,350.0,0.9999999955105107,0.00044894893653690815,completed,,222,The solver successfully reached the end of the integration interval.
1.4,4.0,140.39999999999998,0.08,0.11199999999999999,0.19975,0.39175000000000004,1.0,59.482414754007486,39.46073762167893,350.0,0.9999999953907526,0.00046092474076431245,completed,,212,The solver successfully reached the end of the integration interval.
1.6,4.0,140.39999999999998,0.08,0.128,0.19975,0.40775000000000006,1.0,66.90381200563516,44.691822468011736,350.0,0.99999999526554,0.00047344600898213685,completed,,215,The solver successfully reached the end of the integration interval.
1.8,4.0,140.39999999999998,0.08,0.14400000000000002,0.19975,0.42375000000000007,1.0,73.55683758514505,49.603341116324195,350.0,0.9999999951341719,0.00048658280866220593,completed,,211,The solver successfully reached the end of the integration interval.
2.0,4.0,140.39999999999998,0.08,0.16,0.19975,0.43975,1.0,79.35653338822652,54.15492703456678,350.0,0.9999999949960984,0.0005003901605959982,completed,,208,The solver successfully reached the end of the integration interval.
2.2,4.0,140.39999999999998,0.08,0.17600000000000002,0.19975,0.45575,1.0,84.25161287521432,58.317614126560045,350.0,0.9999999948509326,0.0005149067437741905,completed,,214,The solver successfully reached the end of the integration interval.
2.4000000000000004,4.0,140.39999999999998,0.08,0.19200000000000003,0.19975,0.47175,1.0,88.23313818124741,62.07762072966473,350.0,0.9999999946984889,0.0005301511118886992,completed,,215,The solver successfully reached the end of the integration interval.
2.6,4.0,140.39999999999998,0.08,0.20800000000000002,0.19975,0.48775,1.0,91.3441457761875,65.44048261454888,350.0,0.9999999945387926,0.0005461207329062745,completed,,211,The solver successfully reached the end of the integration interval.
2.8,4.0,140.39999999999998,0.08,0.22399999999999998,0.19975,0.50375,1.0,93.67579801759838,68.43045995299121,350.0,0.9999999943720769,0.0005627923092106357,completed,,211,The solver successfully reached the end of the integration interval.
2.9968749999999997,4.0,140.39999999999998,0.08,0.23975,0.19975,0.5195,1.0,95.3330046924113,71.0473059596931,350.0,0.999999994201509,0.0005798491038149223,completed,,209,The solver successfully reached the end of the integration interval.
3.0,4.0,140.39999999999998,0.08,0.24,0.19975,0.51975,1.0,95.35495235422566,71.08647563771503,350.0,0.9999999941987525,0.000580124746193178,completed,,209,The solver successfully reached the end of the integration interval.
3.2,4.0,140.39999999999998,0.08,0.256,0.19975,0.5357500000000001,1.0,96.52398207509871,73.45504484600218,350.0,0.9999999940193492,0.0005980650748824701,completed,,223,The solver successfully reached the end of the integration interval.
3.4000000000000004,4.0,140.39999999999998,0.08,0.272,0.19975,0.5517500000000001,1.0,97.31827881953886,75.58144223219313,350.0,0.9999999938344405,0.000616555946180597,completed,,207,The solver successfully reached the end of the integration interval.
3.6,4.0,140.39999999999998,0.08,0.28800000000000003,0.19975,0.5677500000000001,1.0,97.85266325446936,77.50516885026886,350.0,0.9999999936445986,0.0006355401419568807,completed,,201,The solver successfully reached the end of the integration interval.
3.8000000000000003,4.0,140.39999999999998,0.08,0.30400000000000005,0.19975,0.5837500000000001,1.0,98.21453725342883,79.25686170062001,350.0,0.9999999934503431,0.0006549656973220408,completed,,197,The solver successfully reached the end of the integration interval.
4.0,4.0,140.39999999999998,0.08,0.32,0.19975,0.59975,1.0,98.46483304944175,80.8581057101573,350.0,0.999999993252122,0.0006747878069290891,completed,,196,The solver successfully reached the end of the integration interval.
4.2,4.0,140.39999999999998,0.08,0.336,0.19975,0.61575,1.0,98.64420153505414,82.3247384970436,350.0,0.9999999930503243,0.0006949675735086203,completed,,195,The solver successfully reached the end of the integration interval.
4.4,4.0,140.39999999999998,0.08,0.35200000000000004,0.19975,0.63175,1.0,98.77839604199772,83.66822869158874,350.0,0.9999999928452786,0.0007154721388360485,completed,,193,The solver successfully reached the end of the integration interval.
4.6,4.0,140.39999999999998,0.08,0.368,0.19975,0.64775,1.0,98.88329109809038,84.89758181377852,350.0,0.999999992637266,0.000736273403163068,completed,,191,The solver successfully reached the end of the integration interval.
4.800000000000001,4.0,140.39999999999998,0.08,0.38400000000000006,0.19975,0.6637500000000001,1.0,98.96848137646458,86.02051511321622,350.0,0.9999999924265308,0.000757346919272095,completed,,190,The solver successfully reached the end of the integration interval.
5.0,4.0,140.39999999999998,0.08,0.4,0.19975,0.6797500000000001,1.0,99.04005202589337,87.04433816467278,350.0,0.9999999922132886,0.0007786711357766762,completed,,186,The solver successfully reached the end of the integration interval.
